taxi_id,time,lon,lat
2054,2008-02-02 13:40:12,116.31953,39.88885
2054,2008-02-02 13:45:12,116.33578,39.87892
2054,2008-02-02 13:50:12,116.33589,39.87668
2054,2008-02-02 13:50:12,116.33589,39.87668
2054,2008-02-02 13:55:12,116.33028,39.88843
2054,2008-02-02 14:00:12,116.34375,39.87616
2054,2008-02-02 14:05:12,116.35794,39.87208
2054,2008-02-02 14:10:12,116.3583,39.86171
2054,2008-02-02 14:15:12,116.39231,39.85582
2054,2008-02-02 14:20:12,116.40822,39.85057
2054,2008-02-02 14:30:12,116.40059,39.8371
2054,2008-02-02 14:41:03,116.37337,39.83285
2054,2008-02-02 14:46:02,116.37337,39.83285
2054,2008-02-02 14:51:02,116.37337,39.83285
2054,2008-02-02 14:56:02,116.37337,39.83285
2054,2008-02-02 15:01:02,116.37338,39.83284
2054,2008-02-02 15:04:52,116.37338,39.83284
2054,2008-02-02 15:06:03,116.37332,39.83263
2054,2008-02-02 15:11:02,116.37335,39.83275
2054,2008-02-02 15:16:02,116.37337,39.83286
2054,2008-02-02 15:21:02,116.3729,39.8343
2054,2008-02-02 15:26:02,116.37078,39.8454
2054,2008-02-02 15:31:02,116.37089,39.84498
2054,2008-02-02 15:36:02,116.37068,39.84542
2054,2008-02-02 15:46:02,116.37062,39.84521
2054,2008-02-02 15:51:02,116.37062,39.84523
2054,2008-02-02 15:51:02,116.37062,39.84523
2054,2008-02-02 15:56:02,116.37059,39.84534
2054,2008-02-02 16:01:02,116.37068,39.84514
2054,2008-02-02 16:06:02,116.37062,39.84536
2054,2008-02-02 16:21:02,116.37073,39.84511
2054,2008-02-02 16:26:02,116.3707,39.84519
2054,2008-02-02 16:41:02,116.37066,39.84531
2054,2008-02-02 16:46:02,116.37062,39.84496
2054,2008-02-02 16:51:02,116.37064,39.84491
2054,2008-02-02 16:56:02,116.37063,39.84513
2054,2008-02-02 17:01:02,116.37065,39.84515
2054,2008-02-02 17:06:02,116.37065,39.84517
2054,2008-02-02 17:11:02,116.37065,39.84518
2054,2008-02-02 17:16:02,116.37065,39.84518
2054,2008-02-02 17:21:02,116.37084,39.8455
2054,2008-02-02 17:25:46,116.37086,39.84556
2054,2008-02-02 17:31:02,116.37039,39.84485
2054,2008-02-02 17:36:02,116.37051,39.84494
2054,2008-02-02 17:41:02,116.37053,39.84497
2054,2008-02-02 17:46:02,116.37057,39.84505
2054,2008-02-02 17:51:02,116.37059,39.8451
2054,2008-02-02 17:56:02,116.3708,39.8455
2054,2008-02-02 18:01:02,116.37052,39.84507
2054,2008-02-02 18:06:02,116.3706,39.84522
2054,2008-02-02 18:11:02,116.37065,39.84528
2054,2008-02-02 18:16:02,116.37068,39.84533
2054,2008-02-02 18:16:02,116.37068,39.84533
2054,2008-02-02 18:21:02,116.37068,39.84531
2054,2008-02-02 18:26:02,116.37056,39.84492
2054,2008-02-02 18:31:02,116.37059,39.84525
2054,2008-02-02 18:36:02,116.37061,39.84523
2054,2008-02-02 18:41:02,116.37064,39.84505
2054,2008-02-02 18:46:02,116.37043,39.84883
2054,2008-02-02 18:51:02,116.37048,39.85455
2054,2008-02-02 18:56:02,116.39336,39.85551
2054,2008-02-02 19:01:02,116.40232,39.85581
2054,2008-02-02 19:06:01,116.35737,39.85324
2054,2008-02-02 19:11:01,116.33494,39.86115
2054,2008-02-02 19:16:01,116.3312,39.87359
2054,2008-02-02 19:21:01,116.32984,39.88707
2054,2008-02-02 19:26:01,116.34403,39.8867
2054,2008-02-02 19:42:07,116.35068,39.89847
2054,2008-02-02 19:42:07,116.35068,39.89847
2054,2008-02-02 19:47:07,116.35053,39.90443
2054,2008-02-02 19:53:23,116.35105,39.91287
2054,2008-02-02 19:58:22,116.35039,39.91949
2054,2008-02-02 20:03:22,116.3499,39.92857
2054,2008-02-02 20:08:22,116.34884,39.9601
2054,2008-02-02 20:13:22,116.35704,39.97525
2054,2008-02-02 20:18:22,116.35947,39.96849
2054,2008-02-02 20:23:22,116.3517,39.97186
2054,2008-02-02 20:28:22,116.3483,39.97416
2054,2008-02-02 20:33:22,116.34957,39.98538
2054,2008-02-02 20:38:22,116.36481,39.986
2054,2008-02-02 20:43:22,116.3975,39.98684
2054,2008-02-02 20:48:22,116.40122,39.98972
2054,2008-02-02 20:58:22,116.39881,39.98871
2054,2008-02-02 21:03:22,116.4014,39.98797
2054,2008-02-02 21:08:22,116.40159,39.96187
2054,2008-02-02 21:13:22,116.40687,39.94759
2054,2008-02-02 21:18:22,116.42795,39.92885
2054,2008-02-02 21:23:22,116.43424,39.92219
2054,2008-02-02 21:28:22,116.43473,39.92399
2054,2008-02-02 21:33:22,116.44069,39.92464
2054,2008-02-02 21:38:22,116.4401,39.92496
2054,2008-02-02 21:43:22,116.43182,39.92312
2054,2008-02-02 21:53:22,116.42582,39.9108
2054,2008-02-02 21:58:21,116.4187,39.90735
2054,2008-02-02 21:58:21,116.4187,39.90735
2054,2008-02-02 22:03:21,116.40965,39.90685
2054,2008-02-02 22:08:21,116.4015,39.90661
2054,2008-02-02 22:13:21,116.38496,39.9061
2054,2008-02-02 22:18:21,116.37865,39.90589
2054,2008-02-02 22:24:35,116.35031,39.90598
2054,2008-02-02 22:32:36,116.34011,39.89102
2054,2008-02-02 22:32:36,116.34011,39.89102
2054,2008-02-02 22:37:35,116.35601,39.8979
2054,2008-02-02 22:42:35,116.35984,39.90789
2054,2008-02-02 22:47:35,116.35064,39.90941
2054,2008-02-02 22:52:35,116.34987,39.93098
2054,2008-02-02 22:57:35,116.3733,39.95084
2054,2008-02-02 23:02:35,116.38586,39.9865
2054,2008-02-02 23:07:35,116.40686,39.98967
2054,2008-02-02 23:12:35,116.40004,39.98738
2054,2008-02-02 23:17:35,116.40107,39.96851
2054,2008-02-02 23:22:35,116.43472,39.96523
2054,2008-02-02 23:32:35,116.48457,39.95703
2054,2008-02-02 23:37:35,116.50041,39.95815
2054,2008-02-02 23:47:35,116.48372,39.97078
2054,2008-02-02 23:57:35,116.45273,39.9536
2054,2008-02-03 00:02:34,116.39667,39.9674
2054,2008-02-03 00:12:34,116.36945,39.9661
2054,2008-02-03 00:17:34,116.37832,39.98101
2054,2008-02-03 00:22:34,116.37481,39.97364
2054,2008-02-03 00:27:34,116.37342,39.94383
2054,2008-02-03 00:32:34,116.37135,39.92631
2054,2008-02-03 00:37:34,116.37606,39.90855
2054,2008-02-03 00:42:34,116.37789,39.90066
2054,2008-02-03 00:42:34,116.37789,39.90066
2054,2008-02-03 00:57:34,116.37742,39.8623
2054,2008-02-03 01:02:34,116.37854,39.86227
2054,2008-02-03 01:07:34,116.38079,39.84851
2054,2008-02-03 01:12:34,116.37089,39.84488
2054,2008-02-03 01:22:34,116.37093,39.8449
2054,2008-02-03 01:27:34,116.37131,39.84476
2054,2008-02-03 01:32:34,116.37106,39.84486
2054,2008-02-03 01:37:34,116.37113,39.84501
2054,2008-02-03 01:42:34,116.37008,39.84535
2054,2008-02-03 01:47:29,116.37019,39.84526
2054,2008-02-03 01:52:34,116.37083,39.84502
2054,2008-02-03 01:57:34,116.37085,39.84505
2054,2008-02-03 02:02:34,116.37099,39.84524
2054,2008-02-03 02:17:34,116.37183,39.84531
2054,2008-02-03 02:22:34,116.37094,39.84475
2054,2008-02-03 02:32:34,116.37093,39.84519
2054,2008-02-03 02:37:34,116.37083,39.84512
2054,2008-02-03 02:42:34,116.37083,39.84512
2054,2008-02-03 02:47:34,116.37082,39.84512
2054,2008-02-03 02:52:34,116.3708,39.84512
2054,2008-02-03 02:57:34,116.3708,39.84512
2054,2008-02-03 03:02:34,116.3708,39.84512
2054,2008-02-03 03:07:34,116.37079,39.84512
2054,2008-02-03 03:07:34,116.37079,39.84512
2054,2008-02-03 03:12:34,116.37079,39.84511
2054,2008-02-03 03:17:34,116.37079,39.84511
2054,2008-02-03 03:22:34,116.37076,39.8451
2054,2008-02-03 03:27:34,116.37076,39.84509
2054,2008-02-03 03:32:34,116.37076,39.84509
2054,2008-02-03 03:42:34,116.37077,39.84508
2054,2008-02-03 03:52:34,116.3708,39.84501
2054,2008-02-03 03:57:34,116.37094,39.84495
2054,2008-02-03 04:12:34,116.3712,39.84502
2054,2008-02-03 04:17:34,116.37114,39.84495
2054,2008-02-03 04:22:34,116.37209,39.84466
2054,2008-02-03 04:32:33,116.36931,39.84556
2054,2008-02-03 04:37:33,116.37079,39.84506
2054,2008-02-03 04:42:33,116.37065,39.84506
2054,2008-02-03 04:47:33,116.37099,39.84458
2054,2008-02-03 04:52:33,116.3716,39.8446
2054,2008-02-03 04:57:33,116.37173,39.84441
2054,2008-02-03 05:07:33,116.37081,39.84492
2054,2008-02-03 05:12:33,116.37106,39.84507
2054,2008-02-03 05:17:33,116.37092,39.84502
2054,2008-02-03 05:22:33,116.37093,39.84501
2054,2008-02-03 05:27:33,116.37092,39.84502
2054,2008-02-03 05:32:33,116.37092,39.84502
2054,2008-02-03 05:32:33,116.37092,39.84502
2054,2008-02-03 05:37:33,116.37093,39.84502
2054,2008-02-03 05:42:33,116.37088,39.84491
2054,2008-02-03 05:47:33,116.37196,39.84434
2054,2008-02-03 05:52:33,116.37117,39.84487
2054,2008-02-03 05:57:33,116.37093,39.84483
2054,2008-02-03 06:02:33,116.37098,39.84484
2054,2008-02-03 06:07:29,116.37098,39.84486
2054,2008-02-03 06:12:33,116.37107,39.84493
2054,2008-02-03 06:17:33,116.37096,39.84495
2054,2008-02-03 06:22:33,116.37093,39.84496
2054,2008-02-03 06:27:33,116.3709,39.84498
2054,2008-02-03 06:32:33,116.37089,39.84498
2054,2008-02-03 06:37:33,116.37087,39.84499
2054,2008-02-03 06:42:33,116.37037,39.8453
2054,2008-02-03 06:47:29,116.37104,39.84497
2054,2008-02-03 06:52:11,116.37104,39.84497
2054,2008-02-03 06:57:20,116.3713,39.84458
2054,2008-02-03 07:02:33,116.37376,39.84247
2054,2008-02-03 07:07:33,116.37094,39.84485
2054,2008-02-03 07:12:25,116.3712,39.84487
2054,2008-02-03 07:17:33,116.37118,39.8449
2054,2008-02-03 07:22:29,116.37122,39.84488
2054,2008-02-03 07:27:15,116.37097,39.84506
2054,2008-02-03 07:32:33,116.37078,39.84522
2054,2008-02-03 07:37:33,116.37021,39.84547
2054,2008-02-03 07:42:33,116.3701,39.8455
2054,2008-02-03 07:47:33,116.36984,39.84581
2054,2008-02-03 07:52:33,116.37116,39.84453
2054,2008-02-03 07:57:33,116.37026,39.84531
2054,2008-02-03 07:57:33,116.37026,39.84531
2054,2008-02-03 08:02:33,116.37038,39.84526
2054,2008-02-03 08:02:33,116.37038,39.84526
2054,2008-02-03 08:07:33,116.37042,39.84527
2054,2008-02-03 08:12:33,116.37046,39.84526
2054,2008-02-03 08:27:33,116.371,39.84493
2054,2008-02-03 08:37:33,116.3706,39.84519
2054,2008-02-03 08:42:33,116.37057,39.8452
2054,2008-02-03 08:47:33,116.37024,39.84536
2054,2008-02-03 08:57:32,116.3702,39.84535
2054,2008-02-03 09:02:33,116.37072,39.84501
2054,2008-02-03 09:07:32,116.3706,39.84508
2054,2008-02-03 09:22:32,116.37071,39.85378
2054,2008-02-03 09:27:32,116.40748,39.8555
2054,2008-02-03 09:37:32,116.39642,39.86246
2054,2008-02-03 09:42:32,116.41294,39.86071
2054,2008-02-03 09:47:32,116.40426,39.85584
2054,2008-02-03 09:52:32,116.404,39.86365
2054,2008-02-03 09:57:32,116.42138,39.86951
2054,2008-02-03 10:02:32,116.42451,39.86704
2054,2008-02-03 10:07:32,116.40784,39.85902
2054,2008-02-03 10:12:32,116.38118,39.85592
2054,2008-02-03 10:17:32,116.37353,39.8471
2054,2008-02-03 10:22:32,116.37034,39.84898
2054,2008-02-03 10:27:32,116.36858,39.86664
2054,2008-02-03 10:27:32,116.36858,39.86664
2054,2008-02-03 10:32:32,116.36832,39.87678
2054,2008-02-03 10:37:32,116.36797,39.88558
2054,2008-02-03 10:42:32,116.36845,39.89553
2054,2008-02-03 10:47:32,116.36873,39.89676
2054,2008-02-03 10:52:32,116.36782,39.90351
2054,2008-02-03 10:57:32,116.37388,39.90438
2054,2008-02-03 11:02:32,116.37792,39.89773
2054,2008-02-03 11:07:32,116.37354,39.89145
2054,2008-02-03 11:12:32,116.37121,39.89289
2054,2008-02-03 11:17:31,116.37075,39.89208
2054,2008-02-03 11:22:32,116.37019,39.89242
2054,2008-02-03 11:27:32,116.36811,39.89366
2054,2008-02-03 11:32:32,116.35269,39.8882
2054,2008-02-03 11:42:32,116.33576,39.87651
2054,2008-02-03 11:52:32,116.3413,39.85837
2054,2008-02-03 11:57:32,116.36496,39.85367
2054,2008-02-03 12:02:32,116.3651,39.85008
2054,2008-02-03 12:12:32,116.38092,39.84781
2054,2008-02-03 12:22:32,116.3669,39.843
2054,2008-02-03 12:34:16,116.38091,39.84779
2054,2008-02-03 12:39:15,116.36697,39.84302
2054,2008-02-03 12:44:15,116.36697,39.84302
2054,2008-02-03 12:59:15,116.37031,39.84593
2054,2008-02-03 13:04:15,116.37075,39.85178
2054,2008-02-03 13:09:15,116.36547,39.85573
2054,2008-02-03 13:14:15,116.36772,39.86893
2054,2008-02-03 13:19:15,116.36864,39.88562
2054,2008-02-03 13:24:15,116.36836,39.89496
2054,2008-02-03 13:29:14,116.36655,39.90252
2054,2008-02-03 13:34:14,116.35735,39.90492
2054,2008-02-03 13:48:09,116.35691,39.90865
2054,2008-02-03 13:53:09,116.35734,39.91145
2054,2008-02-03 13:58:08,116.35873,39.92218
2054,2008-02-03 14:03:08,116.34726,39.92453
2054,2008-02-03 14:08:08,116.32735,39.93278
2054,2008-02-03 14:13:08,116.32745,39.93152
2054,2008-02-03 14:18:08,116.33777,39.92692
2054,2008-02-03 14:23:08,116.34938,39.92193
2054,2008-02-03 14:28:08,116.35029,39.91616
2054,2008-02-03 14:42:56,116.31913,39.89595
2054,2008-02-03 14:47:55,116.31507,39.90275
2054,2008-02-03 14:52:55,116.3458,39.90577
2054,2008-02-03 14:57:55,116.34669,39.89726
2054,2008-02-03 15:02:55,116.34164,39.88756
2054,2008-02-03 15:02:55,116.34164,39.88756
2054,2008-02-03 15:06:45,116.34112,39.85663
2054,2008-02-03 15:07:56,116.33992,39.84709
2054,2008-02-03 15:12:56,116.33463,39.8224
2054,2008-02-03 15:22:55,116.35293,39.84042
2054,2008-02-03 15:27:55,116.36449,39.83912
2054,2008-02-03 15:32:55,116.37328,39.83277
2054,2008-02-03 15:37:55,116.37333,39.83273
2054,2008-02-03 15:42:55,116.37332,39.83273
2054,2008-02-03 15:47:55,116.37331,39.83274
2054,2008-02-03 15:52:55,116.37331,39.83275
2054,2008-02-03 15:57:55,116.37332,39.83276
2054,2008-02-03 16:02:55,116.37287,39.83473
2054,2008-02-03 16:07:55,116.37047,39.84878
2054,2008-02-03 16:17:55,116.39431,39.86036
2054,2008-02-03 16:22:55,116.39447,39.86036
2054,2008-02-03 16:27:55,116.39446,39.86037
2054,2008-02-03 16:42:34,116.3789,39.88483
2054,2008-02-03 16:47:34,116.3786,39.88693
2054,2008-02-03 17:02:45,116.37736,39.90381
2054,2008-02-03 17:07:45,116.38539,39.91055
2054,2008-02-03 17:12:45,116.38944,39.92692
2054,2008-02-03 17:17:45,116.40054,39.93194
2054,2008-02-03 17:27:44,116.40532,39.96738
2054,2008-02-03 17:32:44,116.41192,39.97961
2054,2008-02-03 17:32:44,116.41192,39.97961
2054,2008-02-03 17:37:44,116.41122,39.98144
2054,2008-02-03 17:42:44,116.41849,39.96999
2054,2008-02-03 17:47:44,116.41886,39.95469
2054,2008-02-03 17:52:44,116.41894,39.94906
2054,2008-02-03 17:57:44,116.41952,39.93993
2054,2008-02-03 18:02:44,116.41995,39.92676
2054,2008-02-03 18:15:10,116.4117,39.90612
2054,2008-02-03 18:20:09,116.40138,39.89944
2054,2008-02-03 18:35:09,116.39256,39.88124
2054,2008-02-03 18:40:09,116.39315,39.86475
2054,2008-02-03 18:45:09,116.40124,39.85786
2054,2008-02-03 18:50:09,116.4019,39.85754
2054,2008-02-03 18:50:09,116.4019,39.85754
2054,2008-02-03 18:55:09,116.40191,39.85756
2054,2008-02-03 19:00:09,116.40192,39.85763
2054,2008-02-03 19:05:09,116.4019,39.8577
2054,2008-02-03 19:10:09,116.40185,39.85777
2054,2008-02-03 19:14:52,116.40185,39.85777
2054,2008-02-03 19:19:34,116.40185,39.85777
2054,2008-02-03 19:24:16,116.40185,39.85777
2054,2008-02-03 19:28:59,116.40185,39.85777
2054,2008-02-03 19:33:41,116.40185,39.85777
2054,2008-02-03 19:33:41,116.40185,39.85777
2054,2008-02-03 19:38:23,116.40185,39.85777
2054,2008-02-03 19:38:23,116.40185,39.85777
2054,2008-02-03 19:59:29,116.42063,39.90527
2054,2008-02-03 20:04:29,116.42063,39.90527
2054,2008-02-03 20:09:29,116.42063,39.90527
2054,2008-02-03 20:14:29,116.42063,39.90527
2054,2008-02-03 20:19:29,116.42063,39.90527
2054,2008-02-03 20:24:29,116.40124,39.8577
2054,2008-02-03 20:29:28,116.40121,39.85772
2054,2008-02-03 20:34:29,116.4014,39.85767
2054,2008-02-03 20:39:29,116.40138,39.85769
2054,2008-02-03 20:44:29,116.40137,39.85769
2054,2008-02-03 20:49:29,116.40138,39.85768
2054,2008-02-03 20:54:29,116.40136,39.85769
2054,2008-02-03 20:59:29,116.40136,39.85769
2054,2008-02-03 21:04:10,116.40136,39.85769
2054,2008-02-03 21:08:52,116.40136,39.85769
2054,2008-02-03 21:13:35,116.40136,39.85769
2054,2008-02-03 21:18:17,116.40136,39.85769
2054,2008-02-03 21:22:59,116.40136,39.85769
2054,2008-02-03 21:29:29,116.40164,39.85786
2054,2008-02-03 21:34:22,116.40184,39.85812
2054,2008-02-03 21:39:29,116.40257,39.85588
2054,2008-02-03 21:44:29,116.38242,39.85586
2054,2008-02-03 21:49:29,116.38053,39.85199
2054,2008-02-03 21:54:29,116.38042,39.84786
2054,2008-02-03 21:59:29,116.3674,39.84314
2054,2008-02-03 22:04:29,116.36961,39.84924
2054,2008-02-03 22:09:29,116.40954,39.85558
2054,2008-02-03 22:14:28,116.41504,39.87611
2054,2008-02-03 22:30:12,116.4193,39.90367
2054,2008-02-03 22:35:12,116.42076,39.90468
2054,2008-02-03 22:40:12,116.42125,39.90341
2054,2008-02-03 22:45:12,116.42143,39.90342
2054,2008-02-03 22:50:12,116.42154,39.90343
2054,2008-02-03 22:55:12,116.42192,39.90356
2054,2008-02-03 23:00:12,116.43058,39.89954
2054,2008-02-03 23:05:12,116.42796,39.93257
2054,2008-02-03 23:10:12,116.42179,39.94831
2054,2008-02-03 23:15:12,116.37324,39.95223
2054,2008-02-03 23:15:12,116.37324,39.95223
2054,2008-02-03 23:20:12,116.34857,39.96648
2054,2008-02-03 23:25:12,116.30109,39.96777
2054,2008-02-03 23:58:21,116.31957,39.92397
2054,2008-02-04 00:03:21,116.32918,39.90796
2054,2008-02-04 00:08:20,116.35482,39.90575
2054,2008-02-04 00:18:20,116.36814,39.89135
2054,2008-02-04 00:23:20,116.37804,39.88792
2054,2008-02-04 00:28:20,116.40146,39.8876
2054,2008-02-04 00:33:20,116.39247,39.88394
2054,2008-02-04 00:33:20,116.39247,39.88394
2054,2008-02-04 00:38:20,116.38933,39.85748
2054,2008-02-04 00:43:20,116.38031,39.84485
2054,2008-02-04 00:48:20,116.39847,39.83446
2054,2008-02-04 00:53:20,116.39546,39.81904
2054,2008-02-04 01:03:20,116.39621,39.80375
2054,2008-02-04 01:08:20,116.4122,39.79884
2054,2008-02-04 01:13:20,116.42003,39.78215
2054,2008-02-04 01:18:20,116.43111,39.78008
2054,2008-02-04 01:23:20,116.41409,39.79007
2054,2008-02-04 01:28:20,116.39902,39.80363
2054,2008-02-04 01:33:20,116.41343,39.7923
2054,2008-02-04 01:38:20,116.42765,39.77658
2054,2008-02-04 01:43:20,116.41338,39.79439
2054,2008-02-04 01:48:20,116.39626,39.81136
2054,2008-02-04 01:53:20,116.39498,39.83669
2054,2008-02-04 01:58:20,116.40026,39.87057
2054,2008-02-04 02:03:20,116.43873,39.88681
2054,2008-02-04 02:13:20,116.42338,39.86988
2054,2008-02-04 02:18:20,116.40593,39.85595
2054,2008-02-04 02:23:20,116.38064,39.84813
2054,2008-02-04 02:28:11,116.37093,39.84572
2054,2008-02-04 02:32:53,116.37093,39.84572
2054,2008-02-04 02:37:36,116.37093,39.84572
2054,2008-02-04 02:42:18,116.37093,39.84572
2054,2008-02-04 02:47:00,116.37093,39.84572
2054,2008-02-04 02:53:20,116.37037,39.84551
2054,2008-02-04 02:58:20,116.37044,39.84556
2054,2008-02-04 02:58:20,116.37044,39.84556
2054,2008-02-04 03:03:20,116.36997,39.84558
2054,2008-02-04 03:08:20,116.37009,39.84558
2054,2008-02-04 03:13:20,116.37074,39.8457
2054,2008-02-04 03:18:20,116.37055,39.84552
2054,2008-02-04 03:23:20,116.37156,39.84537
2054,2008-02-04 03:28:20,116.37063,39.84527
2054,2008-02-04 03:33:20,116.3706,39.8454
2054,2008-02-04 03:38:18,116.37057,39.84535
2054,2008-02-04 03:43:20,116.37087,39.84531
2054,2008-02-04 03:48:20,116.37085,39.84532
2054,2008-02-04 03:53:20,116.37087,39.84534
2054,2008-02-04 03:58:07,116.37087,39.84534
2054,2008-02-04 04:02:50,116.37087,39.84534
2054,2008-02-04 04:07:32,116.37087,39.84534
2054,2008-02-04 04:13:19,116.37072,39.84539
2054,2008-02-04 04:18:19,116.37076,39.84541
2054,2008-02-04 04:23:19,116.37072,39.84543
2054,2008-02-04 04:28:19,116.37067,39.84545
2054,2008-02-04 04:33:19,116.37119,39.8459
2054,2008-02-04 04:38:19,116.37145,39.84568
2054,2008-02-04 04:43:19,116.37123,39.84607
2054,2008-02-04 04:48:19,116.37075,39.84536
2054,2008-02-04 04:53:19,116.37071,39.84538
2054,2008-02-04 04:58:19,116.37075,39.84537
2054,2008-02-04 05:08:19,116.37074,39.84538
2054,2008-02-04 05:13:19,116.37075,39.84539
2054,2008-02-04 05:18:01,116.37075,39.84539
2054,2008-02-04 05:22:43,116.37075,39.84539
2054,2008-02-04 05:28:16,116.37094,39.84554
2054,2008-02-04 05:32:58,116.37094,39.84554
2054,2008-02-04 05:32:58,116.37094,39.84554
2054,2008-02-04 05:38:15,116.37077,39.84551
2054,2008-02-04 05:43:19,116.37098,39.84549
2054,2008-02-04 05:48:19,116.37092,39.84542
2054,2008-02-04 05:53:19,116.37089,39.84539
2054,2008-02-04 05:58:19,116.37087,39.84537
2054,2008-02-04 06:03:12,116.37074,39.84523
2054,2008-02-04 06:08:12,116.37079,39.84555
2054,2008-02-04 06:13:18,116.37088,39.84549
2054,2008-02-04 06:18:11,116.37067,39.84527
2054,2008-02-04 06:23:19,116.37086,39.84565
2054,2008-02-04 06:28:10,116.37079,39.84547
2054,2008-02-04 06:32:52,116.37079,39.84547
2054,2008-02-04 06:47:58,116.37102,39.84564
2054,2008-02-04 06:53:19,116.37063,39.84535
2054,2008-02-04 06:58:19,116.37021,39.8454
2054,2008-02-04 07:03:19,116.37094,39.84508
2054,2008-02-04 07:13:19,116.37045,39.84534
2054,2008-02-04 07:18:12,116.37041,39.84532
2054,2008-02-04 07:22:55,116.37041,39.84532
2054,2008-02-04 07:27:37,116.37041,39.84532
2054,2008-02-04 07:32:19,116.37041,39.84532
2054,2008-02-04 07:37:02,116.37041,39.84532
2054,2008-02-04 07:43:19,116.37104,39.84584
2054,2008-02-04 07:48:06,116.37103,39.8459
2054,2008-02-04 07:53:19,116.37119,39.84602
2054,2008-02-04 07:58:07,116.37144,39.84727
2054,2008-02-04 08:03:19,116.3699,39.84756
2054,2008-02-04 08:08:19,116.37059,39.84575
2054,2008-02-04 08:13:19,116.37074,39.84645
2054,2008-02-04 08:18:19,116.37073,39.84636
2054,2008-02-04 08:23:18,116.37071,39.84636
2054,2008-02-04 08:28:19,116.37051,39.84523
2054,2008-02-04 08:33:18,116.37053,39.84525
2054,2008-02-04 08:38:18,116.37017,39.84571
2054,2008-02-04 08:43:13,116.36995,39.84549
2054,2008-02-04 08:47:56,116.36995,39.84549
2054,2008-02-04 08:52:38,116.36995,39.84549
2054,2008-02-04 08:57:20,116.36995,39.84549
2054,2008-02-04 09:02:03,116.36995,39.84549
2054,2008-02-04 09:06:45,116.36995,39.84549
2054,2008-02-04 09:13:18,116.37305,39.83295
2054,2008-02-04 09:18:18,116.37385,39.83023
2054,2008-02-04 09:23:18,116.43817,39.83061
2054,2008-02-04 09:28:18,116.44374,39.82535
2054,2008-02-04 09:33:18,116.44371,39.82535
2054,2008-02-04 09:38:18,116.44371,39.82536
2054,2008-02-04 09:43:18,116.44372,39.82535
2054,2008-02-04 09:48:18,116.4437,39.82536
2054,2008-02-04 09:53:18,116.4437,39.82537
2054,2008-02-04 09:58:18,116.44371,39.82536
2054,2008-02-04 10:03:18,116.44371,39.82536
2054,2008-02-04 10:08:18,116.44371,39.82536
2054,2008-02-04 10:13:18,116.44371,39.82535
2054,2008-02-04 10:13:18,116.44371,39.82535
2054,2008-02-04 10:18:18,116.44371,39.82535
2054,2008-02-04 10:23:18,116.44371,39.82535
2054,2008-02-04 10:28:18,116.44371,39.82535
2054,2008-02-04 10:33:18,116.44371,39.82535
2054,2008-02-04 10:38:18,116.44371,39.82536
2054,2008-02-04 10:43:18,116.44371,39.82536
2054,2008-02-04 10:48:18,116.4437,39.82536
2054,2008-02-04 10:53:18,116.44375,39.8254
2054,2008-02-04 10:58:18,116.44359,39.82528
2054,2008-02-04 11:03:18,116.44363,39.82526
2054,2008-02-04 11:08:18,116.4438,39.82548
2054,2008-02-04 11:13:18,116.44366,39.82537
2054,2008-02-04 11:18:18,116.44367,39.82534
2054,2008-02-04 11:23:18,116.44369,39.82531
2054,2008-02-04 11:28:18,116.4437,39.82531
2054,2008-02-04 11:33:18,116.44371,39.82531
2054,2008-02-04 11:38:18,116.44372,39.82532
2054,2008-02-04 11:43:18,116.44372,39.82533
2054,2008-02-04 11:53:18,116.44373,39.82534
2054,2008-02-04 11:58:18,116.44592,39.82418
2054,2008-02-04 12:03:18,116.43317,39.83133
2054,2008-02-04 12:08:18,116.42203,39.84348
2054,2008-02-04 12:08:18,116.42203,39.84348
2054,2008-02-04 12:13:18,116.42519,39.85688
2054,2008-02-04 12:18:18,116.42428,39.86538
2054,2008-02-04 12:23:18,116.43956,39.88063
2054,2008-02-04 12:28:18,116.44165,39.89967
2054,2008-02-04 12:33:18,116.45381,39.89553
2054,2008-02-04 12:38:18,116.45352,39.89612
2054,2008-02-04 12:38:18,116.45352,39.89612
2054,2008-02-04 12:43:18,116.45332,39.89614
2054,2008-02-04 12:48:17,116.45344,39.89625
2054,2008-02-04 12:53:17,116.45314,39.89653
2054,2008-02-04 12:58:17,116.45312,39.89626
2054,2008-02-04 13:03:17,116.45351,39.89611
2054,2008-02-04 13:08:17,116.452,39.89405
2054,2008-02-04 13:13:17,116.43941,39.88058
2054,2008-02-04 13:18:17,116.43253,39.86481
2054,2008-02-04 13:23:17,116.42746,39.86018
2054,2008-02-04 13:28:17,116.42586,39.86001
2054,2008-02-04 13:28:17,116.42586,39.86001
2054,2008-02-04 13:33:17,116.41505,39.85612
2054,2008-02-04 13:38:17,116.38791,39.8558
2054,2008-02-04 13:43:17,116.37941,39.84813
2054,2008-02-04 13:48:17,116.37062,39.84564
2054,2008-02-04 13:53:17,116.37063,39.84572
2054,2008-02-04 13:58:17,116.37065,39.84578
2054,2008-02-04 14:03:17,116.37066,39.84577
2054,2008-02-04 14:08:17,116.37066,39.84574
2054,2008-02-04 14:13:17,116.37066,39.84572
2054,2008-02-04 14:18:17,116.37067,39.84573
2054,2008-02-04 14:23:17,116.37075,39.8459
2054,2008-02-04 14:28:17,116.3706,39.84543
2054,2008-02-04 14:33:17,116.37067,39.84579
2054,2008-02-04 14:38:17,116.37067,39.84576
2054,2008-02-04 14:43:17,116.37065,39.84572
2054,2008-02-04 14:48:17,116.37062,39.84565
2054,2008-02-04 14:53:17,116.37061,39.84572
2054,2008-02-04 14:58:17,116.37055,39.84552
2054,2008-02-04 15:03:17,116.37056,39.84552
2054,2008-02-04 15:03:17,116.37056,39.84552
2054,2008-02-04 15:07:07,116.37054,39.84551
2054,2008-02-04 15:08:18,116.37078,39.84574
2054,2008-02-04 15:13:18,116.37074,39.84545
2054,2008-02-04 15:18:18,116.37074,39.84547
2054,2008-02-04 15:23:17,116.37074,39.84545
2054,2008-02-04 15:33:17,116.3707,39.84548
2054,2008-02-04 15:38:17,116.37069,39.84548
2054,2008-02-04 15:43:17,116.37069,39.84546
2054,2008-02-04 15:48:17,116.37069,39.84545
2054,2008-02-04 15:53:17,116.37069,39.84544
2054,2008-02-04 15:58:17,116.37069,39.84543
2054,2008-02-04 16:03:17,116.3707,39.84541
2054,2008-02-04 16:08:17,116.3707,39.8454
2054,2008-02-04 16:13:17,116.3707,39.8454
2054,2008-02-04 16:18:13,116.37068,39.84544
2054,2008-02-04 16:23:17,116.37076,39.84514
2054,2008-02-04 16:28:02,116.37073,39.8452
2054,2008-02-04 16:32:45,116.37073,39.8452
2054,2008-02-04 16:38:17,116.37071,39.845
2054,2008-02-04 16:43:17,116.37073,39.84509
2054,2008-02-04 16:53:17,116.37069,39.84517
2054,2008-02-04 16:58:17,116.37067,39.84521
2054,2008-02-04 17:03:16,116.37071,39.84557
2054,2008-02-04 17:13:16,116.37049,39.84528
2054,2008-02-04 17:18:08,116.36997,39.84464
2054,2008-02-04 17:22:50,116.36997,39.84464
2054,2008-02-04 17:27:32,116.36997,39.84464
2054,2008-02-04 17:32:15,116.36997,39.84464
2054,2008-02-04 17:36:57,116.36997,39.84464
2054,2008-02-04 17:43:16,116.37049,39.8453
2054,2008-02-04 17:48:16,116.37049,39.84528
2054,2008-02-04 17:53:16,116.37052,39.84529
2054,2008-02-04 17:58:16,116.37052,39.84528
2054,2008-02-04 18:03:16,116.37053,39.84529
2054,2008-02-04 18:08:16,116.37053,39.84529
2054,2008-02-04 18:13:16,116.37055,39.84545
2054,2008-02-04 18:18:16,116.37056,39.84545
2054,2008-02-04 18:23:16,116.37055,39.84544
2054,2008-02-04 18:28:16,116.37055,39.84544
2054,2008-02-04 18:33:16,116.37056,39.84545
2054,2008-02-04 18:43:16,116.37056,39.84544
2054,2008-02-04 18:48:16,116.37065,39.84587
2054,2008-02-04 18:53:16,116.37872,39.85566
2054,2008-02-04 18:58:16,116.41423,39.85566
2054,2008-02-04 19:03:16,116.42073,39.86979
2054,2008-02-04 19:08:16,116.42818,39.87962
2054,2008-02-04 19:13:16,116.42152,39.89215
2054,2008-02-04 19:18:16,116.39598,39.89091
2054,2008-02-04 19:23:16,116.3866,39.88894
2054,2008-02-04 19:28:16,116.38233,39.88828
2054,2008-02-04 19:33:16,116.37794,39.90032
2054,2008-02-04 19:38:16,116.36771,39.90234
2054,2008-02-04 19:43:16,116.36225,39.89838
2054,2008-02-04 19:48:16,116.34543,39.8966
2054,2008-02-04 19:53:16,116.3421,39.88998
2054,2008-02-04 19:53:16,116.3421,39.88998
2054,2008-02-04 19:58:16,116.33968,39.88846
2054,2008-02-04 20:03:16,116.33349,39.891
2054,2008-02-04 20:08:16,116.33019,39.88325
2054,2008-02-04 20:13:16,116.31725,39.88306
2054,2008-02-04 20:18:16,116.31971,39.88853
2054,2008-02-04 20:23:16,116.3428,39.88998
2054,2008-02-04 20:28:16,116.35279,39.89782
2054,2008-02-04 20:33:16,116.36852,39.89664
2054,2008-02-04 20:38:16,116.36817,39.89187
2054,2008-02-04 20:43:16,116.3682,39.88786
2054,2008-02-04 20:48:16,116.36812,39.87744
2054,2008-02-04 21:10:34,116.38674,39.88881
2054,2008-02-04 21:10:34,116.38674,39.88881
2054,2008-02-04 21:15:34,116.37819,39.89741
2054,2008-02-04 21:25:34,116.35716,39.90549
2054,2008-02-04 21:30:34,116.3671,39.90826
2054,2008-02-04 21:35:34,116.36628,39.90784
2054,2008-02-04 21:40:34,116.3586,39.91871
2054,2008-02-04 21:45:34,116.36197,39.93225
2054,2008-02-04 21:55:34,116.36263,39.91578
2054,2008-02-04 22:05:34,116.36011,39.91416
2054,2008-02-04 22:10:34,116.36267,39.9151
2054,2008-02-04 22:20:34,116.36223,39.91464
2054,2008-02-04 22:25:34,116.36596,39.90763
2054,2008-02-04 22:30:34,116.35959,39.90597
2054,2008-02-04 22:35:34,116.35335,39.91068
2054,2008-02-04 22:40:34,116.3533,39.90862
2054,2008-02-04 22:45:34,116.35987,39.90806
2054,2008-02-04 22:50:34,116.36528,39.90759
2054,2008-02-04 22:55:34,116.36725,39.9086
2054,2008-02-04 23:00:34,116.35864,39.92004
2054,2008-02-04 23:05:34,116.36145,39.93706
2054,2008-02-04 23:10:34,116.35886,39.92272
2054,2008-02-04 23:15:34,116.36609,39.9135
2054,2008-02-04 23:20:34,116.36301,39.91303
2054,2008-02-04 23:31:07,116.35463,39.95075
2054,2008-02-04 23:36:07,116.34883,39.95756
2054,2008-02-04 23:49:15,116.31583,39.96364
2054,2008-02-04 23:54:14,116.31936,39.93882
2054,2008-02-04 23:59:14,116.3485,39.93633
2054,2008-02-05 00:04:14,116.34938,39.93215
2054,2008-02-05 00:09:14,116.35029,39.90579
2054,2008-02-05 00:14:13,116.31575,39.89589
2054,2008-02-05 00:14:13,116.31575,39.89589
2054,2008-02-05 00:19:14,116.29735,39.88578
2054,2008-02-05 00:24:14,116.30856,39.88525
2054,2008-02-05 00:29:14,116.33366,39.88845
2054,2008-02-05 00:34:14,116.33997,39.8506
2054,2008-02-05 00:39:14,116.34532,39.84094
2054,2008-02-05 00:44:14,116.34268,39.84891
2054,2008-02-05 00:49:14,116.34316,39.89612
2054,2008-02-05 00:54:14,116.36399,39.90175
2054,2008-02-05 00:59:14,116.36807,39.89017
2054,2008-02-05 01:04:14,116.35771,39.87744
2054,2008-02-05 01:09:14,116.36536,39.85769
2054,2008-02-05 01:19:14,116.3708,39.84498
2054,2008-02-05 01:24:14,116.37109,39.84478
2054,2008-02-05 01:34:14,116.3705,39.84516
2054,2008-02-05 01:39:14,116.37054,39.84517
2054,2008-02-05 01:44:14,116.37056,39.84515
2054,2008-02-05 01:49:14,116.37051,39.84512
2054,2008-02-05 01:54:14,116.37057,39.845
2054,2008-02-05 01:59:14,116.37061,39.84501
2054,2008-02-05 02:34:13,116.37076,39.84503
2054,2008-02-05 02:39:13,116.37075,39.84502
2054,2008-02-05 02:44:13,116.3706,39.84494
2054,2008-02-05 02:49:13,116.37053,39.8449
2054,2008-02-05 02:54:13,116.37059,39.84492
2054,2008-02-05 02:59:13,116.37062,39.84493
2054,2008-02-05 03:04:13,116.37053,39.84496
2054,2008-02-05 03:09:13,116.37062,39.84499
2054,2008-02-05 03:19:13,116.37073,39.84504
2054,2008-02-05 03:24:13,116.37149,39.84492
2054,2008-02-05 03:29:13,116.37057,39.84496
2054,2008-02-05 03:34:13,116.37059,39.84503
2054,2008-02-05 03:39:13,116.37064,39.84509
2054,2008-02-05 03:44:13,116.37075,39.84508
2054,2008-02-05 03:49:13,116.37071,39.84506
2054,2008-02-05 03:54:13,116.37069,39.84498
2054,2008-02-05 03:59:13,116.37071,39.84498
2054,2008-02-05 04:04:13,116.37076,39.84501
2054,2008-02-05 04:08:57,116.37077,39.84501
2054,2008-02-05 04:14:13,116.37097,39.84503
2054,2008-02-05 04:24:13,116.37067,39.84499
2054,2008-02-05 04:29:13,116.37064,39.84504
2054,2008-02-05 04:34:13,116.3708,39.84507
2054,2008-02-05 04:39:13,116.3704,39.84502
2054,2008-02-05 04:44:13,116.3708,39.84493
2054,2008-02-05 04:49:13,116.37131,39.84462
2054,2008-02-05 04:54:13,116.37099,39.84488
2054,2008-02-05 05:04:13,116.37093,39.84491
2054,2008-02-05 05:04:13,116.37093,39.84491
2054,2008-02-05 05:09:13,116.37091,39.84492
2054,2008-02-05 05:09:13,116.37091,39.84492
2054,2008-02-05 05:14:13,116.3709,39.84493
2054,2008-02-05 05:19:13,116.37089,39.84494
2054,2008-02-05 05:24:13,116.37087,39.84494
2054,2008-02-05 05:29:13,116.37088,39.84498
2054,2008-02-05 05:34:13,116.37104,39.84467
2054,2008-02-05 05:39:13,116.37071,39.84499
2054,2008-02-05 05:44:13,116.37073,39.84498
2054,2008-02-05 05:54:13,116.37072,39.84499
2054,2008-02-05 05:59:13,116.37071,39.84499
2054,2008-02-05 06:04:13,116.37063,39.84496
2054,2008-02-05 06:09:13,116.37056,39.84493
2054,2008-02-05 06:14:13,116.3706,39.84495
2054,2008-02-05 06:19:13,116.37118,39.84476
2054,2008-02-05 06:24:13,116.37109,39.8448
2054,2008-02-05 06:29:13,116.37107,39.84482
2054,2008-02-05 06:34:11,116.37106,39.84483
2054,2008-02-05 06:39:00,116.37094,39.8449
2054,2008-02-05 06:43:43,116.37094,39.8449
2054,2008-02-05 06:48:25,116.37094,39.8449
2054,2008-02-05 06:53:07,116.37094,39.8449
2054,2008-02-05 06:59:03,116.37265,39.84328
2054,2008-02-05 07:08:27,116.37265,39.84328
2054,2008-02-05 07:13:10,116.37265,39.84328
2054,2008-02-05 07:17:52,116.37265,39.84328
2054,2008-02-05 07:22:34,116.37265,39.84328
2054,2008-02-05 07:29:12,116.37038,39.8452
2054,2008-02-05 07:34:12,116.37058,39.84513
2054,2008-02-05 07:34:12,116.37058,39.84513
2054,2008-02-05 07:39:12,116.37041,39.84528
2054,2008-02-05 07:44:12,116.37012,39.84549
2054,2008-02-05 07:49:12,116.37058,39.8451
2054,2008-02-05 07:54:12,116.37053,39.84513
2054,2008-02-05 07:59:12,116.37048,39.84515
2054,2008-02-05 08:04:12,116.37048,39.84515
2054,2008-02-05 08:09:12,116.37048,39.84514
2054,2008-02-05 08:19:08,116.37078,39.84518
2054,2008-02-05 08:24:12,116.37053,39.84511
2054,2008-02-05 08:29:11,116.37066,39.8451
2054,2008-02-05 08:39:12,116.37074,39.84499
2054,2008-02-05 08:44:12,116.37068,39.84502
2054,2008-02-05 08:49:12,116.37065,39.84503
2054,2008-02-05 08:54:12,116.37126,39.84478
2054,2008-02-05 08:59:12,116.37116,39.84483
2054,2008-02-05 09:04:12,116.37026,39.84625
2054,2008-02-05 09:09:12,116.38557,39.85557
2054,2008-02-05 09:14:12,116.39635,39.85144
2054,2008-02-05 09:19:12,116.39679,39.85062
2054,2008-02-05 09:24:12,116.39678,39.85061
2054,2008-02-05 09:29:12,116.39687,39.85046
2054,2008-02-05 09:34:12,116.40069,39.84302
2054,2008-02-05 09:39:12,116.40995,39.85559
2054,2008-02-05 09:44:12,116.41584,39.86896
2054,2008-02-05 09:49:12,116.434,39.87998
2054,2008-02-05 09:54:12,116.43329,39.87998
2054,2008-02-05 09:59:12,116.44471,39.8807
2054,2008-02-05 10:04:10,116.45498,39.86993
2054,2008-02-05 10:09:12,116.47734,39.86646
2054,2008-02-05 10:14:12,116.47738,39.84706
2054,2008-02-05 10:19:12,116.47736,39.84713
2054,2008-02-05 10:24:12,116.46338,39.85862
2054,2008-02-05 10:29:12,116.43472,39.8577
2054,2008-02-05 10:34:12,116.40801,39.8527
2054,2008-02-05 10:39:12,116.41074,39.84096
2054,2008-02-05 10:44:12,116.40276,39.84094
2054,2008-02-05 11:04:43,116.39606,39.85561
2054,2008-02-05 11:13:00,116.43845,39.87304
2054,2008-02-05 11:18:00,116.43352,39.8982
2054,2008-02-05 11:23:00,116.43516,39.90496
2054,2008-02-05 11:28:00,116.43093,39.90716
2054,2008-02-05 11:33:00,116.43012,39.89878
2054,2008-02-05 11:38:00,116.43438,39.89166
2054,2008-02-05 11:43:00,116.42854,39.88296
2054,2008-02-05 11:52:19,116.4161,39.85592
2054,2008-02-05 11:58:37,116.4242,39.85686
2054,2008-02-05 12:03:37,116.41554,39.86489
2054,2008-02-05 12:08:37,116.3779,39.86969
2054,2008-02-05 12:13:37,116.36086,39.87206
2054,2008-02-05 12:18:37,116.36158,39.87455
2054,2008-02-05 12:23:37,116.36637,39.87707
2054,2008-02-05 12:28:37,116.40414,39.8707
2054,2008-02-05 12:33:37,116.44408,39.87475
2054,2008-02-05 12:38:37,116.45002,39.87829
2054,2008-02-05 12:38:37,116.45002,39.87829
2054,2008-02-05 12:43:37,116.44007,39.88302
2054,2008-02-05 12:48:37,116.43324,39.8745
2054,2008-02-05 12:53:37,116.42455,39.86708
2054,2008-02-05 12:58:37,116.42509,39.86692
2054,2008-02-05 13:03:37,116.42648,39.86705
2054,2008-02-05 13:08:37,116.43037,39.86954
2054,2008-02-05 13:13:37,116.3956,39.87149
2054,2008-02-05 13:23:37,116.38691,39.88045
2054,2008-02-05 13:28:37,116.39231,39.87092
2054,2008-02-05 13:33:37,116.39444,39.86023
2054,2008-02-05 13:38:37,116.39445,39.86034
2054,2008-02-05 13:43:37,116.39598,39.86295
2054,2008-02-05 13:48:37,116.40159,39.85713
2054,2008-02-05 13:53:36,116.40136,39.8576
2054,2008-02-05 13:58:36,116.40137,39.85748
2054,2008-02-05 14:03:36,116.40147,39.85734
2054,2008-02-05 14:08:36,116.40153,39.85747
2054,2008-02-05 14:18:36,116.40141,39.85755
2054,2008-02-05 14:23:36,116.40141,39.8575
2054,2008-02-05 14:28:36,116.40134,39.85743
2054,2008-02-05 14:33:36,116.40205,39.85766
2054,2008-02-05 14:38:36,116.40195,39.85752
2054,2008-02-05 14:43:36,116.40194,39.85754
2054,2008-02-05 14:48:36,116.40204,39.85745
2054,2008-02-05 14:53:36,116.40143,39.85744
2054,2008-02-05 14:58:36,116.40148,39.8574
2054,2008-02-05 15:03:36,116.40164,39.8574
2054,2008-02-05 15:03:36,116.40164,39.8574
2054,2008-02-05 15:07:25,116.40169,39.85742
2054,2008-02-05 15:08:37,116.40058,39.85705
2054,2008-02-05 15:13:37,116.40245,39.85771
2054,2008-02-05 15:18:36,116.40248,39.85815
2054,2008-02-05 15:23:36,116.40173,39.85773
2054,2008-02-05 15:28:36,116.40181,39.85846
2054,2008-02-05 15:33:18,116.40182,39.85846
2054,2008-02-05 15:38:36,116.40154,39.85842
2054,2008-02-05 15:48:36,116.40145,39.85762
2054,2008-02-05 15:53:36,116.40232,39.8556
2054,2008-02-05 15:58:36,116.40255,39.85514
2054,2008-02-05 16:03:36,116.40129,39.85742
2054,2008-02-05 16:08:36,116.401,39.85804
2054,2008-02-05 16:13:36,116.40128,39.85754
2054,2008-02-05 16:18:36,116.40129,39.85751
2054,2008-02-05 16:23:36,116.40131,39.85747
2054,2008-02-05 16:28:36,116.40132,39.85741
2054,2008-02-05 16:28:36,116.40132,39.85741
2054,2008-02-05 16:33:36,116.40133,39.8574
2054,2008-02-05 16:38:36,116.40134,39.8574
2054,2008-02-05 16:43:36,116.40134,39.8574
2054,2008-02-05 16:48:36,116.40135,39.85739
2054,2008-02-05 16:53:36,116.40164,39.85713
2054,2008-02-05 16:58:36,116.40157,39.85719
2054,2008-02-05 17:03:36,116.40157,39.85717
2054,2008-02-05 17:08:36,116.40158,39.85715
2054,2008-02-05 17:13:36,116.4016,39.85712
2054,2008-02-05 17:18:36,116.40163,39.85711
2054,2008-02-05 17:23:36,116.40163,39.85711
2054,2008-02-05 17:28:36,116.40171,39.85704
2054,2008-02-05 17:28:36,116.40171,39.85704
2054,2008-02-05 17:33:36,116.4017,39.85704
2054,2008-02-05 17:38:36,116.40174,39.85695
2054,2008-02-05 17:43:36,116.40121,39.85737
2054,2008-02-05 17:48:36,116.40125,39.85738
2054,2008-02-05 17:53:36,116.40125,39.8574
2054,2008-02-05 18:08:36,116.40136,39.85739
2054,2008-02-05 18:18:35,116.40159,39.85716
2054,2008-02-05 18:23:35,116.40153,39.85737
2054,2008-02-05 18:28:35,116.40149,39.85739
2054,2008-02-05 18:33:35,116.40144,39.85744
2054,2008-02-05 18:38:35,116.40141,39.85748
2054,2008-02-05 18:43:35,116.40123,39.85767
2054,2008-02-05 18:48:35,116.40115,39.85774
2054,2008-02-05 18:53:35,116.40114,39.85776
2054,2008-02-05 18:58:33,116.40107,39.85787
2054,2008-02-05 19:03:35,116.40042,39.85875
2054,2008-02-05 19:08:35,116.40049,39.85861
2054,2008-02-05 19:13:30,116.40038,39.85862
2054,2008-02-05 19:18:35,116.40299,39.85681
2054,2008-02-05 19:23:35,116.39386,39.86915
2054,2008-02-05 19:43:10,116.3684,39.8937
2054,2008-02-05 19:48:09,116.36832,39.89802
2054,2008-02-05 19:53:09,116.36794,39.90534
2054,2008-02-05 19:58:09,116.36786,39.90752
2054,2008-02-05 20:03:09,116.36957,39.90975
2054,2008-02-05 20:12:28,116.39745,39.90633
2054,2008-02-05 20:17:27,116.41175,39.91063
2054,2008-02-05 20:22:27,116.41167,39.91157
2054,2008-02-05 20:27:27,116.41464,39.90688
2054,2008-02-05 20:27:27,116.41464,39.90688
2054,2008-02-05 20:40:14,116.53803,39.90609
2054,2008-02-05 20:45:13,116.57604,39.9087
2054,2008-02-05 20:56:43,116.62444,39.89841
2054,2008-02-05 21:01:43,116.62483,39.89948
2054,2008-02-05 21:06:42,116.63095,39.90477
2054,2008-02-05 21:11:42,116.61244,39.90555
2054,2008-02-05 21:16:42,116.57529,39.90941
2054,2008-02-05 21:21:42,116.5439,39.90844
2054,2008-02-05 21:26:42,116.50782,39.90685
2054,2008-02-05 21:31:42,116.44716,39.90723
2054,2008-02-05 21:36:42,116.4125,39.90698
2054,2008-02-05 21:41:42,116.41175,39.90511
2054,2008-02-05 21:46:42,116.39731,39.89936
2054,2008-02-05 21:51:42,116.37604,39.89873
2054,2008-02-05 21:56:42,116.36196,39.89847
2054,2008-02-05 22:01:42,116.35398,39.89809
2054,2008-02-05 22:10:08,116.31088,39.89561
2054,2008-02-05 22:15:02,116.31369,39.89576
2054,2008-02-05 22:19:44,116.31369,39.89576
2054,2008-02-05 22:24:27,116.31369,39.89576
2054,2008-02-05 22:29:09,116.31369,39.89576
2054,2008-02-05 22:33:51,116.31369,39.89576
2054,2008-02-05 22:38:34,116.31369,39.89576
2054,2008-02-05 22:43:16,116.31369,39.89576
2054,2008-02-05 22:47:58,116.31369,39.89576
2054,2008-02-05 22:52:41,116.31369,39.89576
2054,2008-02-05 22:57:23,116.31369,39.89576
2054,2008-02-05 22:57:23,116.31369,39.89576
2054,2008-02-05 23:05:08,116.32403,39.89571
2054,2008-02-05 23:11:38,116.36827,39.89412
2054,2008-02-05 23:16:38,116.37822,39.88806
2054,2008-02-05 23:16:38,116.37822,39.88806
2054,2008-02-05 23:21:38,116.38156,39.89208
2054,2008-02-05 23:35:16,116.40867,39.8996
2054,2008-02-05 23:40:15,116.41227,39.89353
2054,2008-02-05 23:45:15,116.40906,39.89285
2054,2008-02-05 23:50:15,116.41289,39.8862
2054,2008-02-05 23:55:15,116.44,39.88323
2054,2008-02-05 23:55:15,116.44,39.88323
2054,2008-02-06 00:00:15,116.46149,39.88304
2054,2008-02-06 00:05:15,116.49568,39.87554
2054,2008-02-06 00:10:15,116.50535,39.87065
2054,2008-02-06 00:15:15,116.47307,39.88317
2054,2008-02-06 00:25:15,116.42965,39.90755
2054,2008-02-06 00:30:15,116.39875,39.90665
2054,2008-02-06 00:42:50,116.34798,39.86709
2054,2008-02-06 00:47:50,116.34813,39.85773
2054,2008-02-06 00:52:50,116.384,39.8699
2054,2008-02-06 00:57:50,116.41452,39.88184
2054,2008-02-06 01:02:50,116.41281,39.89958
2054,2008-02-06 01:09:05,116.40954,39.90693
2054,2008-02-06 01:14:05,116.38954,39.90345
2054,2008-02-06 01:19:05,116.39222,39.88534
2054,2008-02-06 01:24:05,116.38754,39.86244
2054,2008-02-06 01:34:05,116.36998,39.84633
2054,2008-02-06 01:44:05,116.3707,39.84584
2054,2008-02-06 01:49:05,116.37071,39.84587
2054,2008-02-06 01:54:05,116.37071,39.84592
2054,2008-02-06 01:59:05,116.37072,39.84595
2054,2008-02-06 02:04:05,116.37073,39.84595
2054,2008-02-06 02:13:34,116.37073,39.84596
2054,2008-02-06 02:22:59,116.37073,39.84596
2054,2008-02-06 02:27:41,116.37073,39.84596
2054,2008-02-06 02:34:03,116.37105,39.84595
2054,2008-02-06 02:38:46,116.37105,39.84595
2054,2008-02-06 02:43:28,116.37105,39.84595
2054,2008-02-06 02:48:58,116.37101,39.84593
2054,2008-02-06 02:54:05,116.37046,39.84539
2054,2008-02-06 02:54:05,116.37046,39.84539
2054,2008-02-06 02:59:05,116.37084,39.84572
2054,2008-02-06 03:04:05,116.37077,39.84564
2054,2008-02-06 03:09:05,116.37077,39.84563
2054,2008-02-06 03:14:05,116.37077,39.84563
2054,2008-02-06 03:19:05,116.37038,39.84525
2054,2008-02-06 03:24:05,116.37059,39.84544
2054,2008-02-06 03:29:05,116.37085,39.84565
2054,2008-02-06 03:33:54,116.3709,39.84571
2054,2008-02-06 03:38:59,116.37089,39.84578
2054,2008-02-06 03:44:05,116.3707,39.84562
2054,2008-02-06 03:49:02,116.37076,39.8456
2054,2008-02-06 03:54:04,116.37076,39.84563
2054,2008-02-06 03:59:04,116.37081,39.84568
2054,2008-02-06 04:03:55,116.3708,39.84566
2054,2008-02-06 04:08:37,116.3708,39.84566
2054,2008-02-06 04:13:50,116.37158,39.84614
2054,2008-02-06 04:18:33,116.37158,39.84614
2054,2008-02-06 04:24:01,116.37065,39.84538
2054,2008-02-06 04:39:04,116.37167,39.84647
2054,2008-02-06 04:44:04,116.3718,39.84646
2054,2008-02-06 04:49:04,116.3722,39.84705
2054,2008-02-06 04:54:04,116.37104,39.84573
2054,2008-02-06 04:59:04,116.37102,39.84572
2054,2008-02-06 05:04:04,116.37093,39.84575
2054,2008-02-06 05:08:58,116.37028,39.84623
2054,2008-02-06 05:14:04,116.37074,39.84575
2054,2008-02-06 05:19:04,116.37074,39.8457
2054,2008-02-06 05:24:04,116.37076,39.84568
2054,2008-02-06 05:24:04,116.37076,39.84568
2054,2008-02-06 05:29:04,116.37077,39.84568
2054,2008-02-06 05:34:04,116.37072,39.84563
2054,2008-02-06 05:39:04,116.37075,39.84562
2054,2008-02-06 05:44:04,116.37064,39.84566
2054,2008-02-06 05:49:04,116.37065,39.84564
2054,2008-02-06 05:54:04,116.3707,39.84565
2054,2008-02-06 05:59:04,116.37088,39.84584
2054,2008-02-06 06:04:02,116.37097,39.84594
2054,2008-02-06 06:09:01,116.37074,39.84567
2054,2008-02-06 06:14:04,116.37062,39.84554
2054,2008-02-06 06:19:04,116.37065,39.84554
2054,2008-02-06 06:24:04,116.37104,39.84544
2054,2008-02-06 06:29:04,116.37181,39.84517
2054,2008-02-06 06:34:04,116.37151,39.84528
2054,2008-02-06 06:39:04,116.37093,39.84548
2054,2008-02-06 06:44:04,116.37086,39.84549
2054,2008-02-06 06:49:04,116.37086,39.84549
2054,2008-02-06 06:54:04,116.37083,39.84553
2054,2008-02-06 06:59:04,116.37025,39.84593
2054,2008-02-06 07:04:02,116.3705,39.84552
2054,2008-02-06 07:09:04,116.37035,39.84558
2054,2008-02-06 07:14:04,116.37056,39.84563
2054,2008-02-06 07:19:04,116.37048,39.84551
2054,2008-02-06 07:19:04,116.37048,39.84551
2054,2008-02-06 07:24:04,116.37082,39.84556
2054,2008-02-06 07:29:04,116.37083,39.84556
2054,2008-02-06 07:33:55,116.37083,39.84557
2054,2008-02-06 07:39:04,116.37084,39.84582
2054,2008-02-06 07:44:04,116.37086,39.8455
2054,2008-02-06 07:44:04,116.37086,39.8455
2054,2008-02-06 07:49:02,116.37079,39.84554
2054,2008-02-06 07:49:02,116.37079,39.84554
2054,2008-02-06 07:54:04,116.37092,39.84545
2054,2008-02-06 07:59:04,116.37089,39.84564
2054,2008-02-06 08:04:04,116.37084,39.84552
2054,2008-02-06 08:09:03,116.3706,39.84578
2054,2008-02-06 08:14:03,116.37068,39.84576
2054,2008-02-06 08:19:03,116.37074,39.84573
2054,2008-02-06 08:24:03,116.37061,39.84607
2054,2008-02-06 08:29:03,116.37073,39.84538
2054,2008-02-06 08:33:53,116.37088,39.84519
2054,2008-02-06 08:38:35,116.37088,39.84519
2054,2008-02-06 08:43:17,116.37088,39.84519
2054,2008-02-06 08:48:00,116.37088,39.84519
2054,2008-02-06 08:54:03,116.37112,39.84562
2054,2008-02-06 08:59:03,116.37089,39.84559
2054,2008-02-06 09:09:03,116.37088,39.8456
2054,2008-02-06 09:19:03,116.37083,39.84532
2054,2008-02-06 09:23:50,116.37115,39.84561
2054,2008-02-06 09:29:03,116.37106,39.84543
2054,2008-02-06 09:34:03,116.37262,39.84215
2054,2008-02-06 09:39:03,116.38024,39.84796
2054,2008-02-06 09:49:03,116.43228,39.85739
2054,2008-02-06 09:54:03,116.45496,39.86982
2054,2008-02-06 10:04:03,116.44466,39.87282
2054,2008-02-06 10:09:03,116.44468,39.87483
2054,2008-02-06 10:09:03,116.44468,39.87483
2054,2008-02-06 10:14:03,116.44534,39.87499
2054,2008-02-06 10:14:03,116.44534,39.87499
2054,2008-02-06 10:19:03,116.43888,39.86529
2054,2008-02-06 10:24:03,116.43857,39.86456
2054,2008-02-06 10:29:03,116.42613,39.86003
2054,2008-02-06 10:34:03,116.40724,39.86393
2054,2008-02-06 10:39:02,116.40089,39.85752
2054,2008-02-06 10:43:44,116.40089,39.85752
2054,2008-02-06 10:49:03,116.40038,39.85851
2054,2008-02-06 10:54:01,116.40063,39.85858
2054,2008-02-06 11:03:39,116.40026,39.85845
2054,2008-02-06 11:08:22,116.40026,39.85845
2054,2008-02-06 11:22:29,116.40026,39.85845
2054,2008-02-06 11:27:11,116.40026,39.85845
2054,2008-02-06 11:31:53,116.40026,39.85845
2054,2008-02-06 11:36:36,116.40026,39.85845
2054,2008-02-06 11:41:18,116.40026,39.85845
2054,2008-02-06 11:46:00,116.40026,39.85845
2054,2008-02-06 11:50:43,116.40026,39.85845
2054,2008-02-06 11:50:43,116.40026,39.85845
2054,2008-02-06 11:55:25,116.40026,39.85845
2054,2008-02-06 11:55:25,116.40026,39.85845
2054,2008-02-06 12:09:03,116.40092,39.85776
2054,2008-02-06 12:14:03,116.40114,39.85778
2054,2008-02-06 12:19:03,116.40146,39.8585
2054,2008-02-06 12:23:55,116.40153,39.85851
2054,2008-02-06 12:29:02,116.40179,39.85858
2054,2008-02-06 12:33:58,116.40182,39.85885
2054,2008-02-06 12:39:02,116.40098,39.85801
2054,2008-02-06 12:39:02,116.40098,39.85801
2054,2008-02-06 12:44:02,116.39101,39.87022
2054,2008-02-06 12:49:02,116.36804,39.86634
2054,2008-02-06 12:54:02,116.37034,39.85018
2054,2008-02-06 12:54:02,116.37034,39.85018
2054,2008-02-06 12:59:02,116.37066,39.84488
2054,2008-02-06 13:04:02,116.37073,39.8448
2054,2008-02-06 13:09:02,116.37073,39.84478
2054,2008-02-06 13:14:02,116.37072,39.84478
2054,2008-02-06 13:19:02,116.37073,39.84477
2054,2008-02-06 13:24:02,116.37074,39.84478
2054,2008-02-06 13:29:02,116.37074,39.84478
2054,2008-02-06 13:34:02,116.37144,39.84399
2054,2008-02-06 13:39:02,116.37088,39.84464
2054,2008-02-06 13:44:02,116.37089,39.84466
2054,2008-02-06 13:54:02,116.37091,39.84504
2054,2008-02-06 13:59:02,116.37094,39.84491
2054,2008-02-06 14:04:02,116.37091,39.84487
2054,2008-02-06 14:09:02,116.37093,39.84484
2054,2008-02-06 14:14:02,116.37081,39.84467
2054,2008-02-06 14:19:02,116.37107,39.84516
2054,2008-02-06 14:24:02,116.37077,39.84484
2054,2008-02-06 14:29:02,116.37079,39.84482
2054,2008-02-06 14:34:02,116.3708,39.84483
2054,2008-02-06 14:39:02,116.37081,39.84482
2054,2008-02-06 14:44:02,116.3708,39.84479
2054,2008-02-06 14:54:02,116.37087,39.84461
2054,2008-02-06 14:59:02,116.37085,39.84465
2054,2008-02-06 15:02:51,116.37082,39.84496
2054,2008-02-06 15:04:03,116.37066,39.84477
2054,2008-02-06 15:04:03,116.37066,39.84477
2054,2008-02-06 15:09:03,116.37074,39.84475
2054,2008-02-06 15:19:02,116.37069,39.84447
2054,2008-02-06 15:24:02,116.37063,39.8444
2054,2008-02-06 15:29:02,116.37053,39.84445
2054,2008-02-06 15:34:02,116.37062,39.84508
2054,2008-02-06 15:39:02,116.37065,39.84503
2054,2008-02-06 15:44:02,116.37074,39.84492
2054,2008-02-06 15:49:02,116.37066,39.84501
2054,2008-02-06 15:54:02,116.37086,39.84461
2054,2008-02-06 15:59:02,116.37087,39.84459
2054,2008-02-06 16:04:02,116.37079,39.84478
2054,2008-02-06 16:09:02,116.37108,39.84422
2054,2008-02-06 16:14:02,116.37081,39.8448
2054,2008-02-06 16:19:02,116.37085,39.8447
2054,2008-02-06 16:24:02,116.37086,39.84467
2054,2008-02-06 16:29:02,116.37085,39.84469
2054,2008-02-06 16:34:02,116.37084,39.84471
2054,2008-02-06 16:39:02,116.37084,39.84472
2054,2008-02-06 16:44:02,116.37083,39.84472
2054,2008-02-06 16:49:02,116.37083,39.84481
2054,2008-02-06 16:54:01,116.37094,39.84416
2054,2008-02-06 16:59:01,116.37081,39.84468
2054,2008-02-06 17:04:01,116.37081,39.84471
2054,2008-02-06 17:09:01,116.37082,39.84473
2054,2008-02-06 17:14:01,116.37079,39.84478
2054,2008-02-06 17:19:01,116.37075,39.84481
2054,2008-02-06 17:24:01,116.37076,39.84483
2054,2008-02-06 17:29:01,116.37087,39.84495
2054,2008-02-06 17:29:01,116.37087,39.84495
2054,2008-02-06 17:34:01,116.37085,39.84494
2054,2008-02-06 17:39:01,116.37084,39.84494
2054,2008-02-06 17:44:01,116.37083,39.84495
2054,2008-02-06 17:49:01,116.37065,39.84478
2054,2008-02-06 17:54:01,116.37068,39.84484
2054,2008-02-06 17:59:01,116.3707,39.84486
2054,2008-02-06 18:04:01,116.37071,39.84485
2054,2008-02-06 18:09:01,116.37072,39.84485
2054,2008-02-06 18:14:01,116.37072,39.84485
2054,2008-02-06 18:19:01,116.37072,39.84484
2054,2008-02-06 18:24:01,116.37072,39.84484
2054,2008-02-06 18:29:01,116.37072,39.84483
2054,2008-02-06 18:34:01,116.37072,39.84483
2054,2008-02-06 18:39:01,116.37071,39.84483
2054,2008-02-06 18:49:01,116.37072,39.84479
2054,2008-02-06 18:54:01,116.37071,39.8448
2054,2008-02-06 18:59:01,116.37071,39.8448
2054,2008-02-06 19:04:01,116.37078,39.84475
2054,2008-02-06 19:09:01,116.37038,39.84911
2054,2008-02-06 19:14:01,116.36785,39.86369
2054,2008-02-06 19:19:01,116.34319,39.87171
2054,2008-02-06 19:24:00,116.33452,39.89172
2054,2008-02-06 19:28:55,116.3347,39.89186
2054,2008-02-06 19:39:01,116.33569,39.89151
2054,2008-02-06 19:44:01,116.33534,39.89196
2054,2008-02-06 19:48:57,116.33532,39.89192
2054,2008-02-06 19:54:01,116.33378,39.89235
2054,2008-02-06 19:54:01,116.33378,39.89235
2054,2008-02-06 19:59:01,116.33504,39.89197
2054,2008-02-06 20:03:54,116.33503,39.89197
2054,2008-02-06 20:08:37,116.33503,39.89197
2054,2008-02-06 20:13:19,116.33503,39.89197
2054,2008-02-06 20:13:19,116.33503,39.89197
2054,2008-02-06 20:22:44,116.33503,39.89197
2054,2008-02-06 20:27:26,116.33503,39.89197
2054,2008-02-06 20:32:09,116.33503,39.89197
2054,2008-02-06 20:38:56,116.33484,39.89206
2054,2008-02-06 20:43:38,116.33484,39.89206
2054,2008-02-06 20:48:21,116.33484,39.89206
2054,2008-02-06 20:53:03,116.33484,39.89206
2054,2008-02-06 20:57:45,116.33484,39.89206
2054,2008-02-06 21:02:28,116.33484,39.89206
2054,2008-02-06 21:07:10,116.33484,39.89206
2054,2008-02-06 21:11:52,116.33484,39.89206
2054,2008-02-06 21:19:00,116.33464,39.89211
2054,2008-02-06 21:24:00,116.33445,39.89201
2054,2008-02-06 21:29:00,116.33462,39.89212
2054,2008-02-06 21:34:00,116.33433,39.89209
2054,2008-02-06 21:39:00,116.33421,39.89215
2054,2008-02-06 21:44:00,116.33418,39.89209
2054,2008-02-06 21:49:00,116.33356,39.89243
2054,2008-02-06 21:54:00,116.33514,39.89166
2054,2008-02-06 21:59:00,116.33474,39.89176
2054,2008-02-06 22:04:00,116.33437,39.89204
2054,2008-02-06 22:09:00,116.33468,39.89177
2054,2008-02-06 22:14:00,116.33392,39.89235
2054,2008-02-06 22:19:00,116.3344,39.89216
2054,2008-02-06 22:19:00,116.3344,39.89216
2054,2008-02-06 22:24:00,116.33469,39.89179
2054,2008-02-06 22:24:29,116.05121,39.92928
2054,2008-02-06 22:29:00,116.33485,39.89171
2054,2008-02-06 22:34:00,116.33422,39.89211
2054,2008-02-06 22:39:00,116.33399,39.89228
2054,2008-02-06 22:44:00,116.33331,39.89225
2054,2008-02-06 22:49:00,116.33074,39.89281
2054,2008-02-06 22:54:00,116.33076,39.8928
2054,2008-02-06 22:59:00,116.33041,39.89288
2054,2008-02-06 23:04:00,116.33174,39.8925
2054,2008-02-06 23:09:00,116.33177,39.89249
2054,2008-02-06 23:14:00,116.33177,39.89248
2054,2008-02-06 23:19:00,116.33185,39.89246
2054,2008-02-06 23:24:00,116.3316,39.89254
2054,2008-02-06 23:29:00,116.33189,39.8925
2054,2008-02-06 23:34:00,116.33211,39.89245
2054,2008-02-06 23:39:00,116.33414,39.89235
2054,2008-02-06 23:44:00,116.33412,39.89218
2054,2008-02-06 23:49:00,116.33487,39.89195
2054,2008-02-06 23:54:00,116.33468,39.89209
2054,2008-02-06 23:59:00,116.33482,39.89207
2054,2008-02-07 00:04:00,116.33485,39.89235
2054,2008-02-07 00:09:00,116.33486,39.89237
2054,2008-02-07 00:14:00,116.33495,39.89206
2054,2008-02-07 00:19:00,116.33511,39.89232
2054,2008-02-07 00:24:00,116.33482,39.89243
2054,2008-02-07 00:29:00,116.33454,39.8923
2054,2008-02-07 00:34:00,116.3348,39.89228
2054,2008-02-07 00:39:00,116.3349,39.89215
2054,2008-02-07 00:44:00,116.33441,39.89214
2054,2008-02-07 00:44:00,116.33441,39.89214
2054,2008-02-07 00:49:00,116.33431,39.89207
2054,2008-02-07 00:54:00,116.33435,39.89215
2054,2008-02-07 00:59:00,116.335,39.89194
2054,2008-02-07 01:04:00,116.33448,39.89215
2054,2008-02-07 01:09:00,116.33423,39.89225
2054,2008-02-07 01:14:00,116.3343,39.8922
2054,2008-02-07 01:19:00,116.33441,39.89209
2054,2008-02-07 01:24:00,116.33447,39.89207
2054,2008-02-07 01:29:00,116.33461,39.89191
2054,2008-02-07 01:34:00,116.33461,39.89199
2054,2008-02-07 01:38:59,116.33462,39.892
2054,2008-02-07 01:43:59,116.33465,39.892
2054,2008-02-07 01:48:59,116.33454,39.89204
2054,2008-02-07 01:53:59,116.33436,39.89219
2054,2008-02-07 01:58:59,116.33414,39.89218
2054,2008-02-07 02:13:59,116.33442,39.8922
2054,2008-02-07 02:18:59,116.33452,39.89231
2054,2008-02-07 02:23:59,116.33497,39.8926
2054,2008-02-07 02:28:59,116.33469,39.89244
2054,2008-02-07 02:33:59,116.33492,39.89245
2054,2008-02-07 02:38:59,116.33421,39.89222
2054,2008-02-07 02:43:59,116.33424,39.89239
2054,2008-02-07 02:53:59,116.33394,39.8921
2054,2008-02-07 03:03:59,116.33522,39.89241
2054,2008-02-07 03:08:59,116.33573,39.89212
2054,2008-02-07 03:13:59,116.3328,39.89212
2054,2008-02-07 03:18:59,116.33486,39.89194
2054,2008-02-07 03:23:59,116.33514,39.89206
2054,2008-02-07 03:28:59,116.33479,39.8919
2054,2008-02-07 03:33:59,116.33544,39.89184
2054,2008-02-07 03:38:59,116.33462,39.8921
2054,2008-02-07 03:43:59,116.33368,39.89222
2054,2008-02-07 03:48:59,116.3338,39.89218
2054,2008-02-07 03:53:59,116.33443,39.89204
2054,2008-02-07 03:58:54,116.33447,39.89207
2054,2008-02-07 04:03:54,116.33442,39.89214
2054,2008-02-07 04:13:48,116.33493,39.89188
2054,2008-02-07 04:18:30,116.33493,39.89188
2054,2008-02-07 04:23:59,116.33591,39.89137
2054,2008-02-07 04:28:59,116.33486,39.89194
2054,2008-02-07 04:33:59,116.33455,39.8922
2054,2008-02-07 04:38:59,116.33458,39.89223
2054,2008-02-07 04:43:59,116.33472,39.8921
2054,2008-02-07 04:48:59,116.33473,39.89209
2054,2008-02-07 04:53:56,116.33499,39.89201
2054,2008-02-07 04:58:59,116.3349,39.89189
2054,2008-02-07 05:03:58,116.33484,39.89194
2054,2008-02-07 05:08:59,116.33483,39.89196
2054,2008-02-07 05:13:55,116.33484,39.89196
2054,2008-02-07 05:18:59,116.33404,39.89223
2054,2008-02-07 05:23:59,116.33436,39.89217
2054,2008-02-07 05:33:59,116.33527,39.89187
2054,2008-02-07 05:33:59,116.33527,39.89187
2054,2008-02-07 05:38:59,116.3353,39.89174
2054,2008-02-07 05:43:59,116.33526,39.89178
2054,2008-02-07 05:48:59,116.33547,39.89186
2054,2008-02-07 05:53:56,116.33582,39.89181
2054,2008-02-07 05:58:59,116.335,39.89187
2054,2008-02-07 06:03:58,116.3347,39.89203
2054,2008-02-07 06:08:56,116.33289,39.89294
2054,2008-02-07 06:13:58,116.33582,39.89145
2054,2008-02-07 06:18:58,116.33679,39.89089
2054,2008-02-07 06:23:58,116.33454,39.89205
2054,2008-02-07 06:28:44,116.33458,39.89202
2054,2008-02-07 06:33:58,116.33461,39.89198
2054,2008-02-07 06:38:58,116.33455,39.89202
2054,2008-02-07 06:43:57,116.33507,39.89182
2054,2008-02-07 06:48:58,116.3349,39.89179
2054,2008-02-07 06:53:58,116.33489,39.89178
2054,2008-02-07 06:58:58,116.33482,39.89182
2054,2008-02-07 07:08:58,116.33444,39.89209
2054,2008-02-07 07:13:58,116.33451,39.89206
2054,2008-02-07 07:18:58,116.33517,39.89183
2054,2008-02-07 07:28:58,116.33425,39.89209
2054,2008-02-07 07:33:58,116.33458,39.89208
2054,2008-02-07 07:43:58,116.33495,39.89156
2054,2008-02-07 07:48:58,116.33461,39.89198
2054,2008-02-07 07:53:58,116.33448,39.89208
2054,2008-02-07 07:58:58,116.33476,39.89209
2054,2008-02-07 07:58:58,116.33476,39.89209
2054,2008-02-07 08:03:58,116.33578,39.89137
2054,2008-02-07 08:08:58,116.336,39.89139
2054,2008-02-07 08:13:55,116.33583,39.89145
2054,2008-02-07 08:18:56,116.33588,39.89155
2054,2008-02-07 08:23:56,116.33593,39.89155
2054,2008-02-07 08:28:55,116.3353,39.89179
2054,2008-02-07 08:33:58,116.33452,39.89212
2054,2008-02-07 08:38:58,116.33458,39.89207
2054,2008-02-07 08:48:58,116.33391,39.89245
2054,2008-02-07 08:53:58,116.33444,39.89229
2054,2008-02-07 08:58:58,116.33372,39.89246
2054,2008-02-07 09:03:58,116.33374,39.89245
2054,2008-02-07 09:08:58,116.33337,39.89268
2054,2008-02-07 09:13:58,116.3324,39.89326
2054,2008-02-07 09:18:58,116.33356,39.89263
2054,2008-02-07 09:23:58,116.33311,39.89278
2054,2008-02-07 09:28:58,116.33291,39.89289
2054,2008-02-07 09:33:58,116.33376,39.89266
2054,2008-02-07 09:38:56,116.33456,39.89212
2054,2008-02-07 09:48:58,116.3351,39.89174
2054,2008-02-07 09:53:58,116.33529,39.89143
2054,2008-02-07 09:58:58,116.33537,39.8912
2054,2008-02-07 10:08:58,116.33453,39.89195
2054,2008-02-07 10:13:58,116.33455,39.89182
2054,2008-02-07 10:18:48,116.33498,39.89181
2054,2008-02-07 10:23:57,116.33465,39.89178
2054,2008-02-07 10:23:57,116.33465,39.89178
2054,2008-02-07 10:28:57,116.33477,39.8918
2054,2008-02-07 10:33:57,116.33451,39.89216
2054,2008-02-07 10:38:57,116.33411,39.89191
2054,2008-02-07 10:43:57,116.33367,39.89261
2054,2008-02-07 10:48:57,116.33311,39.89265
2054,2008-02-07 10:53:55,116.33347,39.89257
2054,2008-02-07 10:58:57,116.33337,39.89263
2054,2008-02-07 11:03:57,116.33308,39.89227
2054,2008-02-07 11:08:57,116.33448,39.89256
2054,2008-02-07 11:13:57,116.33451,39.89248
2054,2008-02-07 11:18:57,116.33449,39.89248
2054,2008-02-07 11:23:57,116.33446,39.8925
2054,2008-02-07 11:28:57,116.33442,39.8925
2054,2008-02-07 11:33:57,116.34205,39.88721
2054,2008-02-07 11:38:57,116.33834,39.85015
2054,2008-02-07 11:43:57,116.33832,39.85006
2054,2008-02-07 11:48:57,116.34462,39.84948
2054,2008-02-07 11:53:57,116.37094,39.84581
2054,2008-02-07 11:58:57,116.37073,39.84541
2054,2008-02-07 12:03:57,116.37075,39.84539
2054,2008-02-07 12:08:57,116.37071,39.84534
2054,2008-02-07 12:13:57,116.37086,39.84532
2054,2008-02-07 12:18:57,116.37077,39.84529
2054,2008-02-07 12:23:57,116.37076,39.84526
2054,2008-02-07 12:28:57,116.37078,39.84527
2054,2008-02-07 12:33:57,116.37079,39.84527
2054,2008-02-07 12:38:57,116.37073,39.84578
2054,2008-02-07 12:43:57,116.3703,39.84573
2054,2008-02-07 12:48:57,116.36501,39.84283
2054,2008-02-07 12:48:57,116.36501,39.84283
2054,2008-02-07 12:55:13,116.3681,39.86585
2054,2008-02-07 13:18:30,116.33009,39.8658
2054,2008-02-07 13:23:29,116.33011,39.86571
2054,2008-02-07 13:28:29,116.33067,39.86803
2054,2008-02-07 13:33:29,116.33025,39.87168
2054,2008-02-07 13:38:29,116.34255,39.87644
2054,2008-02-07 13:43:29,116.34786,39.87954
2054,2008-02-07 13:48:29,116.36312,39.87713
2054,2008-02-07 13:53:29,116.36325,39.87436
2054,2008-02-07 13:58:29,116.35019,39.86831
2054,2008-02-07 14:03:29,116.34833,39.86833
2054,2008-02-07 14:08:29,116.35107,39.86771
2054,2008-02-07 14:13:29,116.33111,39.87426
2054,2008-02-07 14:18:29,116.33351,39.87591
2054,2008-02-07 14:23:29,116.32043,39.88246
2054,2008-02-07 14:28:29,116.33914,39.88813
2054,2008-02-07 14:33:29,116.35015,39.87648
2054,2008-02-07 14:38:29,116.35749,39.88486
2054,2008-02-07 14:43:29,116.3579,39.89815
2054,2008-02-07 14:48:29,116.37731,39.88798
2054,2008-02-07 14:53:29,116.38726,39.88271
2054,2008-02-07 14:58:29,116.39598,39.86299
2054,2008-02-07 15:03:29,116.40161,39.85753
2054,2008-02-07 15:08:29,116.40161,39.85788
2054,2008-02-07 15:12:18,116.40139,39.8574
2054,2008-02-07 15:13:30,116.40158,39.85769
2054,2008-02-07 15:18:30,116.40161,39.85787
2054,2008-02-07 15:23:30,116.40175,39.85877
2054,2008-02-07 15:28:29,116.40171,39.85797
2054,2008-02-07 15:28:29,116.40171,39.85797
2054,2008-02-07 15:33:24,116.40179,39.8583
2054,2008-02-07 15:38:28,116.40214,39.85854
2054,2008-02-07 15:43:29,116.4021,39.85866
2054,2008-02-07 15:48:29,116.40201,39.8579
2054,2008-02-07 15:53:29,116.40163,39.85784
2054,2008-02-07 15:58:29,116.40142,39.85641
2054,2008-02-07 16:03:29,116.40151,39.85766
2054,2008-02-07 16:08:29,116.40209,39.85808
2054,2008-02-07 16:13:29,116.40161,39.85777
2054,2008-02-07 16:32:50,116.40217,39.8589
2054,2008-02-07 16:37:50,116.40218,39.85888
2054,2008-02-07 16:42:49,116.40225,39.85886
2054,2008-02-07 16:47:49,116.40152,39.85754
2054,2008-02-07 16:52:49,116.40155,39.85749
2054,2008-02-07 16:57:49,116.40149,39.85747
2054,2008-02-07 17:02:49,116.40149,39.85748
2054,2008-02-07 17:07:49,116.40147,39.85751
2054,2008-02-07 17:12:49,116.40103,39.85782
2054,2008-02-07 17:17:49,116.40129,39.85771
2054,2008-02-07 17:22:49,116.40172,39.85796
2054,2008-02-07 17:27:49,116.40154,39.85778
2054,2008-02-07 17:32:49,116.40153,39.85773
2054,2008-02-07 17:37:49,116.40156,39.85753
2054,2008-02-07 17:42:49,116.40156,39.85755
2054,2008-02-07 17:47:49,116.40155,39.85755
2054,2008-02-07 17:52:48,116.40155,39.85756
2054,2008-02-07 17:57:48,116.40155,39.85756
2054,2008-02-07 18:02:48,116.40155,39.85756
2054,2008-02-07 18:07:48,116.40155,39.85757
2054,2008-02-07 18:12:48,116.40155,39.85757
2054,2008-02-07 18:12:48,116.40155,39.85757
2054,2008-02-07 18:17:48,116.40141,39.85759
2054,2008-02-07 18:37:00,116.40158,39.85758
2054,2008-02-07 18:37:00,116.40158,39.85758
2054,2008-02-07 18:42:00,116.40161,39.85757
2054,2008-02-07 18:47:00,116.4016,39.85757
2054,2008-02-07 18:52:00,116.40161,39.8577
2054,2008-02-07 19:02:00,116.40148,39.85758
2054,2008-02-07 19:07:00,116.40152,39.85717
2054,2008-02-07 19:12:00,116.40155,39.85749
2054,2008-02-07 19:16:51,116.40156,39.85746
2054,2008-02-07 19:22:00,116.40149,39.8574
2054,2008-02-07 19:27:00,116.40152,39.85716
2054,2008-02-07 19:32:00,116.40132,39.85692
2054,2008-02-07 19:37:00,116.40163,39.85746
2054,2008-02-07 19:42:00,116.40163,39.85754
2054,2008-02-07 19:47:00,116.40156,39.85769
2054,2008-02-07 19:52:00,116.40155,39.85763
2054,2008-02-07 19:57:00,116.40156,39.85764
2054,2008-02-07 20:02:00,116.39443,39.85923
2054,2008-02-07 20:07:00,116.40732,39.87035
2054,2008-02-07 20:12:00,116.38151,39.87308
2054,2008-02-07 20:17:00,116.37229,39.88185
2054,2008-02-07 20:22:00,116.37549,39.88014
2054,2008-02-07 20:26:59,116.38053,39.85973
2054,2008-02-07 20:31:59,116.38098,39.84373
2054,2008-02-07 20:36:59,116.39525,39.82159
2054,2008-02-07 20:41:59,116.39098,39.8147
2054,2008-02-07 20:46:59,116.39626,39.81372
2054,2008-02-07 20:51:59,116.40086,39.8375
2054,2008-02-07 20:56:59,116.40834,39.84913
2054,2008-02-07 21:01:59,116.41466,39.8557
2054,2008-02-07 21:01:59,116.41466,39.8557
2054,2008-02-07 21:06:59,116.38812,39.85746
2054,2008-02-07 21:11:59,116.39243,39.85729
2054,2008-02-07 21:16:59,116.42762,39.8573
2054,2008-02-07 21:21:59,116.41085,39.85591
2054,2008-02-07 21:26:59,116.39937,39.85978
2054,2008-02-07 21:31:59,116.39714,39.87018
2054,2008-02-07 21:36:59,116.42378,39.87983
2054,2008-02-07 21:41:59,116.42952,39.88618
2054,2008-02-07 21:46:59,116.42905,39.88533
2054,2008-02-07 21:51:59,116.42949,39.8704
2054,2008-02-07 21:56:59,116.41475,39.87695
2054,2008-02-07 22:01:59,116.40504,39.86377
2054,2008-02-07 22:08:40,116.38688,39.88368
2054,2008-02-07 22:13:40,116.38174,39.8914
2054,2008-02-07 22:18:40,116.37842,39.89459
2054,2008-02-07 22:23:40,116.38567,39.90743
2054,2008-02-07 22:28:40,116.39275,39.93205
2054,2008-02-07 22:33:40,116.41891,39.93223
2054,2008-02-07 22:38:40,116.4285,39.91803
2054,2008-02-07 22:38:40,116.4285,39.91803
2054,2008-02-07 22:43:40,116.43872,39.87452
2054,2008-02-07 22:48:40,116.40733,39.86665
2054,2008-02-07 22:53:36,116.39447,39.86431
2054,2008-02-07 22:58:40,116.38893,39.85258
2054,2008-02-07 23:08:40,116.38424,39.85933
2054,2008-02-07 23:13:40,116.38373,39.86388
2054,2008-02-07 23:18:40,116.40092,39.87016
2054,2008-02-07 23:23:40,116.39566,39.86409
2054,2008-02-07 23:28:40,116.36883,39.86964
2054,2008-02-07 23:33:40,116.36687,39.86175
2054,2008-02-07 23:38:40,116.36011,39.84448
2054,2008-02-07 23:43:40,116.3403,39.84596
2054,2008-02-07 23:48:40,116.34271,39.8932
2054,2008-02-07 23:53:40,116.30894,39.89562
2054,2008-02-07 23:58:40,116.32293,39.89555
2054,2008-02-08 00:03:40,116.33213,39.88852
2054,2008-02-08 00:08:40,116.35431,39.88795
2054,2008-02-08 00:13:40,116.3616,39.8872
2054,2008-02-08 00:18:39,116.34403,39.87942
2054,2008-02-08 00:23:40,116.33995,39.84692
2054,2008-02-08 00:34:00,116.341,39.78221
2054,2008-02-08 00:39:00,116.33939,39.80734
2054,2008-02-08 00:44:00,116.37266,39.82998
2054,2008-02-08 00:49:00,116.373,39.83299
2054,2008-02-08 00:54:00,116.3726,39.83816
2054,2008-02-08 00:54:00,116.3726,39.83816
2054,2008-02-08 00:59:00,116.36803,39.84577
2054,2008-02-08 01:04:00,116.36345,39.84935
2054,2008-02-08 01:08:52,116.37064,39.84557
2054,2008-02-08 01:13:34,116.37064,39.84557
2054,2008-02-08 01:18:16,116.37064,39.84557
2054,2008-02-08 01:24:00,116.37057,39.84578
2054,2008-02-08 01:29:00,116.37099,39.84633
2054,2008-02-08 01:34:00,116.37095,39.84629
2054,2008-02-08 01:39:00,116.37113,39.84647
2054,2008-02-08 01:44:00,116.37028,39.84548
2054,2008-02-08 01:49:00,116.37109,39.84605
2054,2008-02-08 01:54:00,116.37015,39.84538
2054,2008-02-08 01:59:00,116.37018,39.84543
2054,2008-02-08 02:24:00,116.37021,39.84539
2054,2008-02-08 02:49:00,116.37033,39.84549
2054,2008-02-08 02:54:00,116.37037,39.8455
2054,2008-02-08 02:59:00,116.37042,39.84551
2054,2008-02-08 03:03:59,116.37047,39.84545
2054,2008-02-08 03:08:59,116.37042,39.84556
2054,2008-02-08 03:13:59,116.37071,39.84543
2054,2008-02-08 03:18:59,116.37115,39.84524
2054,2008-02-08 03:18:59,116.37115,39.84524
2054,2008-02-08 03:23:59,116.37122,39.84517
2054,2008-02-08 03:28:59,116.37108,39.84516
2054,2008-02-08 03:33:59,116.37078,39.84537
2054,2008-02-08 03:38:59,116.37048,39.84553
2054,2008-02-08 03:43:59,116.37035,39.84558
2054,2008-02-08 03:48:52,116.37035,39.84557
2054,2008-02-08 03:53:34,116.37035,39.84557
2054,2008-02-08 03:58:59,116.37077,39.84527
2054,2008-02-08 04:03:59,116.37079,39.8453
2054,2008-02-08 04:08:59,116.37116,39.84556
2054,2008-02-08 04:13:59,116.37073,39.84534
2054,2008-02-08 04:18:59,116.37078,39.84534
2054,2008-02-08 04:23:59,116.37077,39.84533
2054,2008-02-08 04:28:59,116.37078,39.84534
2054,2008-02-08 04:33:59,116.37079,39.84535
2054,2008-02-08 04:38:59,116.37079,39.84535
2054,2008-02-08 04:43:59,116.37075,39.8454
2054,2008-02-08 04:48:59,116.3709,39.84503
2054,2008-02-08 04:53:59,116.37085,39.8454
2054,2008-02-08 04:58:43,116.37086,39.8454
2054,2008-02-08 05:03:59,116.37098,39.84548
2054,2008-02-08 05:08:44,116.37098,39.84547
2054,2008-02-08 05:13:26,116.37098,39.84547
2054,2008-02-08 05:18:59,116.3713,39.84608
2054,2008-02-08 05:23:59,116.37128,39.84604
2054,2008-02-08 05:28:59,116.37085,39.84552
2054,2008-02-08 05:33:59,116.37079,39.8455
2054,2008-02-08 05:38:59,116.37105,39.84533
2054,2008-02-08 05:43:59,116.37102,39.84568
2054,2008-02-08 05:43:59,116.37102,39.84568
2054,2008-02-08 05:48:55,116.37099,39.84567
2054,2008-02-08 05:53:59,116.37092,39.84561
2054,2008-02-08 05:58:43,116.3709,39.84563
2054,2008-02-08 06:03:59,116.37058,39.84516
2054,2008-02-08 06:08:59,116.37066,39.84587
2054,2008-02-08 06:13:55,116.3708,39.8455
2054,2008-02-08 06:18:57,116.37074,39.84553
2054,2008-02-08 06:23:43,116.37073,39.84533
2054,2008-02-08 06:28:59,116.37085,39.84544
2054,2008-02-08 06:33:46,116.37086,39.84544
2054,2008-02-08 06:38:57,116.37069,39.84543
2054,2008-02-08 06:43:59,116.37074,39.84545
2054,2008-02-08 06:48:59,116.37084,39.84532
2054,2008-02-08 06:53:59,116.37085,39.84534
2054,2008-02-08 06:58:59,116.37072,39.84532
2054,2008-02-08 07:03:52,116.3707,39.84533
2054,2008-02-08 07:08:55,116.37072,39.8451
2054,2008-02-08 07:13:59,116.37071,39.84536
2054,2008-02-08 07:18:42,116.37072,39.84535
2054,2008-02-08 07:23:58,116.37075,39.84526
2054,2008-02-08 07:28:56,116.37088,39.84535
2054,2008-02-08 07:33:58,116.37072,39.84531
2054,2008-02-08 07:38:58,116.37088,39.84628
2054,2008-02-08 07:43:58,116.37096,39.84616
2054,2008-02-08 07:48:52,116.37018,39.84692
2054,2008-02-08 07:53:58,116.37021,39.84636
2054,2008-02-08 07:58:58,116.37021,39.84649
2054,2008-02-08 08:03:58,116.37093,39.84654
2054,2008-02-08 08:08:52,116.37077,39.84655
2054,2008-02-08 08:08:52,116.37077,39.84655
2054,2008-02-08 08:13:58,116.36985,39.84595
2054,2008-02-08 08:18:49,116.36991,39.84593
2054,2008-02-08 08:23:51,116.37002,39.84583
2054,2008-02-08 08:28:58,116.37019,39.84552
2054,2008-02-08 08:33:47,116.37018,39.84553
2054,2008-02-08 08:38:29,116.37018,39.84553
2054,2008-02-08 08:43:12,116.37018,39.84553
2054,2008-02-08 08:47:54,116.37018,39.84553
2054,2008-02-08 08:52:36,116.37018,39.84553
2054,2008-02-08 08:57:19,116.37018,39.84553
2054,2008-02-08 08:57:19,116.37018,39.84553
2054,2008-02-08 09:02:01,116.37018,39.84553
2054,2008-02-08 09:02:01,116.37018,39.84553
2054,2008-02-08 09:06:44,116.37018,39.84553
2054,2008-02-08 09:11:26,116.37018,39.84553
2054,2008-02-08 09:16:08,116.37018,39.84553
2054,2008-02-08 09:20:51,116.37018,39.84553
2054,2008-02-08 09:25:33,116.37018,39.84553
2054,2008-02-08 09:30:15,116.37018,39.84553
2054,2008-02-08 09:34:58,116.37018,39.84553
2054,2008-02-08 09:39:40,116.37018,39.84553
2054,2008-02-08 09:44:22,116.37018,39.84553
2054,2008-02-08 09:49:05,116.37018,39.84553
2054,2008-02-08 09:53:47,116.37018,39.84553
2054,2008-02-08 10:03:58,116.37117,39.84579
2054,2008-02-08 10:08:58,116.37082,39.84535
2054,2008-02-08 10:13:58,116.37094,39.84556
2054,2008-02-08 10:18:58,116.3706,39.84542
2054,2008-02-08 10:23:58,116.3706,39.84542
2054,2008-02-08 10:28:58,116.37061,39.84543
2054,2008-02-08 10:33:58,116.37256,39.83973
2054,2008-02-08 10:33:58,116.37256,39.83973
2054,2008-02-08 10:38:58,116.37246,39.84138
2054,2008-02-08 10:43:58,116.37188,39.84126
2054,2008-02-08 10:48:58,116.37246,39.84118
2054,2008-02-08 10:53:58,116.37255,39.84126
2054,2008-02-08 10:58:58,116.37301,39.8409
2054,2008-02-08 11:03:58,116.37245,39.84112
2054,2008-02-08 11:08:58,116.37253,39.84119
2054,2008-02-08 11:13:58,116.37272,39.8446
2054,2008-02-08 11:18:58,116.37093,39.84553
2054,2008-02-08 11:23:58,116.37091,39.8455
2054,2008-02-08 11:28:58,116.37093,39.84552
2054,2008-02-08 11:33:58,116.37094,39.84553
2054,2008-02-08 11:38:58,116.37081,39.84535
2054,2008-02-08 11:43:58,116.37087,39.84542
2054,2008-02-08 11:48:57,116.37089,39.84543
2054,2008-02-08 11:53:57,116.37091,39.84543
2054,2008-02-08 11:58:57,116.37092,39.84543
2054,2008-02-08 12:03:57,116.37088,39.84541
2054,2008-02-08 12:03:57,116.37088,39.84541
2054,2008-02-08 12:08:57,116.37004,39.8452
2054,2008-02-08 12:13:57,116.37013,39.84521
2054,2008-02-08 12:18:57,116.37098,39.84527
2054,2008-02-08 12:23:57,116.37101,39.84534
2054,2008-02-08 12:28:57,116.37101,39.84532
2054,2008-02-08 12:38:57,116.37082,39.84539
2054,2008-02-08 12:43:57,116.37084,39.84536
2054,2008-02-08 12:48:57,116.37084,39.84535
2054,2008-02-08 12:53:57,116.37105,39.84495
2054,2008-02-08 12:58:57,116.37084,39.84533
2054,2008-02-08 12:58:57,116.37084,39.84533
2054,2008-02-08 13:03:57,116.37083,39.84536
2054,2008-02-08 13:08:57,116.37084,39.84534
2054,2008-02-08 13:13:57,116.37086,39.84533
2054,2008-02-08 13:18:57,116.37073,39.84535
2054,2008-02-08 13:23:57,116.37071,39.84549
2054,2008-02-08 13:28:57,116.3707,39.8455
2054,2008-02-08 13:33:57,116.3707,39.84551
2054,2008-02-08 13:38:57,116.37085,39.84562
2054,2008-02-08 13:43:57,116.37079,39.84565
2054,2008-02-08 13:48:57,116.37078,39.84564
2054,2008-02-08 13:53:57,116.37076,39.84562
2054,2008-02-08 13:58:57,116.37075,39.84561
2054,2008-02-08 14:03:57,116.37075,39.84559
2054,2008-02-08 14:08:57,116.37076,39.84556
2054,2008-02-08 14:13:57,116.37077,39.84553
2054,2008-02-08 14:18:57,116.371,39.84555
2054,2008-02-08 14:23:57,116.37094,39.84547
2054,2008-02-08 14:28:57,116.37094,39.84546
2054,2008-02-08 14:33:57,116.37092,39.84545
2054,2008-02-08 14:38:57,116.37092,39.84545
2054,2008-02-08 14:43:57,116.37084,39.84552
2054,2008-02-08 14:48:57,116.37085,39.84548
2054,2008-02-08 14:53:42,116.37082,39.8455
2054,2008-02-08 14:58:57,116.37087,39.84538
2054,2008-02-08 15:03:57,116.37079,39.84539
2054,2008-02-08 15:08:57,116.37081,39.84539
2054,2008-02-08 15:12:46,116.37077,39.84541
2054,2008-02-08 15:13:58,116.37102,39.84481
2054,2008-02-08 15:18:58,116.37079,39.84511
2054,2008-02-08 15:23:57,116.37081,39.84505
2054,2008-02-08 15:23:57,116.37081,39.84505
2054,2008-02-08 15:28:57,116.37082,39.8451
2054,2008-02-08 15:33:57,116.37082,39.84511
2054,2008-02-08 15:38:57,116.37084,39.8451
2054,2008-02-08 15:43:57,116.37085,39.8451
2054,2008-02-08 15:48:57,116.37086,39.84511
2054,2008-02-08 15:53:57,116.37086,39.84513
2054,2008-02-08 15:58:57,116.37087,39.84515
2054,2008-02-08 16:03:56,116.37084,39.84543
2054,2008-02-08 16:08:56,116.3708,39.84555
2054,2008-02-08 16:13:56,116.37083,39.84545
2054,2008-02-08 16:18:56,116.37084,39.84544
2054,2008-02-08 16:23:56,116.37084,39.84551
2054,2008-02-08 16:28:56,116.37094,39.84535
2054,2008-02-08 16:33:56,116.37087,39.84527
2054,2008-02-08 16:38:56,116.37083,39.84526
2054,2008-02-08 16:43:56,116.3708,39.84525
2054,2008-02-08 16:48:56,116.37079,39.84525
2054,2008-02-08 16:53:56,116.37076,39.84539
2054,2008-02-08 16:58:56,116.37066,39.84529
2054,2008-02-08 17:03:56,116.37065,39.84528
2054,2008-02-08 17:08:56,116.37068,39.8453
2054,2008-02-08 17:13:56,116.37075,39.84535
2054,2008-02-08 17:18:56,116.37079,39.84537
2054,2008-02-08 17:23:56,116.37081,39.84539
2054,2008-02-08 17:28:56,116.37083,39.8454
2054,2008-02-08 17:33:56,116.37084,39.84553
2054,2008-02-08 17:38:56,116.37076,39.84543
