taxi_id,time,lon,lat
2187,2008-02-02 13:38:31,116.3548,39.95461
2187,2008-02-02 13:43:31,116.3548,39.95458
2187,2008-02-02 13:48:31,116.35462,39.95413
2187,2008-02-02 13:48:31,116.35462,39.95413
2187,2008-02-02 13:53:31,116.35462,39.95403
2187,2008-02-02 13:58:30,116.35459,39.95397
2187,2008-02-02 14:03:30,116.35464,39.95404
2187,2008-02-02 14:08:30,116.3551,39.95155
2187,2008-02-02 14:13:30,116.35086,39.94293
2187,2008-02-02 14:18:30,116.33442,39.93727
2187,2008-02-02 14:23:30,116.33391,39.93693
2187,2008-02-02 14:28:30,116.34365,39.94422
2187,2008-02-02 14:38:30,116.3278,39.97149
2187,2008-02-02 14:38:30,116.3278,39.97149
2187,2008-02-02 14:43:30,116.32717,39.98384
2187,2008-02-02 14:48:30,116.30912,40.00126
2187,2008-02-02 14:58:30,116.30491,40.03434
2187,2008-02-02 15:08:30,116.27381,40.02256
2187,2008-02-02 15:23:30,116.30092,39.98108
2187,2008-02-02 15:28:30,116.29868,39.99085
2187,2008-02-02 15:33:30,116.29556,40.0025
2187,2008-02-02 15:38:30,116.29148,39.99592
2187,2008-02-02 15:43:30,116.29064,39.99139
2187,2008-02-02 15:49:35,116.30186,39.96153
2187,2008-02-02 15:58:30,116.30084,39.96932
2187,2008-02-02 16:03:30,116.30202,39.98103
2187,2008-02-02 16:08:30,116.30887,39.98177
2187,2008-02-02 16:13:21,116.30874,39.98065
2187,2008-02-02 16:13:24,116.30874,39.98065
2187,2008-02-02 16:18:30,116.30825,39.98396
2187,2008-02-02 16:23:30,116.33872,39.98527
2187,2008-02-02 16:28:30,116.38813,39.98662
2187,2008-02-02 16:33:30,116.40151,39.99416
2187,2008-02-02 16:38:30,116.40642,40.00035
2187,2008-02-02 16:43:30,116.40746,39.99749
2187,2008-02-02 16:53:30,116.39519,39.98872
2187,2008-02-02 16:58:30,116.3984,40.00136
2187,2008-02-02 17:03:30,116.3967,40.00093
2187,2008-02-02 17:03:30,116.3967,40.00093
2187,2008-02-02 17:08:30,116.39672,40.00088
2187,2008-02-02 17:13:30,116.39449,39.99394
2187,2008-02-02 17:18:30,116.37527,39.98665
2187,2008-02-02 17:23:30,116.35988,39.99247
2187,2008-02-02 17:28:30,116.34499,39.992
2187,2008-02-02 17:33:30,116.3303,39.99158
2187,2008-02-02 17:38:30,116.32663,39.99209
2187,2008-02-02 17:43:30,116.33723,39.98492
2187,2008-02-02 17:48:30,116.35823,39.98576
2187,2008-02-02 17:53:30,116.39648,39.98681
2187,2008-02-02 17:53:30,116.39648,39.98681
2187,2008-02-02 17:53:30,116.39648,39.98681
2187,2008-02-02 17:58:29,116.44904,39.9793
2187,2008-02-02 18:03:29,116.48377,39.94748
2187,2008-02-02 18:08:29,116.48351,39.91473
2187,2008-02-02 18:13:29,116.49688,39.91438
2187,2008-02-02 18:18:29,116.51153,39.91529
2187,2008-02-02 18:23:29,116.50755,39.92286
2187,2008-02-02 18:28:29,116.49592,39.92206
2187,2008-02-02 18:33:29,116.49585,39.92316
2187,2008-02-02 18:38:29,116.47217,39.92741
2187,2008-02-02 18:43:29,116.46113,39.9281
2187,2008-02-02 18:48:29,116.44968,39.9221
2187,2008-02-02 18:53:29,116.4406,39.92189
2187,2008-02-02 19:01:20,116.42772,39.93692
2187,2008-02-02 19:03:29,116.42518,39.94829
2187,2008-02-02 19:08:29,116.40133,39.94771
2187,2008-02-02 19:13:29,116.38442,39.94758
2187,2008-02-02 19:18:29,116.37129,39.94753
2187,2008-02-02 19:23:29,116.36101,39.94592
2187,2008-02-02 19:28:29,116.35291,39.94338
2187,2008-02-02 19:28:29,116.35291,39.94338
2187,2008-02-02 19:33:29,116.33873,39.93735
2187,2008-02-02 19:38:29,116.32141,39.93585
2187,2008-02-02 19:43:29,116.33436,39.9368
2187,2008-02-02 19:48:29,116.34292,39.93818
2187,2008-02-02 19:53:29,116.3526,39.93718
2187,2008-02-02 19:58:29,116.3498,39.93413
2187,2008-02-02 20:03:29,116.34389,39.93863
2187,2008-02-02 20:08:29,116.3272,39.93346
2187,2008-02-02 20:13:29,116.33078,39.93109
2187,2008-02-02 20:18:29,116.33625,39.93107
2187,2008-02-02 20:23:29,116.34496,39.93103
2187,2008-02-02 20:28:29,116.34878,39.931
2187,2008-02-02 20:38:29,116.36242,39.95124
2187,2008-02-02 20:43:29,116.36466,39.95139
2187,2008-02-02 20:48:29,116.36527,39.9502
2187,2008-02-02 20:53:29,116.36528,39.95014
2187,2008-02-02 20:58:29,116.36566,39.94768
2187,2008-02-02 21:03:29,116.38034,39.94738
2187,2008-02-02 21:08:29,116.4274,39.94606
2187,2008-02-02 21:13:29,116.42833,39.92013
2187,2008-02-02 21:18:29,116.42942,39.90465
2187,2008-02-02 21:23:29,116.46142,39.89935
2187,2008-02-02 21:28:29,116.47175,39.90283
2187,2008-02-02 21:33:29,116.4996,39.90667
2187,2008-02-02 21:38:29,116.52087,39.91593
2187,2008-02-02 21:43:29,116.54969,39.91479
2187,2008-02-02 21:48:29,116.56676,39.91393
2187,2008-02-02 21:53:29,116.57644,39.91506
2187,2008-02-02 21:53:29,116.57644,39.91506
2187,2008-02-02 21:58:29,116.57441,39.91493
2187,2008-02-02 22:03:28,116.57446,39.91493
2187,2008-02-02 22:08:28,116.57435,39.91498
2187,2008-02-02 22:13:28,116.5743,39.91499
2187,2008-02-02 22:23:28,116.57429,39.9149
2187,2008-02-02 22:28:28,116.57444,39.91493
2187,2008-02-02 22:33:28,116.57442,39.91498
2187,2008-02-02 22:33:28,116.57442,39.91498
2187,2008-02-02 22:38:28,116.57447,39.91499
2187,2008-02-02 22:43:28,116.57443,39.91508
2187,2008-02-02 22:48:28,116.57446,39.91507
2187,2008-02-02 22:53:28,116.5744,39.91506
2187,2008-02-02 22:58:28,116.57462,39.91517
2187,2008-02-02 23:03:28,116.57437,39.91492
2187,2008-02-02 23:08:28,116.57447,39.91484
2187,2008-02-02 23:13:28,116.57437,39.91496
2187,2008-02-02 23:18:28,116.57416,39.91481
2187,2008-02-02 23:23:28,116.57428,39.91492
2187,2008-02-02 23:28:28,116.57418,39.91488
2187,2008-02-02 23:33:28,116.57452,39.91491
2187,2008-02-02 23:38:28,116.57429,39.9149
2187,2008-02-02 23:43:28,116.57424,39.91489
2187,2008-02-02 23:48:28,116.57429,39.91485
2187,2008-02-02 23:58:28,116.57435,39.91489
2187,2008-02-03 00:03:44,116.57425,39.91488
2187,2008-02-03 00:08:28,116.57435,39.91491
2187,2008-02-03 00:13:28,116.57445,39.91497
2187,2008-02-03 00:18:28,116.57445,39.91494
2187,2008-02-03 00:18:28,116.57445,39.91494
2187,2008-02-03 00:23:28,116.57443,39.91496
2187,2008-02-03 00:28:28,116.57444,39.91492
2187,2008-02-03 00:33:28,116.57436,39.91493
2187,2008-02-03 00:38:28,116.57443,39.91494
2187,2008-02-03 00:43:28,116.57435,39.91492
2187,2008-02-03 00:53:28,116.57427,39.91496
2187,2008-02-03 00:58:28,116.57426,39.91497
2187,2008-02-03 01:03:28,116.57434,39.91489
2187,2008-02-03 01:13:28,116.57452,39.91494
2187,2008-02-03 01:18:28,116.57438,39.91492
2187,2008-02-03 01:23:28,116.57432,39.91498
2187,2008-02-03 01:28:28,116.57444,39.91486
2187,2008-02-03 01:33:28,116.57439,39.91492
2187,2008-02-03 01:38:28,116.57449,39.91493
2187,2008-02-03 01:43:28,116.57457,39.91511
2187,2008-02-03 01:48:28,116.57447,39.91499
2187,2008-02-03 01:53:28,116.57454,39.91487
2187,2008-02-03 01:58:28,116.57457,39.91481
2187,2008-02-03 02:18:27,116.57441,39.91511
2187,2008-02-03 02:23:27,116.57441,39.91497
2187,2008-02-03 03:36:24,116.57434,39.91472
2187,2008-02-03 03:38:27,116.57421,39.91481
2187,2008-02-03 03:43:27,116.57436,39.91489
2187,2008-02-03 03:48:27,116.57442,39.91491
2187,2008-02-03 03:53:27,116.57446,39.91494
2187,2008-02-03 03:58:27,116.57425,39.91481
2187,2008-02-03 04:03:27,116.57433,39.91486
2187,2008-02-03 04:08:27,116.5744,39.91492
2187,2008-02-03 04:13:27,116.57433,39.91494
2187,2008-02-03 04:18:27,116.57436,39.91485
2187,2008-02-03 04:23:27,116.57464,39.91489
2187,2008-02-03 04:28:27,116.57435,39.91487
2187,2008-02-03 04:33:27,116.57451,39.91486
2187,2008-02-03 04:43:27,116.57435,39.91507
2187,2008-02-03 04:53:27,116.57444,39.91491
2187,2008-02-03 04:58:27,116.57439,39.91496
2187,2008-02-03 05:03:27,116.57449,39.91494
2187,2008-02-03 05:08:27,116.57444,39.91501
2187,2008-02-03 05:08:27,116.57444,39.91501
2187,2008-02-03 05:13:27,116.57429,39.91497
2187,2008-02-03 05:18:27,116.57458,39.91481
2187,2008-02-03 05:23:27,116.57451,39.91498
2187,2008-02-03 05:33:27,116.57449,39.91498
2187,2008-02-03 05:38:27,116.57441,39.91499
2187,2008-02-03 05:43:27,116.57438,39.91506
2187,2008-02-03 05:48:27,116.57453,39.91502
2187,2008-02-03 05:53:27,116.57446,39.91494
2187,2008-02-03 05:58:27,116.57441,39.91502
2187,2008-02-03 06:03:27,116.57439,39.91493
2187,2008-02-03 06:08:27,116.57444,39.91497
2187,2008-02-03 06:13:26,116.57439,39.91486
2187,2008-02-03 06:18:26,116.57436,39.9149
2187,2008-02-03 06:23:26,116.57428,39.91491
2187,2008-02-03 06:28:26,116.57448,39.91492
2187,2008-02-03 06:33:26,116.57445,39.91493
2187,2008-02-03 06:43:26,116.57446,39.91491
2187,2008-02-03 06:48:26,116.57448,39.9149
2187,2008-02-03 06:58:26,116.57446,39.9149
2187,2008-02-03 07:03:26,116.57442,39.91497
2187,2008-02-03 07:08:26,116.57442,39.91491
2187,2008-02-03 07:13:26,116.57443,39.91493
2187,2008-02-03 07:18:26,116.57435,39.91492
2187,2008-02-03 07:23:26,116.57451,39.91483
2187,2008-02-03 07:28:26,116.57462,39.91508
2187,2008-02-03 07:33:26,116.57453,39.91489
2187,2008-02-03 07:33:26,116.57453,39.91489
2187,2008-02-03 07:38:26,116.57457,39.91485
2187,2008-02-03 07:43:26,116.57442,39.91497
2187,2008-02-03 07:48:26,116.57441,39.9149
2187,2008-02-03 07:53:26,116.57425,39.91493
2187,2008-02-03 07:58:26,116.5745,39.91483
2187,2008-02-03 08:03:26,116.5745,39.91496
2187,2008-02-03 08:08:26,116.57444,39.91492
2187,2008-02-03 08:13:26,116.57443,39.91499
2187,2008-02-03 08:18:26,116.57451,39.91496
2187,2008-02-03 08:28:26,116.57457,39.91493
2187,2008-02-03 08:38:26,116.57459,39.91487
2187,2008-02-03 08:48:26,116.57456,39.91488
2187,2008-02-03 08:58:26,116.57446,39.91487
2187,2008-02-03 09:08:27,116.54381,39.91484
2187,2008-02-03 09:13:26,116.51868,39.91602
2187,2008-02-03 09:28:26,116.48404,39.92283
2187,2008-02-03 09:38:26,116.41437,39.9875
2187,2008-02-03 09:43:26,116.40932,39.99093
2187,2008-02-03 09:53:26,116.40233,39.98172
2187,2008-02-03 10:03:26,116.37711,39.96717
2187,2008-02-03 10:13:25,116.36325,39.98559
2187,2008-02-03 10:18:25,116.33146,39.98506
2187,2008-02-03 10:23:25,116.29918,39.98352
2187,2008-02-03 10:28:25,116.30059,39.9707
2187,2008-02-03 10:33:25,116.30316,39.95332
2187,2008-02-03 10:38:25,116.30351,39.923
2187,2008-02-03 10:43:25,116.30402,39.90784
2187,2008-02-03 10:48:25,116.29522,39.92659
2187,2008-02-03 10:53:25,116.29812,39.93586
2187,2008-02-03 10:58:25,116.31726,39.93111
2187,2008-02-03 11:03:25,116.33052,39.92165
2187,2008-02-03 11:08:25,116.35005,39.91811
2187,2008-02-03 11:13:25,116.35156,39.90769
2187,2008-02-03 11:18:25,116.35035,39.92043
2187,2008-02-03 11:23:25,116.3464,39.93918
2187,2008-02-03 11:28:25,116.34124,39.95309
2187,2008-02-03 11:33:25,116.34101,39.95331
2187,2008-02-03 11:38:25,116.32923,39.95653
2187,2008-02-03 11:48:25,116.3271,39.98617
2187,2008-02-03 11:53:25,116.33727,39.99169
2187,2008-02-03 11:58:25,116.34652,39.992
2187,2008-02-03 12:03:25,116.3596,39.97609
2187,2008-02-03 12:08:25,116.35946,39.9761
2187,2008-02-03 12:28:25,116.34934,39.93749
2187,2008-02-03 12:33:25,116.35005,39.92015
2187,2008-02-03 12:43:25,116.30331,39.89632
2187,2008-02-03 12:53:25,116.3166,39.89489
2187,2008-02-03 12:58:25,116.31526,39.90533
2187,2008-02-03 13:03:25,116.30453,39.90946
2187,2008-02-03 13:08:25,116.31684,39.92231
2187,2008-02-03 13:13:25,116.31978,39.9229
2187,2008-02-03 13:18:25,116.3313,39.93671
2187,2008-02-03 13:23:25,116.3497,39.93828
2187,2008-02-03 13:28:25,116.35531,39.95294
2187,2008-02-03 13:33:25,116.35476,39.95417
2187,2008-02-03 13:38:25,116.3547,39.95441
2187,2008-02-03 13:43:25,116.35484,39.95473
2187,2008-02-03 13:48:25,116.35471,39.95446
2187,2008-02-03 13:53:25,116.35479,39.9544
2187,2008-02-03 13:58:25,116.35502,39.95476
2187,2008-02-03 14:03:25,116.35408,39.951
2187,2008-02-03 14:08:25,116.35025,39.94263
2187,2008-02-03 14:13:25,116.34949,39.93107
2187,2008-02-03 14:18:24,116.35034,39.91375
2187,2008-02-03 14:25:05,116.33292,39.88857
2187,2008-02-03 14:33:24,116.32279,39.90308
2187,2008-02-03 14:38:24,116.31482,39.90879
2187,2008-02-03 14:43:24,116.31434,39.90064
2187,2008-02-03 14:48:24,116.30976,39.9063
2187,2008-02-03 14:53:24,116.3022,39.90749
2187,2008-02-03 14:58:24,116.30079,39.90647
2187,2008-02-03 15:03:24,116.28906,39.90939
2187,2008-02-03 15:08:24,116.29111,39.93155
2187,2008-02-03 15:13:24,116.3147,39.93785
2187,2008-02-03 15:18:24,116.35826,39.94473
2187,2008-02-03 15:23:24,116.40977,39.94785
2187,2008-02-03 15:28:24,116.43285,39.93827
2187,2008-02-03 15:33:24,116.43761,39.93557
2187,2008-02-03 15:38:24,116.42778,39.94005
2187,2008-02-03 15:43:24,116.40858,39.93955
2187,2008-02-03 15:48:24,116.39409,39.93947
2187,2008-02-03 15:53:24,116.38991,39.93898
2187,2008-02-03 15:58:24,116.3758,39.94386
2187,2008-02-03 16:03:24,116.39785,39.94764
2187,2008-02-03 16:05:31,116.41014,39.94786
2187,2008-02-03 16:08:24,116.42745,39.94418
2187,2008-02-03 16:13:24,116.42833,39.92
2187,2008-02-03 16:18:24,116.42935,39.90911
2187,2008-02-03 16:30:32,116.47485,39.89927
2187,2008-02-03 16:39:48,116.48413,39.92722
2187,2008-02-03 16:40:18,116.4842,39.93118
2187,2008-02-03 16:45:18,116.48293,39.95471
2187,2008-02-03 16:50:18,116.49401,39.95361
2187,2008-02-03 16:55:18,116.51035,39.93902
2187,2008-02-03 17:00:18,116.48917,39.94412
2187,2008-02-03 17:05:18,116.4968,39.96035
2187,2008-02-03 17:10:18,116.49036,39.97057
2187,2008-02-03 17:15:18,116.49058,39.97063
2187,2008-02-03 17:20:18,116.49044,39.97055
2187,2008-02-03 17:25:18,116.49059,39.97059
2187,2008-02-03 17:30:18,116.49052,39.9627
2187,2008-02-03 17:35:18,116.47297,39.95364
2187,2008-02-03 17:40:18,116.45805,39.94878
2187,2008-02-03 17:45:18,116.44656,39.94663
2187,2008-02-03 17:55:18,116.43662,39.94639
2187,2008-02-03 18:00:18,116.44911,39.94953
2187,2008-02-03 18:05:18,116.46111,39.95775
2187,2008-02-03 18:10:18,116.45899,39.949
2187,2008-02-03 18:15:18,116.45522,39.94106
2187,2008-02-03 18:20:18,116.42962,39.93976
2187,2008-02-03 18:25:18,116.4283,39.91716
2187,2008-02-03 18:30:18,116.41891,39.90858
2187,2008-02-03 18:35:18,116.42042,39.91609
2187,2008-02-03 18:40:18,116.43071,39.92298
2187,2008-02-03 18:45:18,116.44421,39.92226
2187,2008-02-03 18:45:18,116.44421,39.92226
2187,2008-02-03 18:50:18,116.44429,39.93255
2187,2008-02-03 18:55:18,116.44429,39.9445
2187,2008-02-03 19:00:17,116.43943,39.95484
2187,2008-02-03 19:05:17,116.44289,39.95359
2187,2008-02-03 19:10:17,116.47211,39.96408
2187,2008-02-03 19:15:17,116.48349,39.92409
2187,2008-02-03 19:20:17,116.49867,39.91452
2187,2008-02-03 19:25:17,116.48521,39.9143
2187,2008-02-03 19:30:17,116.45723,39.91735
2187,2008-02-03 19:35:17,116.44686,39.92031
2187,2008-02-03 19:45:17,116.42824,39.9234
2187,2008-02-03 19:50:17,116.42407,39.92799
2187,2008-02-03 19:55:17,116.42936,39.93228
2187,2008-02-03 20:00:17,116.44358,39.93232
2187,2008-02-03 20:05:17,116.45591,39.93417
2187,2008-02-03 20:10:17,116.46283,39.94308
2187,2008-02-03 20:15:17,116.46644,39.93332
2187,2008-02-03 20:20:17,116.47858,39.92373
2187,2008-02-03 20:25:17,116.48876,39.91424
2187,2008-02-03 20:30:17,116.50875,39.9151
2187,2008-02-03 20:35:17,116.51212,39.91537
2187,2008-02-03 20:40:17,116.51168,39.92153
2187,2008-02-03 20:45:17,116.50692,39.92966
2187,2008-02-03 20:55:17,116.54346,39.92243
2187,2008-02-03 21:00:17,116.57731,39.91948
2187,2008-02-03 21:05:17,116.57659,39.91305
2187,2008-02-03 21:10:17,116.57427,39.91497
2187,2008-02-03 21:10:17,116.57427,39.91497
2187,2008-02-03 21:15:17,116.5744,39.91499
2187,2008-02-03 21:20:17,116.57449,39.91496
2187,2008-02-03 21:25:17,116.57436,39.915
2187,2008-02-03 21:30:17,116.57453,39.91498
2187,2008-02-03 21:35:17,116.57434,39.91503
2187,2008-02-03 21:40:17,116.57439,39.915
2187,2008-02-03 21:45:17,116.57426,39.91496
2187,2008-02-03 21:55:17,116.57439,39.91496
2187,2008-02-03 22:00:17,116.57431,39.91503
2187,2008-02-03 22:05:17,116.57418,39.91513
2187,2008-02-03 22:10:17,116.57432,39.91497
2187,2008-02-03 22:15:17,116.57439,39.91507
2187,2008-02-03 22:20:17,116.57421,39.91516
2187,2008-02-03 22:25:17,116.57435,39.91498
2187,2008-02-03 22:30:17,116.57503,39.91521
2187,2008-02-03 22:35:17,116.57441,39.91501
2187,2008-02-03 22:40:17,116.57449,39.91499
2187,2008-02-03 22:45:17,116.57434,39.9148
2187,2008-02-03 22:50:17,116.57434,39.91482
2187,2008-02-03 22:55:17,116.57462,39.91514
2187,2008-02-03 23:00:17,116.57452,39.91494
2187,2008-02-03 23:05:16,116.57442,39.91484
2187,2008-02-03 23:10:16,116.57433,39.91491
2187,2008-02-03 23:10:16,116.57433,39.91491
2187,2008-02-03 23:10:16,116.57433,39.91491
2187,2008-02-03 23:15:16,116.57432,39.91485
2187,2008-02-03 23:25:16,116.5742,39.91477
2187,2008-02-03 23:30:16,116.5744,39.91492
2187,2008-02-03 23:35:16,116.57418,39.91493
2187,2008-02-03 23:35:16,116.57418,39.91493
2187,2008-02-03 23:40:16,116.57444,39.91494
2187,2008-02-03 23:45:16,116.57441,39.91492
2187,2008-02-03 23:50:16,116.5744,39.91492
2187,2008-02-03 23:55:16,116.5743,39.91486
2187,2008-02-04 00:00:16,116.57443,39.91493
2187,2008-02-04 00:05:16,116.5743,39.91493
2187,2008-02-04 00:10:16,116.57447,39.91494
2187,2008-02-04 00:15:16,116.57437,39.91494
2187,2008-02-04 00:20:16,116.57442,39.91494
2187,2008-02-04 00:25:16,116.57439,39.91487
2187,2008-02-04 00:30:16,116.57444,39.91493
2187,2008-02-04 00:35:16,116.57443,39.9149
2187,2008-02-04 00:40:16,116.57433,39.91488
2187,2008-02-04 00:45:16,116.57436,39.91496
2187,2008-02-04 00:50:16,116.57426,39.91497
2187,2008-02-04 00:55:16,116.57434,39.91492
2187,2008-02-04 01:00:16,116.57435,39.91492
2187,2008-02-04 01:05:16,116.5744,39.91493
2187,2008-02-04 01:10:16,116.57443,39.91493
2187,2008-02-04 01:15:16,116.57406,39.91504
2187,2008-02-04 01:20:16,116.57449,39.91489
2187,2008-02-04 01:25:16,116.57428,39.91499
2187,2008-02-04 01:30:16,116.57442,39.91495
2187,2008-02-04 01:35:16,116.57439,39.91495
2187,2008-02-04 01:40:16,116.57428,39.91492
2187,2008-02-04 01:45:16,116.57434,39.91496
2187,2008-02-04 01:50:16,116.57434,39.91493
2187,2008-02-04 01:55:16,116.57439,39.9149
2187,2008-02-04 02:00:16,116.57451,39.91494
2187,2008-02-04 02:00:16,116.57451,39.91494
2187,2008-02-04 02:10:16,116.5745,39.91485
2187,2008-02-04 02:15:16,116.57433,39.91504
2187,2008-02-04 02:20:16,116.57443,39.91501
2187,2008-02-04 02:25:16,116.57438,39.91495
2187,2008-02-04 02:30:16,116.57434,39.91487
2187,2008-02-04 02:35:16,116.57437,39.91499
2187,2008-02-04 02:40:16,116.57437,39.91505
2187,2008-02-04 02:45:16,116.57441,39.91493
2187,2008-02-04 02:50:16,116.57433,39.91507
2187,2008-02-04 02:55:16,116.57441,39.91499
2187,2008-02-04 03:00:16,116.5743,39.91507
2187,2008-02-04 03:05:15,116.57448,39.91499
2187,2008-02-04 03:10:15,116.57443,39.915
2187,2008-02-04 03:15:15,116.57446,39.91494
2187,2008-02-04 03:20:15,116.57439,39.91494
2187,2008-02-04 03:25:15,116.57452,39.91494
2187,2008-02-04 03:30:15,116.57445,39.91484
2187,2008-02-04 03:35:15,116.57444,39.91485
2187,2008-02-04 03:40:15,116.57446,39.9149
2187,2008-02-04 03:45:15,116.57441,39.91487
2187,2008-02-04 03:50:15,116.57441,39.91489
2187,2008-02-04 03:55:15,116.57443,39.9149
2187,2008-02-04 04:00:15,116.57433,39.91492
2187,2008-02-04 04:05:15,116.57453,39.91496
2187,2008-02-04 04:10:15,116.57441,39.91492
2187,2008-02-04 04:15:15,116.5744,39.91485
2187,2008-02-04 04:20:15,116.57447,39.91485
2187,2008-02-04 04:25:15,116.57445,39.91498
2187,2008-02-04 04:25:15,116.57445,39.91498
2187,2008-02-04 04:30:15,116.57445,39.91488
2187,2008-02-04 04:35:15,116.57429,39.91487
2187,2008-02-04 04:40:15,116.57456,39.91479
2187,2008-02-04 04:45:15,116.5745,39.91494
2187,2008-02-04 04:50:15,116.57431,39.91503
2187,2008-02-04 04:55:15,116.57438,39.915
2187,2008-02-04 05:00:15,116.57436,39.91497
2187,2008-02-04 05:05:15,116.57441,39.91499
2187,2008-02-04 05:10:15,116.57445,39.91497
2187,2008-02-04 05:15:15,116.57432,39.91493
2187,2008-02-04 05:20:15,116.57434,39.91499
2187,2008-02-04 05:25:15,116.5745,39.91493
2187,2008-02-04 05:30:15,116.57452,39.91498
2187,2008-02-04 05:35:15,116.57449,39.915
2187,2008-02-04 05:40:15,116.5745,39.91497
2187,2008-02-04 05:45:15,116.5745,39.91494
2187,2008-02-04 05:50:15,116.57447,39.91498
2187,2008-02-04 06:00:15,116.5744,39.91483
2187,2008-02-04 06:05:15,116.57447,39.91486
2187,2008-02-04 06:10:15,116.5744,39.91484
2187,2008-02-04 06:15:15,116.5744,39.91482
2187,2008-02-04 06:20:15,116.57433,39.91489
2187,2008-02-04 06:25:15,116.57433,39.91494
2187,2008-02-04 06:30:15,116.57443,39.91493
2187,2008-02-04 06:35:15,116.57435,39.91496
2187,2008-02-04 06:40:15,116.57439,39.91496
2187,2008-02-04 06:45:15,116.57437,39.91493
2187,2008-02-04 06:50:15,116.57442,39.91495
2187,2008-02-04 06:50:15,116.57442,39.91495
2187,2008-02-04 06:55:15,116.57446,39.91491
2187,2008-02-04 07:00:15,116.57435,39.91496
2187,2008-02-04 07:10:14,116.57437,39.91493
2187,2008-02-04 07:15:14,116.57437,39.91503
2187,2008-02-04 07:20:14,116.5744,39.91485
2187,2008-02-04 07:30:14,116.57448,39.91494
2187,2008-02-04 07:35:14,116.57453,39.91503
2187,2008-02-04 07:40:14,116.57451,39.91494
2187,2008-02-04 07:45:14,116.57436,39.915
2187,2008-02-04 07:50:14,116.57439,39.9149
2187,2008-02-04 07:55:14,116.5744,39.9149
2187,2008-02-04 08:00:14,116.5744,39.91491
2187,2008-02-04 08:05:14,116.5744,39.91497
2187,2008-02-04 08:10:14,116.57441,39.91492
2187,2008-02-04 08:15:14,116.57441,39.91499
2187,2008-02-04 08:20:14,116.57436,39.91496
2187,2008-02-04 08:25:14,116.5742,39.91491
2187,2008-02-04 08:30:14,116.57446,39.91493
2187,2008-02-04 08:40:14,116.5741,39.9148
2187,2008-02-04 08:45:14,116.5739,39.91468
2187,2008-02-04 08:50:14,116.5739,39.9149
2187,2008-02-04 08:55:14,116.57351,39.9146
2187,2008-02-04 09:00:14,116.57299,39.91457
2187,2008-02-04 09:05:12,116.57337,39.91468
2187,2008-02-04 09:10:14,116.57329,39.91348
2187,2008-02-04 09:15:14,116.54335,39.90825
2187,2008-02-04 09:15:14,116.54335,39.90825
2187,2008-02-04 09:20:14,116.48341,39.90754
2187,2008-02-04 09:25:14,116.48028,39.85533
2187,2008-02-04 09:30:14,116.44349,39.82595
2187,2008-02-04 09:35:14,116.44333,39.82551
2187,2008-02-04 09:40:14,116.44337,39.82549
2187,2008-02-04 09:45:14,116.44332,39.82553
2187,2008-02-04 09:50:14,116.44338,39.8255
2187,2008-02-04 09:55:14,116.44337,39.82552
2187,2008-02-04 10:05:14,116.44342,39.82552
2187,2008-02-04 10:10:14,116.44333,39.82553
2187,2008-02-04 10:15:14,116.44334,39.82553
2187,2008-02-04 10:20:14,116.44336,39.82553
2187,2008-02-04 10:25:14,116.44335,39.82551
2187,2008-02-04 10:30:14,116.44335,39.82553
2187,2008-02-04 10:35:14,116.44335,39.82549
2187,2008-02-04 10:40:14,116.44334,39.8255
2187,2008-02-04 10:45:14,116.44337,39.82554
2187,2008-02-04 10:50:14,116.44335,39.82555
2187,2008-02-04 10:55:14,116.44334,39.82556
2187,2008-02-04 11:00:14,116.44331,39.82554
2187,2008-02-04 11:05:14,116.44345,39.82549
2187,2008-02-04 11:10:14,116.44348,39.82552
2187,2008-02-04 11:15:13,116.43656,39.82616
2187,2008-02-04 11:20:13,116.39915,39.83119
2187,2008-02-04 11:25:13,116.39797,39.84871
2187,2008-02-04 11:30:13,116.39369,39.86602
2187,2008-02-04 11:35:13,116.39422,39.87636
2187,2008-02-04 11:40:13,116.38952,39.88231
2187,2008-02-04 11:40:13,116.38952,39.88231
2187,2008-02-04 11:45:13,116.37864,39.88769
2187,2008-02-04 11:50:13,116.40363,39.89132
2187,2008-02-04 12:00:13,116.45379,39.8922
2187,2008-02-04 12:05:12,116.45522,39.89223
2187,2008-02-04 12:10:13,116.45587,39.90951
2187,2008-02-04 12:15:13,116.45566,39.94109
2187,2008-02-04 12:25:13,116.44101,39.96167
2187,2008-02-04 12:25:13,116.44101,39.96167
2187,2008-02-04 12:30:13,116.44166,39.96246
2187,2008-02-04 12:35:13,116.44731,39.95043
2187,2008-02-04 12:40:13,116.43929,39.9495
2187,2008-02-04 12:45:13,116.43493,39.94749
2187,2008-02-04 12:50:13,116.41912,39.95188
2187,2008-02-04 12:55:13,116.40326,39.9578
2187,2008-02-04 13:00:13,116.39336,39.95934
2187,2008-02-04 13:05:14,116.39003,39.95012
2187,2008-02-04 13:10:13,116.37872,39.95008
2187,2008-02-04 13:15:13,116.3655,39.94878
2187,2008-02-04 13:20:13,116.36596,39.94566
2187,2008-02-04 13:25:13,116.36511,39.95381
2187,2008-02-04 13:30:13,116.35573,39.95087
2187,2008-02-04 13:35:13,116.35468,39.95461
2187,2008-02-04 13:40:13,116.35475,39.95473
2187,2008-02-04 13:45:13,116.35478,39.95465
2187,2008-02-04 13:50:13,116.3548,39.95459
2187,2008-02-04 13:50:13,116.3548,39.95459
2187,2008-02-04 13:55:13,116.35043,39.95064
2187,2008-02-04 14:05:13,116.30134,39.96575
2187,2008-02-04 14:05:13,116.30134,39.96575
2187,2008-02-04 14:10:13,116.2988,39.96975
2187,2008-02-04 14:10:13,116.2988,39.96975
2187,2008-02-04 14:15:51,116.28928,39.99489
2187,2008-02-04 14:20:13,116.28931,39.99231
2187,2008-02-04 14:35:13,116.28829,39.99552
2187,2008-02-04 14:40:13,116.28094,40.0148
2187,2008-02-04 14:45:13,116.27631,40.02006
2187,2008-02-04 14:50:13,116.26335,40.02646
2187,2008-02-04 14:55:13,116.28158,40.01013
2187,2008-02-04 15:05:13,116.26835,39.94726
2187,2008-02-04 15:10:12,116.2884,39.95708
2187,2008-02-04 15:15:12,116.30203,39.95257
2187,2008-02-04 15:20:12,116.31962,39.93801
2187,2008-02-04 15:25:12,116.31923,39.94547
2187,2008-02-04 15:35:12,116.31895,39.94546
2187,2008-02-04 15:45:12,116.34495,39.9425
2187,2008-02-04 15:50:12,116.32697,39.93719
2187,2008-02-04 15:55:12,116.30373,39.94176
2187,2008-02-04 16:00:12,116.30433,39.93066
2187,2008-02-04 16:05:12,116.30348,39.94878
2187,2008-02-04 16:09:51,116.30397,39.91686
2187,2008-02-04 16:10:03,116.30397,39.91686
2187,2008-02-04 16:15:12,116.3039,39.90819
2187,2008-02-04 16:20:12,116.30413,39.93399
2187,2008-02-04 16:25:12,116.28977,39.95747
2187,2008-02-04 16:30:12,116.2738,39.96484
2187,2008-02-04 16:45:12,116.3224,39.98451
2187,2008-02-04 16:55:12,116.29988,39.98393
2187,2008-02-04 17:05:12,116.29215,39.91631
2187,2008-02-04 17:10:12,116.29608,39.91208
2187,2008-02-04 17:15:12,116.31084,39.90982
2187,2008-02-04 17:20:12,116.32876,39.90935
2187,2008-02-04 17:26:08,116.33991,39.89683
2187,2008-02-04 17:30:12,116.33882,39.89665
2187,2008-02-04 17:35:12,116.33788,39.90627
2187,2008-02-04 17:45:12,116.3474,39.91639
2187,2008-02-04 17:50:12,116.34709,39.92347
2187,2008-02-04 17:55:12,116.33786,39.92885
2187,2008-02-04 18:00:12,116.33652,39.93674
2187,2008-02-04 18:05:12,116.33276,39.93725
2187,2008-02-04 18:10:12,116.29769,39.9433
2187,2008-02-04 18:15:12,116.27657,39.94532
2187,2008-02-04 18:25:12,116.26773,39.94446
2187,2008-02-04 18:30:12,116.26793,39.90704
2187,2008-02-04 18:35:53,116.25472,39.88692
2187,2008-02-04 18:40:12,116.25866,39.89253
2187,2008-02-04 18:45:12,116.25861,39.89896
2187,2008-02-04 18:50:12,116.25848,39.87591
2187,2008-02-04 19:05:12,116.2949,39.89554
2187,2008-02-04 19:10:12,116.30452,39.90168
2187,2008-02-04 19:15:11,116.30977,39.93106
2187,2008-02-04 19:20:11,116.33119,39.93105
2187,2008-02-04 19:30:11,116.35573,39.93691
2187,2008-02-04 19:35:11,116.36171,39.9314
2187,2008-02-04 19:40:11,116.35854,39.91972
2187,2008-02-04 19:45:11,116.3666,39.92256
2187,2008-02-04 19:50:11,116.37195,39.92117
2187,2008-02-04 19:57:30,116.37626,39.90746
2187,2008-02-04 20:00:11,116.37646,39.9067
2187,2008-02-04 20:15:47,116.37927,39.92121
2187,2008-02-04 20:20:47,116.37357,39.92889
2187,2008-02-04 20:25:47,116.38296,39.93183
2187,2008-02-04 20:30:47,116.39316,39.93203
2187,2008-02-04 20:35:47,116.41933,39.93226
2187,2008-02-04 20:40:47,116.42553,39.93223
2187,2008-02-04 20:45:47,116.43845,39.93232
2187,2008-02-04 20:50:46,116.45567,39.93913
2187,2008-02-04 20:55:46,116.45935,39.9663
2187,2008-02-04 21:00:46,116.45937,39.97903
2187,2008-02-04 21:10:46,116.48319,39.92328
2187,2008-02-04 21:15:46,116.49863,39.92181
2187,2008-02-04 21:25:46,116.57358,39.91852
2187,2008-02-04 21:30:46,116.57399,39.91337
2187,2008-02-04 21:35:46,116.58089,39.91264
2187,2008-02-04 21:45:46,116.58083,39.91262
2187,2008-02-04 21:50:46,116.5807,39.91258
2187,2008-02-04 21:55:46,116.58079,39.91262
2187,2008-02-04 22:00:46,116.58081,39.9126
2187,2008-02-04 22:05:46,116.5808,39.91254
2187,2008-02-04 22:10:46,116.58083,39.91253
2187,2008-02-04 22:15:46,116.58073,39.91253
2187,2008-02-04 22:20:46,116.58061,39.91247
2187,2008-02-04 22:25:46,116.58066,39.91249
2187,2008-02-04 22:30:46,116.5806,39.91245
2187,2008-02-04 22:35:46,116.58078,39.91254
2187,2008-02-04 22:40:46,116.58083,39.91263
2187,2008-02-04 22:45:46,116.58082,39.9125
2187,2008-02-04 22:50:46,116.58078,39.91255
2187,2008-02-04 22:55:46,116.58075,39.91252
2187,2008-02-04 23:00:46,116.58074,39.9125
2187,2008-02-04 23:05:46,116.58071,39.91258
2187,2008-02-04 23:15:46,116.58088,39.91264
2187,2008-02-04 23:20:46,116.58085,39.9127
2187,2008-02-04 23:25:46,116.58081,39.91264
2187,2008-02-04 23:30:46,116.58079,39.91259
2187,2008-02-04 23:30:46,116.58079,39.91259
2187,2008-02-04 23:35:46,116.58076,39.91252
2187,2008-02-04 23:40:46,116.58078,39.91269
2187,2008-02-04 23:45:46,116.58072,39.91254
2187,2008-02-04 23:50:46,116.58071,39.9125
2187,2008-02-04 23:55:46,116.58064,39.91246
2187,2008-02-05 00:00:46,116.58073,39.91252
2187,2008-02-05 00:00:46,116.58073,39.91252
2187,2008-02-05 00:05:46,116.58075,39.91255
2187,2008-02-05 00:10:46,116.58078,39.91257
2187,2008-02-05 00:15:46,116.58063,39.91246
2187,2008-02-05 00:20:46,116.57441,39.91487
2187,2008-02-05 00:25:46,116.57443,39.91488
2187,2008-02-05 00:30:46,116.57441,39.91497
2187,2008-02-05 00:35:46,116.57442,39.91486
2187,2008-02-05 00:40:46,116.57445,39.91485
2187,2008-02-05 00:45:45,116.57444,39.91489
2187,2008-02-05 00:55:45,116.57444,39.91485
2187,2008-02-05 01:00:45,116.57443,39.91483
2187,2008-02-05 01:05:45,116.5744,39.91484
2187,2008-02-05 01:10:45,116.57438,39.91484
2187,2008-02-05 01:20:45,116.57445,39.91487
2187,2008-02-05 01:25:45,116.57442,39.91479
2187,2008-02-05 01:30:45,116.57443,39.91487
2187,2008-02-05 01:35:45,116.57456,39.91485
2187,2008-02-05 01:40:45,116.57454,39.91495
2187,2008-02-05 01:45:45,116.57448,39.91471
2187,2008-02-05 01:50:45,116.57452,39.91483
2187,2008-02-05 01:55:45,116.5744,39.91475
2187,2008-02-05 01:55:45,116.5744,39.91475
2187,2008-02-05 02:00:45,116.57436,39.91471
2187,2008-02-05 02:30:45,116.57442,39.91475
2187,2008-02-05 02:35:45,116.5746,39.91485
2187,2008-02-05 02:45:45,116.57455,39.91484
2187,2008-02-05 02:50:45,116.57454,39.91481
2187,2008-02-05 02:55:45,116.57451,39.91481
2187,2008-02-05 03:00:45,116.57447,39.91484
2187,2008-02-05 03:05:45,116.57449,39.91482
2187,2008-02-05 03:10:45,116.57457,39.91488
2187,2008-02-05 03:15:45,116.57447,39.91489
2187,2008-02-05 03:20:45,116.57448,39.91489
2187,2008-02-05 03:25:45,116.57431,39.91503
2187,2008-02-05 03:30:45,116.57445,39.91496
2187,2008-02-05 03:40:45,116.57443,39.91496
2187,2008-02-05 03:45:45,116.5744,39.9149
2187,2008-02-05 03:50:45,116.57439,39.91496
2187,2008-02-05 03:55:45,116.57438,39.91495
2187,2008-02-05 04:00:45,116.57442,39.91488
2187,2008-02-05 04:05:45,116.57444,39.91481
2187,2008-02-05 04:15:45,116.57445,39.91484
2187,2008-02-05 04:20:45,116.57441,39.91478
2187,2008-02-05 04:20:45,116.57441,39.91478
2187,2008-02-05 04:25:45,116.57441,39.91494
2187,2008-02-05 04:30:45,116.57447,39.9149
2187,2008-02-05 04:40:45,116.57455,39.91497
2187,2008-02-05 04:45:45,116.57438,39.91482
2187,2008-02-05 04:50:44,116.57439,39.91495
2187,2008-02-05 04:55:44,116.57458,39.91492
2187,2008-02-05 05:00:44,116.5745,39.91481
2187,2008-02-05 05:05:44,116.57459,39.9148
2187,2008-02-05 05:10:44,116.57455,39.91483
2187,2008-02-05 05:20:44,116.5745,39.91489
2187,2008-02-05 05:25:44,116.57458,39.91483
2187,2008-02-05 05:30:44,116.57449,39.91487
2187,2008-02-05 05:35:44,116.57434,39.91495
2187,2008-02-05 05:40:44,116.57453,39.91497
2187,2008-02-05 05:45:44,116.57443,39.91496
2187,2008-02-05 05:50:44,116.57441,39.91497
2187,2008-02-05 05:55:44,116.57443,39.91496
2187,2008-02-05 06:00:44,116.57447,39.91497
2187,2008-02-05 06:05:44,116.57448,39.91485
2187,2008-02-05 06:10:48,116.57434,39.9149
2187,2008-02-05 06:15:44,116.57442,39.91485
2187,2008-02-05 06:20:44,116.57445,39.91488
2187,2008-02-05 06:25:44,116.57445,39.91489
2187,2008-02-05 06:30:44,116.57437,39.91491
2187,2008-02-05 06:35:44,116.57442,39.9149
2187,2008-02-05 06:40:44,116.57444,39.91495
2187,2008-02-05 06:45:44,116.57438,39.91486
2187,2008-02-05 06:45:44,116.57438,39.91486
2187,2008-02-05 06:50:44,116.57442,39.91484
2187,2008-02-05 06:55:44,116.57442,39.91493
2187,2008-02-05 07:05:44,116.57439,39.91497
2187,2008-02-05 07:10:44,116.57446,39.91495
2187,2008-02-05 07:15:44,116.5744,39.91497
2187,2008-02-05 07:20:44,116.57442,39.91496
2187,2008-02-05 07:25:44,116.57449,39.91495
2187,2008-02-05 07:30:44,116.57447,39.91491
2187,2008-02-05 07:35:44,116.57451,39.91488
2187,2008-02-05 07:40:44,116.57448,39.91479
2187,2008-02-05 07:45:44,116.57442,39.91487
2187,2008-02-05 07:50:44,116.57453,39.91487
2187,2008-02-05 07:55:44,116.5745,39.9149
2187,2008-02-05 08:00:44,116.57451,39.91493
2187,2008-02-05 08:05:44,116.57448,39.91495
2187,2008-02-05 08:10:44,116.57442,39.9149
2187,2008-02-05 08:20:44,116.5745,39.91491
2187,2008-02-05 08:25:44,116.57447,39.91491
2187,2008-02-05 08:30:44,116.57447,39.91494
2187,2008-02-05 08:35:44,116.57449,39.91492
2187,2008-02-05 08:35:44,116.57449,39.91492
2187,2008-02-05 08:40:44,116.57457,39.91487
2187,2008-02-05 08:45:44,116.57464,39.91487
2187,2008-02-05 08:55:43,116.57456,39.9148
2187,2008-02-05 09:00:43,116.57447,39.91481
2187,2008-02-05 09:10:43,116.57461,39.91492
2187,2008-02-05 09:10:43,116.57461,39.91492
2187,2008-02-05 09:15:43,116.57327,39.91353
2187,2008-02-05 09:15:43,116.57327,39.91353
2187,2008-02-05 09:20:43,116.55184,39.91486
2187,2008-02-05 09:25:43,116.5269,39.91561
2187,2008-02-05 09:30:43,116.50905,39.9067
2187,2008-02-05 09:35:43,116.48351,39.88284
2187,2008-02-05 09:40:43,116.47111,39.87483
2187,2008-02-05 09:45:43,116.45692,39.86565
2187,2008-02-05 09:50:43,116.46164,39.87262
2187,2008-02-05 09:55:43,116.47084,39.88305
2187,2008-02-05 10:05:43,116.46931,39.90711
2187,2008-02-05 10:10:43,116.4513,39.90725
2187,2008-02-05 10:15:43,116.44422,39.9209
2187,2008-02-05 10:20:43,116.4282,39.92755
2187,2008-02-05 10:25:43,116.4024,39.94814
2187,2008-02-05 10:30:43,116.39929,39.95949
2187,2008-02-05 10:35:43,116.40566,39.94765
2187,2008-02-05 10:40:43,116.42805,39.92772
2187,2008-02-05 10:45:43,116.43795,39.89185
2187,2008-02-05 10:55:43,116.39379,39.85318
2187,2008-02-05 11:00:43,116.39688,39.85064
2187,2008-02-05 11:10:43,116.3995,39.8597
2187,2008-02-05 11:15:43,116.40615,39.86396
2187,2008-02-05 11:20:43,116.40827,39.87174
2187,2008-02-05 11:25:43,116.34969,39.86717
2187,2008-02-05 11:30:43,116.34249,39.89651
2187,2008-02-05 11:35:43,116.31523,39.90428
2187,2008-02-05 11:35:43,116.31523,39.90428
2187,2008-02-05 11:40:43,116.32293,39.90647
2187,2008-02-05 11:40:43,116.32293,39.90647
2187,2008-02-05 11:45:43,116.29903,39.91182
2187,2008-02-05 11:50:43,116.29069,39.93998
2187,2008-02-05 11:55:43,116.29611,39.94312
2187,2008-02-05 12:00:43,116.3074,39.95575
2187,2008-02-05 12:05:43,116.30362,39.95201
2187,2008-02-05 12:10:43,116.30228,39.96062
2187,2008-02-05 12:16:20,116.29948,39.9805
2187,2008-02-05 12:20:43,116.31036,39.98395
2187,2008-02-05 12:25:43,116.33088,39.99154
2187,2008-02-05 12:30:43,116.33305,39.99161
2187,2008-02-05 12:35:43,116.33448,39.98829
2187,2008-02-05 12:40:43,116.32784,39.96805
2187,2008-02-05 12:50:43,116.32773,39.96207
2187,2008-02-05 13:00:37,116.32818,39.9611
2187,2008-02-05 13:05:41,116.32774,39.96211
2187,2008-02-05 13:11:20,116.32666,39.96429
2187,2008-02-05 13:20:42,116.34842,39.97013
2187,2008-02-05 13:25:42,116.35132,39.97153
2187,2008-02-05 13:30:42,116.35142,39.97135
2187,2008-02-05 13:35:42,116.35187,39.97183
2187,2008-02-05 13:40:42,116.34722,39.98824
2187,2008-02-05 13:45:42,116.33818,39.99155
2187,2008-02-05 13:50:42,116.34485,39.99191
2187,2008-02-05 13:55:42,116.34735,39.96489
2187,2008-02-05 14:01:57,116.3549,39.95451
2187,2008-02-05 14:05:42,116.35508,39.95381
2187,2008-02-05 14:10:42,116.35495,39.95443
2187,2008-02-05 14:15:42,116.35496,39.95432
2187,2008-02-05 14:20:40,116.35474,39.95455
2187,2008-02-05 14:25:42,116.35479,39.95473
2187,2008-02-05 14:30:42,116.35472,39.95459
2187,2008-02-05 14:35:42,116.35577,39.94422
2187,2008-02-05 14:40:42,116.33385,39.93727
2187,2008-02-05 14:45:42,116.32772,39.93685
2187,2008-02-05 14:50:39,116.35646,39.94348
2187,2008-02-05 14:55:42,116.35238,39.93924
2187,2008-02-05 15:00:42,116.32357,39.93753
2187,2008-02-05 15:05:42,116.30077,39.93804
2187,2008-02-05 15:10:42,116.29871,39.93732
2187,2008-02-05 15:15:42,116.29568,39.94142
2187,2008-02-05 15:20:42,116.33156,39.93691
2187,2008-02-05 15:25:42,116.37936,39.94753
2187,2008-02-05 15:30:42,116.4368,39.94815
2187,2008-02-05 15:35:42,116.48551,39.98988
2187,2008-02-05 15:40:42,116.54976,40.02782
2187,2008-02-05 15:45:42,116.58392,40.05856
2187,2008-02-05 15:50:42,116.58665,40.07837
2187,2008-02-05 15:55:42,116.58242,40.07399
2187,2008-02-05 16:00:42,116.58642,40.05389
2187,2008-02-05 16:05:12,116.56748,40.03313
2187,2008-02-05 16:05:32,116.56748,40.03313
2187,2008-02-05 16:10:42,116.54855,40.02491
2187,2008-02-05 16:15:42,116.56348,39.98895
2187,2008-02-05 16:20:42,116.58066,39.9776
2187,2008-02-05 16:25:42,116.61188,39.98521
2187,2008-02-05 16:30:42,116.64292,39.98473
2187,2008-02-05 16:30:42,116.64292,39.98473
2187,2008-02-05 16:35:42,116.64908,39.9849
2187,2008-02-05 16:40:42,116.6497,39.98488
2187,2008-02-05 16:45:42,116.63431,39.98635
2187,2008-02-05 16:50:42,116.59512,39.97884
2187,2008-02-05 17:00:41,116.54124,39.96486
2187,2008-02-05 17:05:41,116.51351,39.95043
2187,2008-02-05 17:10:41,116.49665,39.93514
2187,2008-02-05 17:15:41,116.48453,39.93251
2187,2008-02-05 17:20:41,116.45204,39.93244
2187,2008-02-05 17:25:41,116.43525,39.93237
2187,2008-02-05 17:30:41,116.43003,39.9321
2187,2008-02-05 17:35:41,116.44227,39.92154
2187,2008-02-05 17:40:41,116.45965,39.92183
2187,2008-02-05 17:45:41,116.47856,39.92164
2187,2008-02-05 17:50:41,116.47769,39.9269
2187,2008-02-05 17:55:41,116.46784,39.93252
2187,2008-02-05 18:00:41,116.46226,39.95045
2187,2008-02-05 18:05:41,116.45742,39.94861
2187,2008-02-05 18:10:41,116.45532,39.94701
2187,2008-02-05 18:15:41,116.46634,39.94372
2187,2008-02-05 18:20:41,116.472,39.92656
2187,2008-02-05 18:25:41,116.45595,39.92199
2187,2008-02-05 18:30:41,116.44448,39.92144
2187,2008-02-05 18:35:41,116.43581,39.91636
2187,2008-02-05 18:40:41,116.43478,39.90939
2187,2008-02-05 18:45:41,116.43783,39.89278
2187,2008-02-05 18:55:41,116.42777,39.86707
2187,2008-02-05 18:55:41,116.42777,39.86707
2187,2008-02-05 19:00:41,116.42015,39.86664
2187,2008-02-05 19:05:41,116.41962,39.86205
2187,2008-02-05 19:10:41,116.42024,39.86772
2187,2008-02-05 19:15:41,116.4381,39.89155
2187,2008-02-05 19:20:41,116.47198,39.90642
2187,2008-02-05 19:25:41,116.48407,39.91403
2187,2008-02-05 19:30:41,116.50065,39.91462
2187,2008-02-05 19:35:41,116.51499,39.9219
2187,2008-02-05 19:40:41,116.52409,39.93744
2187,2008-02-05 19:45:41,116.54781,39.94979
2187,2008-02-05 19:50:41,116.55013,39.95402
2187,2008-02-05 19:55:41,116.54119,39.94118
2187,2008-02-05 20:00:41,116.55798,39.92801
2187,2008-02-05 20:05:41,116.57213,39.91691
2187,2008-02-05 20:10:41,116.57681,39.9137
2187,2008-02-05 20:15:41,116.57466,39.91496
2187,2008-02-05 20:20:41,116.57472,39.91499
2187,2008-02-05 20:25:41,116.57465,39.915
2187,2008-02-05 20:30:41,116.57458,39.91492
2187,2008-02-05 20:35:41,116.57474,39.91487
2187,2008-02-05 20:40:40,116.57469,39.91483
2187,2008-02-05 20:45:41,116.57454,39.91495
2187,2008-02-05 20:50:41,116.57442,39.91404
2187,2008-02-05 20:55:41,116.57442,39.91494
2187,2008-02-05 21:00:41,116.57435,39.91497
2187,2008-02-05 21:05:40,116.57445,39.9149
2187,2008-02-05 21:10:40,116.57442,39.91496
2187,2008-02-05 21:15:40,116.5744,39.91497
2187,2008-02-05 21:20:40,116.57444,39.91497
2187,2008-02-05 21:20:40,116.57444,39.91497
2187,2008-02-05 21:25:40,116.57437,39.91508
2187,2008-02-05 21:30:40,116.57441,39.91494
2187,2008-02-05 21:35:40,116.57448,39.91498
2187,2008-02-05 21:40:40,116.57435,39.91491
2187,2008-02-05 21:45:40,116.5744,39.91497
2187,2008-02-05 21:50:40,116.57451,39.91488
2187,2008-02-05 21:55:40,116.57427,39.91492
2187,2008-02-05 22:00:40,116.57429,39.91497
2187,2008-02-05 22:05:40,116.57441,39.91492
2187,2008-02-05 22:10:40,116.57439,39.91489
2187,2008-02-05 22:15:40,116.57428,39.91506
2187,2008-02-05 22:20:40,116.57419,39.91494
2187,2008-02-05 22:25:40,116.57419,39.91546
2187,2008-02-05 22:30:40,116.57448,39.915
2187,2008-02-05 22:35:40,116.57445,39.91499
2187,2008-02-05 22:40:40,116.57446,39.91501
2187,2008-02-05 22:45:40,116.57506,39.91556
2187,2008-02-05 22:50:40,116.5745,39.91496
2187,2008-02-05 22:55:40,116.57429,39.91492
2187,2008-02-05 23:00:40,116.57443,39.91497
2187,2008-02-05 23:05:40,116.57433,39.91501
2187,2008-02-05 23:10:40,116.57441,39.915
2187,2008-02-05 23:15:40,116.57439,39.91489
2187,2008-02-05 23:20:40,116.57435,39.91492
2187,2008-02-05 23:25:40,116.57432,39.91487
2187,2008-02-05 23:30:40,116.57448,39.91488
2187,2008-02-05 23:35:40,116.57443,39.91494
2187,2008-02-05 23:40:40,116.57429,39.91496
2187,2008-02-05 23:45:40,116.57443,39.91492
2187,2008-02-05 23:45:40,116.57443,39.91492
2187,2008-02-05 23:50:40,116.57442,39.91492
2187,2008-02-05 23:55:40,116.57439,39.91496
2187,2008-02-06 00:00:40,116.57438,39.91497
2187,2008-02-06 00:05:40,116.57441,39.91499
2187,2008-02-06 00:10:40,116.57439,39.91496
2187,2008-02-06 00:15:40,116.5744,39.91493
2187,2008-02-06 00:20:40,116.57437,39.91491
2187,2008-02-06 00:25:40,116.57443,39.91488
2187,2008-02-06 00:35:40,116.57443,39.91486
2187,2008-02-06 00:45:40,116.57416,39.91498
2187,2008-02-06 00:50:40,116.5743,39.91492
2187,2008-02-06 00:55:40,116.57433,39.91486
2187,2008-02-06 01:00:40,116.57427,39.91489
2187,2008-02-06 01:05:39,116.57436,39.91497
2187,2008-02-06 01:10:39,116.57442,39.91489
2187,2008-02-06 01:15:39,116.57447,39.91495
2187,2008-02-06 01:20:39,116.57445,39.91495
2187,2008-02-06 01:25:39,116.57442,39.91496
2187,2008-02-06 01:30:39,116.57434,39.91498
2187,2008-02-06 01:35:39,116.5744,39.91487
2187,2008-02-06 01:40:39,116.57436,39.91489
2187,2008-02-06 01:45:39,116.57433,39.91498
2187,2008-02-06 01:50:39,116.57447,39.91488
2187,2008-02-06 01:55:39,116.57432,39.91501
2187,2008-02-06 02:00:39,116.57432,39.91492
2187,2008-02-06 02:05:40,116.57427,39.91502
2187,2008-02-06 02:10:39,116.57441,39.91499
2187,2008-02-06 02:15:39,116.57437,39.91495
2187,2008-02-06 02:20:39,116.57439,39.91503
2187,2008-02-06 02:25:39,116.57436,39.91495
2187,2008-02-06 02:30:39,116.57422,39.91495
2187,2008-02-06 02:35:39,116.57439,39.91497
2187,2008-02-06 02:40:39,116.5744,39.91501
2187,2008-02-06 02:45:39,116.57439,39.91504
2187,2008-02-06 02:50:39,116.57442,39.91497
2187,2008-02-06 02:55:39,116.57443,39.91501
2187,2008-02-06 03:00:39,116.57441,39.91499
2187,2008-02-06 03:05:39,116.57444,39.91489
2187,2008-02-06 03:10:39,116.57445,39.91497
2187,2008-02-06 03:15:39,116.57453,39.91497
2187,2008-02-06 03:20:39,116.57446,39.9149
2187,2008-02-06 03:25:39,116.57451,39.91481
2187,2008-02-06 03:30:39,116.57445,39.91504
2187,2008-02-06 03:35:39,116.57442,39.91496
2187,2008-02-06 03:40:39,116.57447,39.91495
2187,2008-02-06 03:45:39,116.57446,39.9149
2187,2008-02-06 03:50:39,116.57438,39.91487
2187,2008-02-06 03:55:39,116.57437,39.91492
2187,2008-02-06 04:00:39,116.5744,39.91495
2187,2008-02-06 04:05:39,116.57446,39.91489
2187,2008-02-06 04:10:39,116.57441,39.91492
2187,2008-02-06 04:15:39,116.57449,39.91478
2187,2008-02-06 04:20:39,116.57444,39.91483
2187,2008-02-06 04:25:39,116.57458,39.9148
2187,2008-02-06 04:35:39,116.57437,39.91499
2187,2008-02-06 04:35:39,116.57437,39.91499
2187,2008-02-06 04:40:39,116.5744,39.91497
2187,2008-02-06 04:45:39,116.57443,39.91498
2187,2008-02-06 04:50:39,116.57452,39.91496
2187,2008-02-06 04:55:39,116.5745,39.91491
2187,2008-02-06 05:00:39,116.57436,39.91509
2187,2008-02-06 05:05:39,116.57441,39.91495
2187,2008-02-06 05:10:38,116.57442,39.915
2187,2008-02-06 05:15:38,116.57445,39.91492
2187,2008-02-06 05:20:38,116.57455,39.91496
2187,2008-02-06 05:25:38,116.57435,39.91487
2187,2008-02-06 05:30:38,116.57444,39.91492
2187,2008-02-06 05:35:38,116.57441,39.91502
2187,2008-02-06 05:45:38,116.57439,39.91493
2187,2008-02-06 05:50:38,116.5744,39.91491
2187,2008-02-06 05:55:38,116.57442,39.91491
2187,2008-02-06 06:00:38,116.57441,39.91494
2187,2008-02-06 06:05:38,116.57438,39.91484
2187,2008-02-06 06:10:38,116.57442,39.91491
2187,2008-02-06 06:20:38,116.57446,39.91486
2187,2008-02-06 06:25:38,116.57449,39.91495
2187,2008-02-06 06:30:38,116.5745,39.91494
2187,2008-02-06 06:35:38,116.57449,39.91488
2187,2008-02-06 06:40:38,116.57446,39.91489
2187,2008-02-06 06:45:38,116.57449,39.91483
2187,2008-02-06 06:50:38,116.57447,39.91491
2187,2008-02-06 06:55:38,116.57445,39.9149
2187,2008-02-06 07:00:38,116.57455,39.91495
2187,2008-02-06 07:00:38,116.57455,39.91495
2187,2008-02-06 07:05:38,116.57467,39.91503
2187,2008-02-06 07:10:38,116.57444,39.91474
2187,2008-02-06 07:15:38,116.57458,39.91462
2187,2008-02-06 07:20:38,116.57445,39.91492
2187,2008-02-06 07:25:38,116.5745,39.91495
2187,2008-02-06 07:30:38,116.57448,39.9148
2187,2008-02-06 07:35:38,116.57435,39.91497
2187,2008-02-06 07:40:38,116.57448,39.91503
2187,2008-02-06 07:45:38,116.57448,39.91487
2187,2008-02-06 07:50:38,116.57447,39.91491
2187,2008-02-06 07:55:38,116.57446,39.91488
2187,2008-02-06 08:00:38,116.57446,39.9149
2187,2008-02-06 08:05:38,116.57448,39.91496
2187,2008-02-06 08:15:38,116.57452,39.91495
2187,2008-02-06 08:20:38,116.57455,39.91492
2187,2008-02-06 08:25:38,116.57456,39.91503
2187,2008-02-06 08:30:38,116.57459,39.91491
2187,2008-02-06 08:35:38,116.57437,39.91494
2187,2008-02-06 08:40:38,116.57446,39.91491
2187,2008-02-06 08:45:38,116.57473,39.91484
2187,2008-02-06 08:55:38,116.57477,39.91509
2187,2008-02-06 09:00:38,116.57445,39.91512
2187,2008-02-06 09:05:38,116.57462,39.91502
2187,2008-02-06 09:10:37,116.5745,39.9149
2187,2008-02-06 09:20:37,116.57452,39.91496
2187,2008-02-06 09:25:37,116.57474,39.91507
2187,2008-02-06 09:25:37,116.57474,39.91507
2187,2008-02-06 09:30:37,116.57453,39.9149
2187,2008-02-06 09:35:37,116.57446,39.91491
2187,2008-02-06 09:40:37,116.57448,39.91493
2187,2008-02-06 09:45:37,116.57451,39.91493
2187,2008-02-06 09:50:37,116.5745,39.91489
2187,2008-02-06 09:55:37,116.5747,39.91493
2187,2008-02-06 10:00:37,116.57456,39.91502
2187,2008-02-06 10:10:37,116.57464,39.91505
2187,2008-02-06 10:15:37,116.5746,39.91503
2187,2008-02-06 10:25:37,116.57447,39.91486
2187,2008-02-06 10:30:37,116.5785,39.91261
2187,2008-02-06 10:40:37,116.58516,39.91577
2187,2008-02-06 10:45:37,116.58507,39.91584
2187,2008-02-06 10:50:37,116.58141,39.91496
2187,2008-02-06 10:55:37,116.57998,39.91474
2187,2008-02-06 11:00:37,116.57523,39.91441
2187,2008-02-06 11:05:37,116.56055,39.91488
2187,2008-02-06 11:10:37,116.53977,39.91508
2187,2008-02-06 11:20:37,116.49924,39.91754
2187,2008-02-06 11:25:37,116.49908,39.9178
2187,2008-02-06 11:30:37,116.49929,39.91755
2187,2008-02-06 11:35:37,116.4993,39.91726
2187,2008-02-06 11:40:37,116.49945,39.91743
2187,2008-02-06 11:45:37,116.49931,39.91749
2187,2008-02-06 11:50:37,116.49918,39.91751
2187,2008-02-06 11:50:37,116.49918,39.91751
2187,2008-02-06 11:55:37,116.49939,39.9174
2187,2008-02-06 12:00:37,116.49589,39.92106
2187,2008-02-06 12:05:37,116.52077,39.92256
2187,2008-02-06 12:10:37,116.55515,39.92282
2187,2008-02-06 12:15:37,116.56979,39.91365
2187,2008-02-06 12:20:37,116.58483,39.91172
2187,2008-02-06 12:25:37,116.58526,39.91329
2187,2008-02-06 12:30:37,116.58552,39.91419
2187,2008-02-06 12:35:37,116.58555,39.91426
2187,2008-02-06 12:40:37,116.58551,39.91422
2187,2008-02-06 12:45:37,116.58553,39.91418
2187,2008-02-06 12:50:37,116.585,39.91916
2187,2008-02-06 12:55:37,116.58253,39.92995
2187,2008-02-06 13:00:37,116.58374,39.933
2187,2008-02-06 13:05:37,116.56904,39.9623
2187,2008-02-06 13:10:37,116.58511,39.97745
2187,2008-02-06 13:15:36,116.62081,39.98672
2187,2008-02-06 13:20:36,116.64814,39.98494
2187,2008-02-06 13:25:36,116.6435,39.98477
2187,2008-02-06 13:30:36,116.64314,39.98482
2187,2008-02-06 13:35:36,116.64307,39.98479
2187,2008-02-06 13:40:36,116.64306,39.9848
2187,2008-02-06 13:45:36,116.64306,39.9848
2187,2008-02-06 13:50:36,116.64535,39.98481
2187,2008-02-06 13:55:36,116.64536,39.9848
2187,2008-02-06 14:00:36,116.62176,39.98701
2187,2008-02-06 14:05:36,116.57767,39.97749
2187,2008-02-06 14:10:36,116.56899,39.96171
2187,2008-02-06 14:15:36,116.58323,39.94026
2187,2008-02-06 14:15:36,116.58323,39.94026
2187,2008-02-06 14:20:36,116.58482,39.91994
2187,2008-02-06 14:25:36,116.5744,39.91491
2187,2008-02-06 14:30:36,116.5748,39.91527
2187,2008-02-06 14:40:36,116.57448,39.91489
2187,2008-02-06 14:45:36,116.57454,39.91496
2187,2008-02-06 14:50:36,116.57462,39.91502
2187,2008-02-06 14:55:36,116.57443,39.91494
2187,2008-02-06 15:00:36,116.57438,39.91496
2187,2008-02-06 15:05:36,116.57448,39.91487
2187,2008-02-06 15:10:36,116.57453,39.91494
2187,2008-02-06 15:15:36,116.57446,39.91482
2187,2008-02-06 15:20:37,116.57453,39.9149
2187,2008-02-06 15:25:36,116.57448,39.91506
2187,2008-02-06 15:30:36,116.57435,39.91518
2187,2008-02-06 15:35:36,116.57447,39.91507
2187,2008-02-06 15:40:36,116.57431,39.91494
2187,2008-02-06 15:45:36,116.57444,39.91496
2187,2008-02-06 15:50:36,116.57441,39.91502
2187,2008-02-06 15:55:36,116.57439,39.91506
2187,2008-02-06 16:00:36,116.57446,39.915
2187,2008-02-06 16:05:15,116.57442,39.91506
2187,2008-02-06 16:05:27,116.57442,39.91506
2187,2008-02-06 16:10:36,116.57436,39.91518
2187,2008-02-06 16:15:36,116.57437,39.9151
2187,2008-02-06 16:20:36,116.57454,39.91504
2187,2008-02-06 16:25:36,116.57433,39.91507
2187,2008-02-06 16:35:36,116.57442,39.91504
2187,2008-02-06 16:40:36,116.57423,39.91483
2187,2008-02-06 16:40:36,116.57423,39.91483
2187,2008-02-06 16:55:36,116.57455,39.91487
2187,2008-02-06 17:00:36,116.57438,39.91489
2187,2008-02-06 17:05:36,116.57446,39.91491
2187,2008-02-06 17:15:35,116.57444,39.91496
2187,2008-02-06 17:20:35,116.57444,39.91486
2187,2008-02-06 17:25:35,116.57442,39.91487
2187,2008-02-06 17:35:35,116.57441,39.91492
2187,2008-02-06 17:40:35,116.57441,39.91487
2187,2008-02-06 17:45:35,116.57442,39.91496
2187,2008-02-06 17:50:35,116.57434,39.91496
2187,2008-02-06 17:55:35,116.57432,39.91493
2187,2008-02-06 18:00:35,116.57447,39.91496
2187,2008-02-06 18:05:35,116.5744,39.91493
2187,2008-02-06 18:10:35,116.57441,39.91492
2187,2008-02-06 18:15:35,116.57458,39.91486
2187,2008-02-06 18:20:35,116.57449,39.91497
2187,2008-02-06 18:25:35,116.57452,39.91499
2187,2008-02-06 18:30:35,116.5742,39.91508
2187,2008-02-06 18:35:35,116.57454,39.91498
2187,2008-02-06 18:40:35,116.57453,39.915
2187,2008-02-06 18:45:35,116.5744,39.91494
2187,2008-02-06 18:50:35,116.57446,39.91492
2187,2008-02-06 18:55:35,116.57447,39.91494
2187,2008-02-06 19:00:35,116.57438,39.91477
2187,2008-02-06 19:05:35,116.57456,39.9148
2187,2008-02-06 19:05:35,116.57456,39.9148
2187,2008-02-06 19:10:35,116.5746,39.91477
2187,2008-02-06 19:15:35,116.57443,39.91486
2187,2008-02-06 19:20:35,116.57447,39.9148
2187,2008-02-06 19:25:35,116.5746,39.91485
2187,2008-02-06 19:35:35,116.58368,39.93045
2187,2008-02-06 19:40:35,116.58269,39.93076
2187,2008-02-06 19:45:35,116.58256,39.93079
2187,2008-02-06 19:50:35,116.5826,39.9309
2187,2008-02-06 19:55:35,116.58265,39.93074
2187,2008-02-06 20:00:35,116.58265,39.93085
2187,2008-02-06 20:05:35,116.58268,39.9309
2187,2008-02-06 20:10:35,116.58265,39.93106
2187,2008-02-06 20:15:35,116.58268,39.93089
2187,2008-02-06 20:20:35,116.58268,39.93085
2187,2008-02-06 20:25:35,116.58269,39.93059
2187,2008-02-06 20:30:35,116.58271,39.9307
2187,2008-02-06 20:35:35,116.58278,39.93074
2187,2008-02-06 20:45:35,116.58502,39.91849
2187,2008-02-06 20:50:35,116.58277,39.93063
2187,2008-02-06 20:55:35,116.58274,39.93089
2187,2008-02-06 21:00:32,116.58276,39.93058
2187,2008-02-06 21:05:14,116.58276,39.93058
2187,2008-02-06 21:09:57,116.58276,39.93058
2187,2008-02-06 21:15:33,116.58273,39.93023
2187,2008-02-06 21:20:33,116.58275,39.93006
2187,2008-02-06 21:25:33,116.5827,39.93055
2187,2008-02-06 21:30:33,116.58271,39.93035
2187,2008-02-06 21:35:21,116.58271,39.9303
2187,2008-02-06 21:40:04,116.58271,39.9303
2187,2008-02-06 21:44:46,116.58271,39.9303
2187,2008-02-06 21:49:28,116.58271,39.9303
2187,2008-02-06 21:55:34,116.5828,39.93117
2187,2008-02-06 22:05:34,116.58279,39.93098
2187,2008-02-06 22:10:34,116.58286,39.93114
2187,2008-02-06 22:15:34,116.5826,39.93034
2187,2008-02-06 22:20:34,116.58262,39.93058
2187,2008-02-06 22:25:34,116.58269,39.93089
2187,2008-02-06 22:30:34,116.58267,39.93082
2187,2008-02-06 22:35:34,116.58277,39.93079
2187,2008-02-06 22:40:34,116.58278,39.93158
2187,2008-02-06 22:45:33,116.58275,39.93132
2187,2008-02-06 22:50:34,116.58273,39.93114
2187,2008-02-06 22:55:34,116.58273,39.93134
2187,2008-02-06 23:00:34,116.58283,39.93048
2187,2008-02-06 23:05:34,116.58275,39.93057
2187,2008-02-06 23:10:34,116.58277,39.93061
2187,2008-02-06 23:15:34,116.58276,39.93066
2187,2008-02-06 23:20:34,116.58271,39.93075
2187,2008-02-06 23:25:34,116.58281,39.93067
2187,2008-02-06 23:30:34,116.58272,39.93078
2187,2008-02-06 23:35:34,116.58286,39.93046
2187,2008-02-06 23:40:34,116.5828,39.93074
2187,2008-02-06 23:45:34,116.58279,39.93096
2187,2008-02-06 23:50:34,116.58267,39.93113
2187,2008-02-06 23:55:34,116.58276,39.93079
2187,2008-02-06 23:55:34,116.58276,39.93079
2187,2008-02-07 00:00:34,116.58269,39.93046
2187,2008-02-07 00:00:34,116.58269,39.93046
2187,2008-02-07 00:05:34,116.58316,39.93087
2187,2008-02-07 00:10:34,116.58282,39.93087
2187,2008-02-07 00:15:34,116.58297,39.93103
2187,2008-02-07 00:20:34,116.58278,39.93091
2187,2008-02-07 00:25:34,116.58278,39.93111
2187,2008-02-07 00:30:34,116.58287,39.93093
2187,2008-02-07 00:35:34,116.58286,39.93085
2187,2008-02-07 00:40:34,116.58275,39.93078
2187,2008-02-07 00:45:34,116.58287,39.93095
2187,2008-02-07 00:50:34,116.58291,39.93105
2187,2008-02-07 01:00:34,116.58279,39.9306
2187,2008-02-07 01:05:34,116.58285,39.93084
2187,2008-02-07 01:10:34,116.58281,39.93062
2187,2008-02-07 01:15:34,116.58272,39.93075
2187,2008-02-07 01:20:33,116.58278,39.93051
2187,2008-02-07 01:25:33,116.58271,39.93066
2187,2008-02-07 01:30:33,116.58269,39.93071
2187,2008-02-07 01:35:33,116.58268,39.93073
2187,2008-02-07 01:40:33,116.58268,39.93053
2187,2008-02-07 01:45:33,116.58276,39.93022
2187,2008-02-07 01:50:33,116.58282,39.92992
2187,2008-02-07 01:55:33,116.58283,39.92997
2187,2008-02-07 02:00:33,116.58278,39.9299
2187,2008-02-07 02:15:33,116.58261,39.93132
2187,2008-02-07 02:20:33,116.58264,39.93116
2187,2008-02-07 02:20:33,116.58264,39.93116
2187,2008-02-07 02:25:33,116.58273,39.93098
2187,2008-02-07 02:25:33,116.58273,39.93098
2187,2008-02-07 02:30:33,116.58274,39.93093
2187,2008-02-07 02:35:33,116.58274,39.9309
2187,2008-02-07 02:40:33,116.58272,39.93073
2187,2008-02-07 02:45:33,116.58274,39.93085
2187,2008-02-07 02:50:33,116.58277,39.93073
2187,2008-02-07 02:55:33,116.58272,39.93072
2187,2008-02-07 03:00:33,116.58271,39.9309
2187,2008-02-07 03:05:33,116.58273,39.93115
2187,2008-02-07 03:10:33,116.58282,39.93091
2187,2008-02-07 03:20:33,116.58522,39.91618
2187,2008-02-07 03:25:33,116.57476,39.915
2187,2008-02-07 03:30:33,116.57438,39.91492
2187,2008-02-07 03:35:33,116.5744,39.91489
2187,2008-02-07 03:45:33,116.57438,39.91503
2187,2008-02-07 03:50:33,116.57442,39.91502
2187,2008-02-07 03:55:33,116.57377,39.91514
2187,2008-02-07 04:00:33,116.57445,39.91493
2187,2008-02-07 04:00:33,116.57445,39.91493
2187,2008-02-07 04:05:33,116.57448,39.91491
2187,2008-02-07 04:15:33,116.57458,39.9148
2187,2008-02-07 04:20:33,116.57458,39.91482
2187,2008-02-07 04:25:33,116.57448,39.915
2187,2008-02-07 04:30:33,116.57446,39.91486
2187,2008-02-07 04:35:33,116.57435,39.9149
2187,2008-02-07 04:40:33,116.57417,39.91506
2187,2008-02-07 04:45:33,116.57439,39.91503
2187,2008-02-07 04:45:33,116.57439,39.91503
2187,2008-02-07 04:50:33,116.57445,39.91503
2187,2008-02-07 04:50:33,116.57445,39.91503
2187,2008-02-07 04:55:33,116.5743,39.91502
2187,2008-02-07 05:00:33,116.57441,39.91499
2187,2008-02-07 05:05:33,116.57446,39.91501
2187,2008-02-07 05:10:33,116.57447,39.91494
2187,2008-02-07 05:15:33,116.57447,39.91497
2187,2008-02-07 05:20:32,116.57453,39.915
2187,2008-02-07 05:25:32,116.57446,39.9149
2187,2008-02-07 05:30:32,116.57442,39.91502
2187,2008-02-07 05:35:32,116.57447,39.91504
2187,2008-02-07 05:40:32,116.57426,39.91503
2187,2008-02-07 05:45:32,116.57438,39.91495
2187,2008-02-07 05:55:32,116.57435,39.91493
2187,2008-02-07 06:00:32,116.57431,39.91491
2187,2008-02-07 06:05:32,116.57432,39.91481
2187,2008-02-07 06:10:32,116.57434,39.91494
2187,2008-02-07 06:15:32,116.57429,39.91496
2187,2008-02-07 06:20:32,116.57432,39.91488
2187,2008-02-07 06:25:32,116.57433,39.91499
2187,2008-02-07 06:30:32,116.57434,39.91505
2187,2008-02-07 06:35:32,116.57441,39.91496
2187,2008-02-07 06:40:32,116.57434,39.91484
2187,2008-02-07 06:45:32,116.57443,39.91493
2187,2008-02-07 06:50:32,116.57443,39.91488
2187,2008-02-07 06:55:32,116.57438,39.91495
2187,2008-02-07 07:00:32,116.57446,39.91491
2187,2008-02-07 07:10:32,116.57467,39.91508
2187,2008-02-07 07:15:32,116.57455,39.91492
2187,2008-02-07 07:15:32,116.57455,39.91492
2187,2008-02-07 07:20:32,116.5744,39.9149
2187,2008-02-07 07:25:32,116.57451,39.91502
2187,2008-02-07 07:30:32,116.57445,39.91487
2187,2008-02-07 07:35:32,116.57435,39.9149
2187,2008-02-07 07:40:32,116.57445,39.91494
2187,2008-02-07 07:45:32,116.57447,39.91484
2187,2008-02-07 07:50:32,116.57443,39.91487
2187,2008-02-07 07:55:32,116.57439,39.91488
2187,2008-02-07 08:00:32,116.57445,39.91491
2187,2008-02-07 08:05:32,116.57452,39.91488
2187,2008-02-07 08:10:32,116.57435,39.91502
2187,2008-02-07 08:15:32,116.57455,39.91492
2187,2008-02-07 08:20:32,116.57441,39.91494
2187,2008-02-07 08:25:32,116.57443,39.9148
2187,2008-02-07 08:30:32,116.57446,39.91491
2187,2008-02-07 08:35:32,116.57443,39.91488
2187,2008-02-07 08:40:32,116.57446,39.91486
2187,2008-02-07 08:45:32,116.57449,39.9149
2187,2008-02-07 08:50:32,116.57459,39.9149
2187,2008-02-07 08:55:32,116.57446,39.91493
2187,2008-02-07 09:00:32,116.57448,39.91495
2187,2008-02-07 09:05:32,116.57453,39.9149
2187,2008-02-07 09:10:32,116.57449,39.9149
2187,2008-02-07 09:15:32,116.57456,39.91494
2187,2008-02-07 09:20:32,116.57451,39.91491
2187,2008-02-07 09:25:31,116.57454,39.91491
2187,2008-02-07 09:30:31,116.57456,39.91491
2187,2008-02-07 09:35:31,116.57452,39.91487
2187,2008-02-07 09:40:31,116.57454,39.91489
2187,2008-02-07 09:40:31,116.57454,39.91489
2187,2008-02-07 09:45:31,116.57456,39.91493
2187,2008-02-07 09:50:31,116.57455,39.91492
2187,2008-02-07 09:55:31,116.57454,39.91482
2187,2008-02-07 10:05:34,116.57448,39.91498
2187,2008-02-07 10:10:31,116.57452,39.91499
2187,2008-02-07 10:15:31,116.57443,39.91492
2187,2008-02-07 10:20:29,116.57448,39.9149
2187,2008-02-07 10:25:31,116.57446,39.91502
2187,2008-02-07 10:30:31,116.57461,39.91501
2187,2008-02-07 10:40:31,116.52801,39.91732
2187,2008-02-07 10:45:31,116.50614,39.915
2187,2008-02-07 10:50:31,116.45933,39.9165
2187,2008-02-07 10:55:31,116.44031,39.92199
2187,2008-02-07 11:00:31,116.42764,39.92298
2187,2008-02-07 11:20:31,116.3427,39.88828
2187,2008-02-07 11:30:31,116.32844,39.89273
2187,2008-02-07 11:40:31,116.30431,39.92894
2187,2008-02-07 12:00:31,116.30796,39.98208
2187,2008-02-07 12:05:31,116.3,39.98108
2187,2008-02-07 12:05:31,116.3,39.98108
2187,2008-02-07 12:15:31,116.32088,39.93734
2187,2008-02-07 12:20:31,116.33826,39.92229
2187,2008-02-07 12:40:31,116.30422,39.93426
2187,2008-02-07 12:50:31,116.27557,40.02099
2187,2008-02-07 12:55:31,116.25995,40.03158
2187,2008-02-07 13:00:31,116.23693,40.04665
2187,2008-02-07 13:05:31,116.23471,40.04752
2187,2008-02-07 13:10:31,116.23694,40.04511
2187,2008-02-07 13:15:31,116.26087,40.02986
2187,2008-02-07 13:20:31,116.27425,40.02202
2187,2008-02-07 13:25:30,116.29005,39.99196
2187,2008-02-07 13:31:22,116.30187,39.96111
2187,2008-02-07 13:40:30,116.40001,39.96738
2187,2008-02-07 13:45:30,116.42047,39.95593
2187,2008-02-07 13:50:30,116.41889,39.95529
2187,2008-02-07 13:55:30,116.41867,39.95276
2187,2008-02-07 14:00:30,116.41598,39.95251
2187,2008-02-07 14:05:30,116.41246,39.95374
2187,2008-02-07 14:10:30,116.4118,39.96716
2187,2008-02-07 14:15:30,116.38181,39.96764
2187,2008-02-07 14:20:30,116.36582,39.96672
2187,2008-02-07 14:25:30,116.39932,39.96057
2187,2008-02-07 14:30:30,116.39973,39.94793
2187,2008-02-07 14:30:30,116.39973,39.94793
2187,2008-02-07 14:35:30,116.37547,39.95335
2187,2008-02-07 14:40:30,116.36905,39.96005
2187,2008-02-07 14:45:30,116.3654,39.9498
2187,2008-02-07 14:50:30,116.36669,39.93172
2187,2008-02-07 14:55:30,116.36748,39.91474
2187,2008-02-07 15:00:33,116.36768,39.91086
2187,2008-02-07 15:05:30,116.35863,39.917
2187,2008-02-07 15:10:30,116.34997,39.92656
2187,2008-02-07 15:15:30,116.38817,39.94753
2187,2008-02-07 15:20:20,116.40901,39.94778
2187,2008-02-07 15:25:30,116.41203,39.94988
2187,2008-02-07 15:30:30,116.41277,39.95194
2187,2008-02-07 15:35:30,116.41648,39.9527
2187,2008-02-07 15:40:30,116.41905,39.94928
2187,2008-02-07 15:45:30,116.42745,39.94088
2187,2008-02-07 15:50:30,116.43539,39.89763
2187,2008-02-07 15:55:30,116.44476,39.88026
2187,2008-02-07 16:00:28,116.45446,39.87032
2187,2008-02-07 16:05:18,116.45221,39.87492
2187,2008-02-07 16:05:22,116.45221,39.87492
2187,2008-02-07 16:10:30,116.43701,39.88317
2187,2008-02-07 16:15:30,116.43604,39.88312
2187,2008-02-07 16:20:30,116.43451,39.88315
2187,2008-02-07 16:25:30,116.43942,39.88209
2187,2008-02-07 16:30:30,116.45465,39.89136
2187,2008-02-07 16:35:30,116.45738,39.91217
2187,2008-02-07 16:40:30,116.48273,39.91415
2187,2008-02-07 16:45:30,116.51525,39.91543
2187,2008-02-07 16:50:30,116.54001,39.90654
2187,2008-02-07 16:55:30,116.5713,39.90888
2187,2008-02-07 16:55:30,116.5713,39.90888
2187,2008-02-07 17:00:30,116.61237,39.90385
2187,2008-02-07 17:05:30,116.6287,39.89094
2187,2008-02-07 17:10:30,116.6295,39.87492
2187,2008-02-07 17:15:30,116.62623,39.89702
2187,2008-02-07 17:20:30,116.60507,39.90699
2187,2008-02-07 17:25:26,116.59471,39.90817
2187,2008-02-07 17:30:29,116.5813,39.91219
2187,2008-02-07 17:35:29,116.5717,39.90123
2187,2008-02-07 17:40:29,116.5577,39.8733
2187,2008-02-07 17:45:29,116.55431,39.87006
2187,2008-02-07 17:50:29,116.57054,39.89551
2187,2008-02-07 17:55:29,116.54765,39.90836
2187,2008-02-07 18:00:29,116.51237,39.90663
2187,2008-02-07 18:05:29,116.44535,39.90726
2187,2008-02-07 18:10:29,116.4463,39.92036
2187,2008-02-07 18:15:29,116.45558,39.92619
2187,2008-02-07 18:20:29,116.45944,39.95817
2187,2008-02-07 18:25:29,116.48363,39.94122
2187,2008-02-07 18:30:29,116.49474,39.9144
2187,2008-02-07 18:35:29,116.5175,39.91587
2187,2008-02-07 18:40:29,116.54416,39.91469
2187,2008-02-07 18:45:29,116.56657,39.91391
2187,2008-02-07 18:50:29,116.57447,39.91491
2187,2008-02-07 18:55:29,116.57456,39.91488
2187,2008-02-07 19:00:29,116.57454,39.91486
2187,2008-02-07 19:05:29,116.57447,39.91478
2187,2008-02-07 19:15:29,116.57458,39.91471
2187,2008-02-07 19:20:29,116.57445,39.91477
2187,2008-02-07 19:20:29,116.57445,39.91477
2187,2008-02-07 19:25:29,116.57434,39.91484
2187,2008-02-07 19:30:29,116.57455,39.91503
2187,2008-02-07 19:35:29,116.57451,39.91504
2187,2008-02-07 19:40:29,116.5745,39.91503
2187,2008-02-07 19:45:29,116.57461,39.9151
2187,2008-02-07 19:50:29,116.57458,39.91506
2187,2008-02-07 19:55:29,116.57449,39.91505
2187,2008-02-07 20:00:29,116.57456,39.91503
2187,2008-02-07 20:05:29,116.57454,39.91496
2187,2008-02-07 20:10:29,116.57461,39.91496
2187,2008-02-07 20:15:29,116.57456,39.91503
2187,2008-02-07 20:20:29,116.5746,39.91501
2187,2008-02-07 20:25:29,116.57448,39.91501
2187,2008-02-07 20:30:29,116.57435,39.91495
2187,2008-02-07 20:35:29,116.57445,39.91493
2187,2008-02-07 20:40:29,116.57433,39.91491
2187,2008-02-07 20:45:29,116.57438,39.91492
2187,2008-02-07 20:50:29,116.57456,39.91496
2187,2008-02-07 20:55:29,116.57452,39.91494
2187,2008-02-07 21:00:29,116.57451,39.91491
2187,2008-02-07 21:05:29,116.57451,39.91495
2187,2008-02-07 21:10:29,116.57443,39.91495
2187,2008-02-07 21:15:29,116.5744,39.91495
2187,2008-02-07 21:20:29,116.57445,39.91493
2187,2008-02-07 21:25:29,116.57449,39.91495
2187,2008-02-07 21:30:29,116.5745,39.9149
2187,2008-02-07 21:35:28,116.57446,39.91489
2187,2008-02-07 21:40:28,116.57438,39.91491
2187,2008-02-07 21:45:28,116.57438,39.9149
2187,2008-02-07 21:45:28,116.57438,39.9149
2187,2008-02-07 21:50:28,116.57444,39.91494
2187,2008-02-07 21:55:28,116.5745,39.91495
2187,2008-02-07 22:00:28,116.57444,39.91482
2187,2008-02-07 22:05:28,116.57451,39.91494
2187,2008-02-07 22:10:28,116.57446,39.91499
2187,2008-02-07 22:15:28,116.57438,39.91494
2187,2008-02-07 22:20:28,116.57448,39.91492
2187,2008-02-07 22:25:28,116.57452,39.91499
2187,2008-02-07 22:30:28,116.57462,39.91505
2187,2008-02-07 22:35:28,116.57458,39.91498
2187,2008-02-07 22:40:28,116.57474,39.91519
2187,2008-02-07 22:45:28,116.57469,39.91517
2187,2008-02-07 22:50:28,116.57452,39.91495
2187,2008-02-07 22:55:28,116.57456,39.91494
2187,2008-02-07 23:00:28,116.57473,39.915
2187,2008-02-07 23:05:28,116.57436,39.91488
2187,2008-02-07 23:10:28,116.57474,39.9151
2187,2008-02-07 23:15:28,116.57465,39.91504
2187,2008-02-07 23:20:28,116.57462,39.91494
2187,2008-02-07 23:25:28,116.57461,39.91501
2187,2008-02-07 23:30:28,116.57458,39.91497
2187,2008-02-07 23:35:28,116.57458,39.91498
2187,2008-02-07 23:40:28,116.57459,39.91491
2187,2008-02-07 23:45:28,116.57454,39.91491
2187,2008-02-07 23:50:28,116.57454,39.91498
2187,2008-02-07 23:55:28,116.57449,39.91499
2187,2008-02-08 00:00:28,116.5745,39.91492
2187,2008-02-08 00:05:28,116.57448,39.91487
2187,2008-02-08 00:10:28,116.57454,39.91484
2187,2008-02-08 00:10:28,116.57454,39.91484
2187,2008-02-08 00:15:28,116.57452,39.91485
2187,2008-02-08 00:20:28,116.57448,39.91489
2187,2008-02-08 00:25:28,116.57449,39.9149
2187,2008-02-08 00:30:28,116.5745,39.91493
2187,2008-02-08 00:35:28,116.57447,39.91486
2187,2008-02-08 00:40:28,116.57451,39.91491
2187,2008-02-08 00:45:28,116.5745,39.91489
2187,2008-02-08 00:50:28,116.57447,39.91485
2187,2008-02-08 00:55:28,116.57449,39.91482
2187,2008-02-08 01:00:28,116.57448,39.91483
2187,2008-02-08 01:05:28,116.57447,39.91488
2187,2008-02-08 01:10:28,116.57447,39.91483
2187,2008-02-08 01:15:28,116.57448,39.91483
2187,2008-02-08 01:20:28,116.57451,39.91487
2187,2008-02-08 01:25:28,116.57455,39.91495
2187,2008-02-08 01:30:28,116.57453,39.91495
2187,2008-02-08 01:35:28,116.57446,39.91504
2187,2008-02-08 01:40:27,116.57456,39.91491
2187,2008-02-08 01:45:27,116.57438,39.91493
2187,2008-02-08 01:50:27,116.57437,39.91473
2187,2008-02-08 01:55:27,116.57465,39.91502
2187,2008-02-08 02:00:27,116.57461,39.91497
2187,2008-02-08 02:25:27,116.57451,39.91494
2187,2008-02-08 02:45:27,116.57452,39.91488
2187,2008-02-08 02:50:27,116.57458,39.91499
2187,2008-02-08 02:55:27,116.57458,39.91497
2187,2008-02-08 03:00:27,116.57474,39.91488
2187,2008-02-08 03:05:27,116.57471,39.91485
2187,2008-02-08 03:10:27,116.57474,39.91479
2187,2008-02-08 03:15:29,116.57465,39.91488
2187,2008-02-08 03:20:27,116.57463,39.91487
2187,2008-02-08 03:25:27,116.57458,39.91492
2187,2008-02-08 03:30:27,116.57457,39.91504
2187,2008-02-08 03:35:27,116.57459,39.91492
2187,2008-02-08 03:40:27,116.57446,39.91486
2187,2008-02-08 03:45:27,116.57447,39.9149
2187,2008-02-08 03:50:27,116.57446,39.91487
2187,2008-02-08 03:55:27,116.57451,39.91494
2187,2008-02-08 04:05:27,116.57454,39.91489
2187,2008-02-08 04:10:27,116.57463,39.91497
2187,2008-02-08 04:15:27,116.57454,39.91478
2187,2008-02-08 04:20:27,116.57462,39.91494
2187,2008-02-08 04:25:27,116.57462,39.915
2187,2008-02-08 04:30:27,116.57457,39.91509
2187,2008-02-08 04:35:27,116.57458,39.91507
2187,2008-02-08 04:40:27,116.57454,39.91505
2187,2008-02-08 04:45:27,116.57457,39.915
2187,2008-02-08 04:50:27,116.57455,39.91502
2187,2008-02-08 04:55:27,116.57453,39.91503
2187,2008-02-08 05:00:27,116.57452,39.91501
2187,2008-02-08 05:00:27,116.57452,39.91501
2187,2008-02-08 05:05:27,116.57452,39.915
2187,2008-02-08 05:10:27,116.5745,39.91499
2187,2008-02-08 05:15:27,116.57444,39.91504
2187,2008-02-08 05:20:27,116.57442,39.91504
2187,2008-02-08 05:25:27,116.57437,39.91501
2187,2008-02-08 05:30:27,116.57442,39.91497
2187,2008-02-08 05:35:27,116.57441,39.91491
2187,2008-02-08 05:40:26,116.5745,39.91484
2187,2008-02-08 05:45:26,116.57451,39.91492
2187,2008-02-08 05:50:26,116.57457,39.9148
2187,2008-02-08 05:55:26,116.57439,39.91482
2187,2008-02-08 06:00:26,116.57429,39.91497
2187,2008-02-08 06:05:26,116.57445,39.9149
2187,2008-02-08 06:10:26,116.57454,39.91483
2187,2008-02-08 06:15:26,116.57446,39.91477
2187,2008-02-08 06:20:26,116.5743,39.91506
2187,2008-02-08 06:25:26,116.57444,39.91486
2187,2008-02-08 06:30:26,116.57444,39.91485
2187,2008-02-08 06:35:26,116.5744,39.91488
2187,2008-02-08 06:40:26,116.57446,39.91495
2187,2008-02-08 06:45:26,116.5744,39.91499
2187,2008-02-08 06:50:26,116.57439,39.91488
2187,2008-02-08 06:55:26,116.57447,39.91494
2187,2008-02-08 07:00:26,116.5745,39.91496
2187,2008-02-08 07:05:26,116.57452,39.91485
2187,2008-02-08 07:10:26,116.57457,39.91488
2187,2008-02-08 07:15:26,116.57442,39.91484
2187,2008-02-08 07:20:26,116.5745,39.91508
2187,2008-02-08 07:25:26,116.57443,39.91484
2187,2008-02-08 07:25:26,116.57443,39.91484
2187,2008-02-08 07:30:26,116.57452,39.91494
2187,2008-02-08 07:35:26,116.57445,39.91495
2187,2008-02-08 07:40:26,116.57432,39.91481
2187,2008-02-08 07:45:26,116.57454,39.91491
2187,2008-02-08 07:50:26,116.57454,39.91493
2187,2008-02-08 07:55:26,116.57452,39.91504
2187,2008-02-08 08:00:26,116.57457,39.91487
2187,2008-02-08 08:05:26,116.57453,39.91487
2187,2008-02-08 08:10:26,116.57454,39.91488
2187,2008-02-08 08:15:26,116.57456,39.91487
2187,2008-02-08 08:20:26,116.57454,39.91485
2187,2008-02-08 08:25:26,116.57466,39.91483
2187,2008-02-08 08:30:26,116.57456,39.91483
2187,2008-02-08 08:35:26,116.57458,39.9148
2187,2008-02-08 08:40:26,116.57465,39.9149
2187,2008-02-08 08:45:26,116.5746,39.91492
2187,2008-02-08 08:50:26,116.57438,39.91486
2187,2008-02-08 08:55:26,116.57441,39.91484
2187,2008-02-08 09:00:26,116.57466,39.91499
2187,2008-02-08 09:05:26,116.57455,39.91491
2187,2008-02-08 09:10:26,116.57446,39.91484
2187,2008-02-08 09:15:26,116.57457,39.91485
2187,2008-02-08 09:20:26,116.57484,39.91504
2187,2008-02-08 09:25:26,116.57489,39.91504
2187,2008-02-08 09:30:26,116.57488,39.91523
2187,2008-02-08 09:35:26,116.57472,39.91512
2187,2008-02-08 09:40:26,116.57471,39.91507
2187,2008-02-08 09:45:25,116.57464,39.91489
2187,2008-02-08 09:50:25,116.57472,39.91499
2187,2008-02-08 09:50:25,116.57472,39.91499
2187,2008-02-08 09:55:25,116.5748,39.91499
2187,2008-02-08 10:00:25,116.57481,39.91498
2187,2008-02-08 10:05:25,116.57475,39.91501
2187,2008-02-08 10:10:25,116.57467,39.91512
2187,2008-02-08 10:15:25,116.57453,39.91493
2187,2008-02-08 10:20:25,116.57454,39.91503
2187,2008-02-08 10:25:25,116.57451,39.9149
2187,2008-02-08 10:30:25,116.57463,39.91499
2187,2008-02-08 10:35:25,116.57455,39.91515
2187,2008-02-08 10:40:25,116.57449,39.91507
2187,2008-02-08 10:45:25,116.5746,39.91449
2187,2008-02-08 10:50:25,116.57472,39.91434
2187,2008-02-08 10:55:25,116.57466,39.91449
2187,2008-02-08 11:00:25,116.57512,39.9142
2187,2008-02-08 11:05:25,116.57465,39.91481
2187,2008-02-08 11:10:25,116.5745,39.91482
2187,2008-02-08 11:15:25,116.57455,39.91497
2187,2008-02-08 11:20:25,116.57456,39.91495
2187,2008-02-08 11:25:25,116.57458,39.91498
2187,2008-02-08 11:30:25,116.57435,39.91477
2187,2008-02-08 11:35:25,116.57452,39.91493
2187,2008-02-08 11:40:25,116.57452,39.91499
2187,2008-02-08 11:45:25,116.57455,39.91506
2187,2008-02-08 11:50:25,116.57451,39.91499
2187,2008-02-08 11:55:25,116.57453,39.91494
2187,2008-02-08 12:00:25,116.57453,39.91487
2187,2008-02-08 12:05:25,116.57454,39.9149
2187,2008-02-08 12:10:25,116.57457,39.91485
2187,2008-02-08 12:15:25,116.5745,39.91491
2187,2008-02-08 12:15:25,116.5745,39.91491
2187,2008-02-08 12:20:25,116.57445,39.91489
2187,2008-02-08 12:25:25,116.57449,39.91491
2187,2008-02-08 12:30:25,116.57449,39.91493
2187,2008-02-08 12:35:25,116.57444,39.9149
2187,2008-02-08 12:40:25,116.57449,39.91488
2187,2008-02-08 12:45:25,116.57449,39.9149
2187,2008-02-08 12:50:25,116.57452,39.91486
2187,2008-02-08 12:55:25,116.57453,39.91487
2187,2008-02-08 13:00:25,116.57454,39.91489
2187,2008-02-08 13:05:25,116.57453,39.91491
2187,2008-02-08 13:10:25,116.57454,39.91501
2187,2008-02-08 13:15:25,116.5745,39.91507
2187,2008-02-08 13:20:25,116.57455,39.91474
2187,2008-02-08 13:25:25,116.57445,39.91493
2187,2008-02-08 13:30:25,116.57449,39.91487
2187,2008-02-08 13:35:25,116.57455,39.91479
2187,2008-02-08 13:40:25,116.57439,39.91483
2187,2008-02-08 13:45:25,116.57447,39.91475
2187,2008-02-08 13:50:24,116.57452,39.91483
2187,2008-02-08 13:55:24,116.57429,39.91458
2187,2008-02-08 14:00:24,116.5745,39.9149
2187,2008-02-08 14:05:24,116.57462,39.915
2187,2008-02-08 14:10:24,116.57466,39.91492
2187,2008-02-08 14:15:24,116.57453,39.91492
2187,2008-02-08 14:20:24,116.57467,39.91503
2187,2008-02-08 14:25:24,116.57461,39.91499
2187,2008-02-08 14:30:24,116.57467,39.91505
2187,2008-02-08 14:35:24,116.57461,39.91504
2187,2008-02-08 14:40:24,116.5746,39.91505
2187,2008-02-08 14:40:24,116.5746,39.91505
2187,2008-02-08 14:45:24,116.57467,39.91506
2187,2008-02-08 14:50:24,116.57458,39.91503
2187,2008-02-08 14:55:24,116.57456,39.91498
2187,2008-02-08 15:00:24,116.5744,39.91494
2187,2008-02-08 15:05:24,116.57451,39.91515
2187,2008-02-08 15:10:24,116.57425,39.91489
2187,2008-02-08 15:15:24,116.57458,39.91496
2187,2008-02-08 15:20:24,116.5745,39.91501
2187,2008-02-08 15:25:24,116.57457,39.91508
2187,2008-02-08 15:30:24,116.57451,39.91499
2187,2008-02-08 15:35:24,116.57452,39.91502
2187,2008-02-08 15:40:24,116.5745,39.91506
2187,2008-02-08 15:45:24,116.57452,39.91498
2187,2008-02-08 15:50:24,116.57456,39.91497
2187,2008-02-08 15:55:24,116.57452,39.91503
2187,2008-02-08 16:00:24,116.57452,39.91499
2187,2008-02-08 16:05:21,116.57454,39.91501
2187,2008-02-08 16:05:24,116.57454,39.91501
2187,2008-02-08 16:10:24,116.57455,39.91496
2187,2008-02-08 16:15:24,116.57451,39.91508
2187,2008-02-08 16:20:24,116.57457,39.91505
2187,2008-02-08 16:25:24,116.57463,39.91497
2187,2008-02-08 16:30:24,116.57457,39.91506
2187,2008-02-08 16:35:24,116.5746,39.91514
2187,2008-02-08 16:40:27,116.57458,39.91522
2187,2008-02-08 16:45:24,116.57461,39.91534
2187,2008-02-08 16:50:24,116.57465,39.91533
2187,2008-02-08 16:55:24,116.57474,39.91512
2187,2008-02-08 17:00:24,116.57486,39.91509
2187,2008-02-08 17:05:24,116.57465,39.915
2187,2008-02-08 17:05:24,116.57465,39.915
2187,2008-02-08 17:10:24,116.57466,39.91499
2187,2008-02-08 17:15:24,116.57464,39.91491
2187,2008-02-08 17:20:24,116.57471,39.91485
2187,2008-02-08 17:25:24,116.57469,39.91486
2187,2008-02-08 17:30:24,116.57467,39.91485
2187,2008-02-08 17:35:24,116.57458,39.91484
