taxi_id,time,lon,lat
2684,2008-02-02 13:47:58,116.3645,39.89844
2684,2008-02-02 13:57:58,116.3645,39.89844
2684,2008-02-02 14:07:58,116.3645,39.89844
2684,2008-02-02 14:27:58,116.3645,39.89844
2684,2008-02-02 14:37:58,116.3645,39.89844
2684,2008-02-02 14:47:58,116.3645,39.89844
2684,2008-02-02 14:57:58,116.3645,39.89844
2684,2008-02-02 15:07:58,116.3645,39.89844
2684,2008-02-02 15:27:58,116.31285,39.86617
2684,2008-02-02 15:37:58,116.31285,39.86617
2684,2008-02-02 15:47:58,116.31285,39.86617
2684,2008-02-02 15:57:58,116.31285,39.86617
2684,2008-02-02 16:07:58,116.34087,39.8563
2684,2008-02-02 16:17:58,116.34098,39.85661
2684,2008-02-02 16:27:58,116.35276,39.85192
2684,2008-02-02 16:37:58,116.32447,39.84785
2684,2008-02-02 16:47:58,116.32447,39.84785
2684,2008-02-02 16:58:08,116.27725,39.88827
2684,2008-02-02 17:17:57,116.27992,39.85754
2684,2008-02-02 17:17:57,116.27992,39.85754
2684,2008-02-02 17:27:57,116.26478,39.86719
2684,2008-02-02 17:37:57,116.27312,39.87348
2684,2008-02-02 18:07:57,116.40138,39.88854
2684,2008-02-02 18:27:57,116.41557,39.86567
2684,2008-02-02 18:47:57,116.41557,39.86567
2684,2008-02-02 18:57:57,116.44597,39.85975
2684,2008-02-02 19:07:57,116.44412,39.85872
2684,2008-02-02 19:17:57,116.42065,39.85646
2684,2008-02-02 19:27:57,116.33139,39.84772
2684,2008-02-02 19:37:57,116.33139,39.84772
2684,2008-02-02 19:47:57,116.32472,39.84719
2684,2008-02-02 19:57:57,116.30701,39.84376
2684,2008-02-02 20:07:57,116.31365,39.84678
2684,2008-02-02 20:17:57,116.34107,39.85365
2684,2008-02-02 20:27:57,116.39331,39.86453
2684,2008-02-02 20:37:57,116.39331,39.86221
2684,2008-02-02 20:47:57,116.44782,39.84871
2684,2008-02-02 20:57:57,116.44782,39.84871
2684,2008-02-02 21:07:56,116.45346,39.85414
2684,2008-02-02 21:17:56,116.44415,39.85827
2684,2008-02-02 21:27:56,116.41554,39.86871
2684,2008-02-02 21:37:56,116.45035,39.86021
2684,2008-02-02 21:47:56,116.45035,39.86021
2684,2008-02-02 21:57:56,116.4823,39.78117
2684,2008-02-02 22:07:56,116.44915,39.76275
2684,2008-02-02 22:07:56,116.44915,39.76275
2684,2008-02-02 22:17:56,116.44915,39.76275
2684,2008-02-02 22:27:56,116.44915,39.76275
2684,2008-02-02 22:37:56,116.44915,39.76275
2684,2008-02-02 22:47:56,116.44915,39.76275
2684,2008-02-02 22:57:56,116.44915,39.76275
2684,2008-02-02 23:07:56,116.44915,39.76275
2684,2008-02-02 23:17:56,116.44915,39.76275
2684,2008-02-02 23:27:56,116.44915,39.76275
2684,2008-02-02 23:37:56,116.44915,39.76275
2684,2008-02-02 23:47:56,116.44915,39.76275
2684,2008-02-02 23:57:56,116.44915,39.76275
2684,2008-02-03 00:07:56,116.44915,39.76275
2684,2008-02-03 00:17:56,116.44915,39.76275
2684,2008-02-03 00:27:56,116.44915,39.76275
2684,2008-02-03 00:37:56,116.44915,39.76275
2684,2008-02-03 00:47:56,116.44915,39.76275
2684,2008-02-03 00:57:56,116.44915,39.76275
2684,2008-02-03 01:07:56,116.44915,39.76275
2684,2008-02-03 01:17:56,116.44915,39.76275
2684,2008-02-03 01:27:56,116.44915,39.76275
2684,2008-02-03 01:37:55,116.44915,39.76275
2684,2008-02-03 01:47:55,116.44915,39.76275
2684,2008-02-03 01:57:55,116.44915,39.76275
2684,2008-02-03 03:47:55,116.44915,39.76275
2684,2008-02-03 04:07:55,116.44915,39.76275
2684,2008-02-03 04:17:55,116.44915,39.76275
2684,2008-02-03 04:27:55,116.44915,39.76275
2684,2008-02-03 04:37:55,116.44915,39.76275
2684,2008-02-03 04:47:55,116.44915,39.76275
2684,2008-02-03 04:57:55,116.44915,39.76275
2684,2008-02-03 05:07:55,116.44915,39.76275
2684,2008-02-03 05:17:55,116.44915,39.76275
2684,2008-02-03 05:27:55,116.44915,39.76275
2684,2008-02-03 05:37:55,116.44915,39.76275
2684,2008-02-03 05:47:54,116.44915,39.76275
2684,2008-02-03 05:57:54,116.44915,39.76275
2684,2008-02-03 06:07:54,116.44915,39.76275
2684,2008-02-03 06:17:54,116.44915,39.76275
2684,2008-02-03 06:27:54,116.44915,39.76275
2684,2008-02-03 06:37:54,116.44915,39.76275
2684,2008-02-03 06:47:54,116.44915,39.76275
2684,2008-02-03 06:57:54,116.44915,39.76275
2684,2008-02-03 07:07:54,116.44915,39.76275
2684,2008-02-03 07:17:54,116.44915,39.76275
2684,2008-02-03 07:37:54,116.44915,39.76275
2684,2008-02-03 07:57:54,116.44915,39.76275
2684,2008-02-03 08:07:54,116.44915,39.76275
2684,2008-02-03 08:17:54,116.44915,39.76275
2684,2008-02-03 08:27:54,116.44915,39.76275
2684,2008-02-03 08:37:54,116.44915,39.76275
2684,2008-02-03 09:17:54,116.44915,39.76275
2684,2008-02-03 09:27:54,116.44915,39.76275
2684,2008-02-03 09:47:53,116.44652,39.8117
2684,2008-02-03 09:57:53,116.44155,39.83112
2684,2008-02-03 10:07:53,116.43994,39.83107
2684,2008-02-03 10:14:50,116.34517,39.88922
2684,2008-02-03 10:17:54,116.42594,39.86934
2684,2008-02-03 10:27:54,116.42804,39.86941
2684,2008-02-03 10:47:54,116.42804,39.86941
2684,2008-02-03 10:57:54,116.42804,39.86941
2684,2008-02-03 11:17:54,116.42804,39.86941
2684,2008-02-03 11:37:54,116.39444,39.86038
2684,2008-02-03 11:47:54,116.40444,39.86388
2684,2008-02-03 11:57:54,116.40444,39.86388
2684,2008-02-03 12:07:53,116.41142,39.85137
2684,2008-02-03 12:27:55,116.41438,39.88119
2684,2008-02-03 12:37:53,116.41214,39.89484
2684,2008-02-03 12:37:53,116.41214,39.89484
2684,2008-02-03 12:47:53,116.41187,39.90642
2684,2008-02-03 12:57:53,116.41208,39.9026
2684,2008-02-03 13:07:53,116.42774,39.88067
2684,2008-02-03 13:07:53,116.42774,39.88067
2684,2008-02-03 13:17:53,116.4344,39.86465
2684,2008-02-03 13:27:53,116.4344,39.86465
2684,2008-02-03 13:37:53,116.4344,39.86465
2684,2008-02-03 13:47:53,116.4344,39.86465
2684,2008-02-03 13:57:53,116.42642,39.85712
2684,2008-02-03 14:07:53,116.42642,39.85712
2684,2008-02-03 14:17:52,116.42642,39.85712
2684,2008-02-03 14:37:52,116.42642,39.85712
2684,2008-02-03 14:47:52,116.42642,39.85712
2684,2008-02-03 14:57:52,116.42642,39.85712
2684,2008-02-03 15:07:52,116.42054,39.89215
2684,2008-02-03 15:07:52,116.42054,39.89215
2684,2008-02-03 15:17:52,116.39741,39.89922
2684,2008-02-03 15:27:52,116.35176,39.90591
2684,2008-02-03 15:37:52,116.34992,39.92967
2684,2008-02-03 15:47:52,116.33773,39.93096
2684,2008-02-03 15:57:52,116.34691,39.91995
2684,2008-02-03 16:07:52,116.34769,39.91255
2684,2008-02-03 16:17:52,116.35162,39.9125
2684,2008-02-03 16:27:52,116.36788,39.89902
2684,2008-02-03 16:37:52,116.37847,39.8865
2684,2008-02-03 16:47:52,116.38103,39.8756
2684,2008-02-03 16:57:52,116.39433,39.85767
2684,2008-02-03 17:07:52,116.4095,39.86025
2684,2008-02-03 17:17:52,116.41416,39.86984
2684,2008-02-03 17:27:52,116.4122,39.89719
2684,2008-02-03 17:37:52,116.40601,39.89111
2684,2008-02-03 17:47:52,116.40601,39.89111
2684,2008-02-03 17:57:52,116.42891,39.91134
2684,2008-02-03 18:07:52,116.40175,39.9572
2684,2008-02-03 18:17:52,116.40237,39.95812
2684,2008-02-03 18:27:51,116.4012,39.98072
2684,2008-02-03 18:47:51,116.3885,39.97906
2684,2008-02-03 18:57:51,116.36505,39.99918
2684,2008-02-03 19:07:51,116.38732,39.96706
2684,2008-02-03 19:17:51,116.41236,39.96752
2684,2008-02-03 19:27:51,116.41909,39.947
2684,2008-02-03 19:37:51,116.41952,39.93639
2684,2008-02-03 19:47:51,116.4195,39.93572
2684,2008-02-03 19:57:51,116.41174,39.90647
2684,2008-02-03 19:57:51,116.41174,39.90647
2684,2008-02-03 20:07:51,116.41174,39.90647
2684,2008-02-03 20:17:51,116.41174,39.90647
2684,2008-02-03 20:27:51,116.41174,39.90647
2684,2008-02-03 20:37:51,116.42717,39.8458
2684,2008-02-03 20:47:51,116.42167,39.85668
2684,2008-02-03 20:57:51,116.41401,39.85582
2684,2008-02-03 21:07:51,116.41401,39.85582
2684,2008-02-03 21:07:51,116.41401,39.85582
2684,2008-02-03 21:17:51,116.41401,39.85582
2684,2008-02-03 21:37:51,116.39461,39.83293
2684,2008-02-03 21:47:51,116.41088,39.8273
2684,2008-02-03 22:07:51,116.41088,39.8273
2684,2008-02-03 22:17:51,116.41088,39.8273
2684,2008-02-03 22:27:51,116.41088,39.8273
2684,2008-02-03 22:37:51,116.41088,39.8273
2684,2008-02-03 22:47:50,116.41088,39.8273
2684,2008-02-03 22:57:50,116.41088,39.8273
2684,2008-02-03 23:07:50,116.41088,39.8273
2684,2008-02-03 23:17:50,116.41088,39.8273
2684,2008-02-03 23:27:50,116.41088,39.8273
2684,2008-02-03 23:37:50,116.41088,39.8273
2684,2008-02-03 23:57:50,116.41088,39.8273
2684,2008-02-04 00:07:50,116.41088,39.8273
2684,2008-02-04 00:17:50,116.41088,39.8273
2684,2008-02-04 00:27:50,116.41088,39.8273
2684,2008-02-04 00:37:50,116.41088,39.8273
2684,2008-02-04 00:47:50,116.41088,39.8273
2684,2008-02-04 00:47:50,116.41088,39.8273
2684,2008-02-04 00:57:50,116.41088,39.8273
2684,2008-02-04 01:07:50,116.41088,39.8273
2684,2008-02-04 01:17:50,116.41088,39.8273
2684,2008-02-04 01:27:50,116.41088,39.8273
2684,2008-02-04 01:37:50,116.41088,39.8273
2684,2008-02-04 01:47:50,116.41088,39.8273
2684,2008-02-04 01:57:50,116.41088,39.8273
2684,2008-02-04 02:17:50,116.41088,39.8273
2684,2008-02-04 02:27:50,116.41088,39.8273
2684,2008-02-04 02:37:50,116.41088,39.8273
2684,2008-02-04 02:47:50,116.41088,39.8273
2684,2008-02-04 02:57:49,116.41088,39.8273
2684,2008-02-04 03:07:49,116.41088,39.8273
2684,2008-02-04 03:17:49,116.41088,39.8273
2684,2008-02-04 03:27:49,116.41088,39.8273
2684,2008-02-04 03:37:49,116.41088,39.8273
2684,2008-02-04 03:47:49,116.41088,39.8273
2684,2008-02-04 03:57:49,116.41088,39.8273
2684,2008-02-04 04:17:49,116.41088,39.8273
2684,2008-02-04 04:27:49,116.41088,39.8273
2684,2008-02-04 04:37:49,116.41088,39.8273
2684,2008-02-04 04:47:49,116.41088,39.8273
2684,2008-02-04 04:57:49,116.41088,39.8273
2684,2008-02-04 05:07:49,116.41088,39.8273
2684,2008-02-04 05:17:49,116.41088,39.8273
2684,2008-02-04 05:27:49,116.41088,39.8273
2684,2008-02-04 05:37:49,116.41088,39.8273
2684,2008-02-04 05:37:49,116.41088,39.8273
2684,2008-02-04 05:47:49,116.41088,39.8273
2684,2008-02-04 05:57:49,116.41088,39.8273
2684,2008-02-04 06:07:49,116.41088,39.8273
2684,2008-02-04 06:17:49,116.41088,39.8273
2684,2008-02-04 06:27:49,116.41088,39.8273
2684,2008-02-04 06:37:49,116.41088,39.8273
2684,2008-02-04 06:47:49,116.41088,39.8273
2684,2008-02-04 06:57:49,116.41088,39.8273
2684,2008-02-04 07:07:49,116.41088,39.8273
2684,2008-02-04 07:17:48,116.41088,39.8273
2684,2008-02-04 07:27:48,116.41088,39.8273
2684,2008-02-04 08:07:48,116.41088,39.8273
2684,2008-02-04 08:17:48,116.41088,39.8273
2684,2008-02-04 08:27:48,116.41088,39.8273
2684,2008-02-04 08:37:48,116.41088,39.8273
2684,2008-02-04 08:47:48,116.41088,39.8273
2684,2008-02-04 08:57:48,116.41088,39.8273
2684,2008-02-04 09:07:48,116.41088,39.8273
2684,2008-02-04 09:17:48,116.41088,39.8273
2684,2008-02-04 09:27:48,116.41088,39.8273
2684,2008-02-04 09:37:48,116.41088,39.8273
2684,2008-02-04 09:47:48,116.41088,39.8273
2684,2008-02-04 09:57:48,116.41088,39.8273
2684,2008-02-04 10:07:48,116.3593,39.869
2684,2008-02-04 10:14:53,116.42406,39.86675
2684,2008-02-04 10:17:53,116.42406,39.86675
2684,2008-02-04 10:27:53,116.42406,39.86675
2684,2008-02-04 10:27:53,116.42406,39.86675
2684,2008-02-04 10:37:53,116.42406,39.86675
2684,2008-02-04 10:47:53,116.42406,39.86675
2684,2008-02-04 10:57:48,116.42907,39.95803
2684,2008-02-04 11:07:48,116.41989,39.94824
2684,2008-02-04 11:17:48,116.41171,39.93948
2684,2008-02-04 11:27:48,116.41171,39.93948
2684,2008-02-04 11:37:47,116.43502,39.90616
2684,2008-02-04 11:47:47,116.43894,39.90707
2684,2008-02-04 11:57:47,116.44914,39.86088
2684,2008-02-04 12:07:47,116.44275,39.82534
2684,2008-02-04 12:17:47,116.44275,39.82534
2684,2008-02-04 12:27:47,116.44275,39.82534
2684,2008-02-04 12:37:47,116.44275,39.82534
2684,2008-02-04 12:57:47,116.41568,39.85919
2684,2008-02-04 13:07:47,116.41549,39.86704
2684,2008-02-04 13:17:47,116.41549,39.86704
2684,2008-02-04 13:27:47,116.41549,39.86704
2684,2008-02-04 13:37:47,116.41549,39.86704
2684,2008-02-04 13:47:47,116.41549,39.86704
2684,2008-02-04 13:57:47,116.41549,39.86704
2684,2008-02-04 14:07:47,116.41549,39.86704
2684,2008-02-04 14:17:47,116.41549,39.86704
2684,2008-02-04 14:27:47,116.41549,39.86704
2684,2008-02-04 14:37:47,116.41549,39.86704
2684,2008-02-04 14:47:47,116.41549,39.86704
2684,2008-02-04 14:57:47,116.41549,39.86704
2684,2008-02-04 15:07:47,116.44649,39.86088
2684,2008-02-04 15:17:46,116.4465,39.86092
2684,2008-02-04 15:17:46,116.4465,39.86092
2684,2008-02-04 15:37:46,116.43661,39.85802
2684,2008-02-04 15:47:46,116.43274,39.84935
2684,2008-02-04 15:57:46,116.46253,39.9123
2684,2008-02-04 16:07:46,116.4684,39.91237
2684,2008-02-04 16:17:46,116.46298,39.87967
2684,2008-02-04 16:27:46,116.44981,39.87155
2684,2008-02-04 16:37:46,116.44779,39.90234
2684,2008-02-04 16:47:46,116.47893,39.90447
2684,2008-02-04 16:57:46,116.54134,40.02512
2684,2008-02-04 17:07:46,116.5819,40.07194
2684,2008-02-04 17:17:46,116.58362,40.05938
2684,2008-02-04 17:27:46,116.48332,39.95124
2684,2008-02-04 17:37:46,116.47192,39.92629
2684,2008-02-04 17:47:46,116.4717,39.9077
2684,2008-02-04 17:57:46,116.47927,39.90178
2684,2008-02-04 18:07:46,116.47101,39.89226
2684,2008-02-04 18:17:46,116.45262,39.88029
2684,2008-02-04 18:27:46,116.43305,39.88302
2684,2008-02-04 18:37:46,116.42583,39.86461
2684,2008-02-04 18:47:46,116.41378,39.86982
2684,2008-02-04 18:57:46,116.36009,39.89051
2684,2008-02-04 19:07:46,116.35863,39.89174
2684,2008-02-04 19:17:46,116.35863,39.89174
2684,2008-02-04 19:27:46,116.35863,39.89174
2684,2008-02-04 19:37:46,116.36248,39.84448
2684,2008-02-04 19:47:46,116.36817,39.87664
2684,2008-02-04 19:57:45,116.3469,39.88727
2684,2008-02-04 20:07:45,116.3665,39.89855
2684,2008-02-04 20:07:45,116.3665,39.89855
2684,2008-02-04 20:27:45,116.43042,39.89961
2684,2008-02-04 20:37:45,116.48417,39.92027
2684,2008-02-04 20:47:45,116.48417,39.92027
2684,2008-02-04 20:57:45,116.48372,39.914
2684,2008-02-04 21:07:45,116.48372,39.914
2684,2008-02-04 21:17:45,116.43191,39.88003
2684,2008-02-04 21:27:45,116.38155,39.86848
2684,2008-02-04 21:47:45,116.39422,39.86028
2684,2008-02-04 21:57:45,116.39405,39.86016
2684,2008-02-04 22:17:45,116.39405,39.86016
2684,2008-02-04 22:27:45,116.44711,39.82004
2684,2008-02-04 22:37:45,116.44086,39.76688
2684,2008-02-04 22:57:45,116.44781,39.76474
2684,2008-02-04 23:07:45,116.44781,39.76474
2684,2008-02-04 23:17:45,116.44781,39.76474
2684,2008-02-04 23:27:45,116.44781,39.76474
2684,2008-02-04 23:37:45,116.44781,39.76474
2684,2008-02-04 23:57:45,116.44781,39.76474
2684,2008-02-05 00:07:44,116.44781,39.76474
2684,2008-02-05 00:17:44,116.44781,39.76474
2684,2008-02-05 00:27:44,116.44781,39.76474
2684,2008-02-05 00:37:44,116.44781,39.76474
2684,2008-02-05 00:47:44,116.44781,39.76474
2684,2008-02-05 00:57:44,116.44781,39.76474
2684,2008-02-05 00:57:44,116.44781,39.76474
2684,2008-02-05 01:07:44,116.44781,39.76474
2684,2008-02-05 01:17:44,116.44781,39.76474
2684,2008-02-05 01:27:44,116.44781,39.76474
2684,2008-02-05 01:37:44,116.44781,39.76474
2684,2008-02-05 01:47:44,116.44781,39.76474
2684,2008-02-05 01:57:44,116.44781,39.76474
2684,2008-02-05 02:37:44,116.44781,39.76474
2684,2008-02-05 02:47:44,116.44781,39.76474
2684,2008-02-05 02:57:44,116.44781,39.76474
2684,2008-02-05 03:07:44,116.44781,39.76474
2684,2008-02-05 03:17:44,116.44781,39.76474
2684,2008-02-05 03:27:44,116.44781,39.76474
2684,2008-02-05 03:47:44,116.44781,39.76474
2684,2008-02-05 03:57:44,116.44781,39.76474
2684,2008-02-05 04:07:44,116.44781,39.76474
2684,2008-02-05 04:17:43,116.44781,39.76474
2684,2008-02-05 04:27:43,116.44781,39.76474
2684,2008-02-05 04:37:43,116.44781,39.76474
2684,2008-02-05 04:57:43,116.44781,39.76474
2684,2008-02-05 05:07:43,116.44781,39.76474
2684,2008-02-05 05:17:43,116.44781,39.76474
2684,2008-02-05 05:27:43,116.44781,39.76474
2684,2008-02-05 05:37:43,116.44781,39.76474
2684,2008-02-05 05:47:43,116.44781,39.76474
2684,2008-02-05 05:47:43,116.44781,39.76474
2684,2008-02-05 05:57:43,116.44781,39.76474
2684,2008-02-05 06:07:43,116.44781,39.76474
2684,2008-02-05 06:17:43,116.44781,39.76474
2684,2008-02-05 06:27:43,116.44781,39.76474
2684,2008-02-05 06:37:43,116.44781,39.76474
2684,2008-02-05 06:47:43,116.44781,39.76474
2684,2008-02-05 06:57:43,116.44781,39.76474
2684,2008-02-05 07:07:43,116.44781,39.76474
2684,2008-02-05 07:27:43,116.44781,39.76474
2684,2008-02-05 07:37:43,116.44781,39.76474
2684,2008-02-05 07:47:43,116.44781,39.76474
2684,2008-02-05 07:57:43,116.44781,39.76474
2684,2008-02-05 08:17:43,116.44781,39.76474
2684,2008-02-05 08:27:42,116.44781,39.76474
2684,2008-02-05 08:37:42,116.44781,39.76474
2684,2008-02-05 08:47:42,116.44781,39.76474
2684,2008-02-05 08:57:42,116.44781,39.76474
2684,2008-02-05 09:07:42,116.44781,39.76474
2684,2008-02-05 09:17:42,116.44781,39.76474
2684,2008-02-05 09:27:42,116.44781,39.76474
2684,2008-02-05 09:37:42,116.44781,39.76474
2684,2008-02-05 09:47:42,116.44781,39.76474
2684,2008-02-05 09:57:42,116.44781,39.76474
2684,2008-02-05 10:14:57,116.42602,39.94875
2684,2008-02-05 10:17:48,116.42602,39.94875
2684,2008-02-05 10:27:48,116.42602,39.94875
2684,2008-02-05 10:37:48,116.42602,39.94875
2684,2008-02-05 10:37:48,116.42602,39.94875
2684,2008-02-05 10:47:48,116.42602,39.94875
2684,2008-02-05 10:57:48,116.42602,39.94875
2684,2008-02-05 11:07:48,116.42602,39.94875
2684,2008-02-05 11:17:48,116.42602,39.94875
2684,2008-02-05 11:27:43,116.35932,39.85356
2684,2008-02-05 11:47:43,116.41357,39.86065
2684,2008-02-05 11:57:42,116.44005,39.84601
2684,2008-02-05 12:07:42,116.43686,39.8444
2684,2008-02-05 12:17:42,116.40841,39.847
2684,2008-02-05 12:27:42,116.41468,39.85439
2684,2008-02-05 12:37:42,116.3594,39.85387
2684,2008-02-05 12:47:41,116.3594,39.85387
2684,2008-02-05 12:57:41,116.34154,39.86055
2684,2008-02-05 13:07:41,116.34154,39.86055
2684,2008-02-05 13:07:41,116.34154,39.86055
2684,2008-02-05 13:17:41,116.34154,39.86055
2684,2008-02-05 13:27:41,116.34154,39.86055
2684,2008-02-05 13:37:41,116.34154,39.86055
2684,2008-02-05 13:47:41,116.35309,39.85244
2684,2008-02-05 13:57:41,116.36825,39.88358
2684,2008-02-05 14:07:41,116.36807,39.8945
2684,2008-02-05 14:17:41,116.38117,39.89901
2684,2008-02-05 14:27:41,116.38117,39.89901
2684,2008-02-05 14:37:41,116.3809,39.90653
2684,2008-02-05 14:47:41,116.37468,39.90979
2684,2008-02-05 14:57:41,116.37387,39.88777
2684,2008-02-05 15:07:41,116.37387,39.88777
2684,2008-02-05 15:17:41,116.37387,39.88777
2684,2008-02-05 15:27:41,116.36292,39.85479
2684,2008-02-05 15:37:41,116.39322,39.86271
2684,2008-02-05 15:47:41,116.39327,39.86174
2684,2008-02-05 15:57:41,116.43069,39.86099
2684,2008-02-05 16:07:41,116.42869,39.85715
2684,2008-02-05 16:17:41,116.42869,39.85715
2684,2008-02-05 16:27:41,116.42869,39.85715
2684,2008-02-05 16:37:41,116.42869,39.85715
2684,2008-02-05 16:47:41,116.42869,39.85715
2684,2008-02-05 16:57:41,116.42869,39.85715
2684,2008-02-05 17:07:40,116.42869,39.85715
2684,2008-02-05 17:17:40,116.42869,39.85715
2684,2008-02-05 17:27:40,116.42869,39.85715
2684,2008-02-05 17:37:40,116.42869,39.85715
2684,2008-02-05 17:47:40,116.42869,39.85715
2684,2008-02-05 17:57:40,116.42869,39.85715
2684,2008-02-05 17:57:40,116.42869,39.85715
2684,2008-02-05 18:07:40,116.42869,39.85715
2684,2008-02-05 18:17:40,116.41168,39.91385
2684,2008-02-05 18:27:40,116.41958,39.93011
2684,2008-02-05 18:37:40,116.4201,39.9248
2684,2008-02-05 18:47:40,116.4201,39.9248
2684,2008-02-05 18:57:40,116.33367,39.89622
2684,2008-02-05 19:07:40,116.31296,39.89558
2684,2008-02-05 19:17:40,116.32824,39.89591
2684,2008-02-05 19:27:40,116.32824,39.89591
2684,2008-02-05 19:37:40,116.32824,39.89591
2684,2008-02-05 19:47:40,116.32824,39.89591
2684,2008-02-05 19:57:40,116.32824,39.89591
2684,2008-02-05 20:07:40,116.37799,39.84761
2684,2008-02-05 20:07:40,116.37799,39.84761
2684,2008-02-05 20:07:40,116.37799,39.84761
2684,2008-02-05 20:17:40,116.38891,39.84643
2684,2008-02-05 20:27:40,116.41571,39.86386
2684,2008-02-05 20:37:40,116.41571,39.86386
2684,2008-02-05 20:47:40,116.42733,39.83575
2684,2008-02-05 20:57:40,116.43303,39.83125
2684,2008-02-05 21:07:39,116.49738,39.77693
2684,2008-02-05 21:17:39,116.51038,39.77084
2684,2008-02-05 21:27:39,116.44923,39.76273
2684,2008-02-05 21:37:39,116.44923,39.76273
2684,2008-02-05 21:47:39,116.44923,39.76273
2684,2008-02-05 21:57:39,116.44923,39.76273
2684,2008-02-05 22:07:39,116.44923,39.76273
2684,2008-02-05 22:17:39,116.44923,39.76273
2684,2008-02-05 22:27:39,116.44923,39.76273
2684,2008-02-05 22:37:39,116.44923,39.76273
2684,2008-02-05 22:47:39,116.44923,39.76273
2684,2008-02-05 22:47:39,116.44923,39.76273
2684,2008-02-05 22:57:39,116.44923,39.76273
2684,2008-02-05 23:07:39,116.44923,39.76273
2684,2008-02-05 23:17:39,116.44923,39.76273
2684,2008-02-05 23:37:39,116.44923,39.76273
2684,2008-02-05 23:47:39,116.44923,39.76273
2684,2008-02-05 23:57:39,116.44923,39.76273
2684,2008-02-06 00:07:39,116.44923,39.76273
2684,2008-02-06 00:17:39,116.44923,39.76273
2684,2008-02-06 00:27:39,116.44923,39.76273
2684,2008-02-06 00:37:39,116.44923,39.76273
2684,2008-02-06 00:57:39,116.44923,39.76273
2684,2008-02-06 01:07:39,116.44923,39.76273
2684,2008-02-06 01:17:39,116.44923,39.76273
2684,2008-02-06 01:27:39,116.44923,39.76273
2684,2008-02-06 01:37:38,116.44923,39.76273
2684,2008-02-06 01:47:38,116.44923,39.76273
2684,2008-02-06 01:57:38,116.44923,39.76273
2684,2008-02-06 02:17:38,116.44923,39.76273
2684,2008-02-06 02:27:38,116.44923,39.76273
2684,2008-02-06 02:37:38,116.44923,39.76273
2684,2008-02-06 02:47:38,116.44923,39.76273
2684,2008-02-06 02:57:38,116.44923,39.76273
2684,2008-02-06 03:07:38,116.44923,39.76273
2684,2008-02-06 03:17:38,116.44923,39.76273
2684,2008-02-06 03:27:38,116.44923,39.76273
2684,2008-02-06 03:37:38,116.44923,39.76273
2684,2008-02-06 03:37:38,116.44923,39.76273
2684,2008-02-06 03:47:38,116.44923,39.76273
2684,2008-02-06 03:57:38,116.44923,39.76273
2684,2008-02-06 04:07:38,116.44923,39.76273
2684,2008-02-06 04:17:38,116.44923,39.76273
2684,2008-02-06 04:27:38,116.44923,39.76273
2684,2008-02-06 04:37:38,116.44923,39.76273
2684,2008-02-06 04:47:38,116.44923,39.76273
2684,2008-02-06 04:57:38,116.44923,39.76273
2684,2008-02-06 05:07:38,116.44923,39.76273
2684,2008-02-06 05:17:38,116.44923,39.76273
2684,2008-02-06 05:27:38,116.44923,39.76273
2684,2008-02-06 05:37:37,116.44923,39.76273
2684,2008-02-06 05:47:37,116.44923,39.76273
2684,2008-02-06 05:57:37,116.44923,39.76273
2684,2008-02-06 06:07:37,116.44923,39.76273
2684,2008-02-06 06:17:37,116.44923,39.76273
2684,2008-02-06 06:27:37,116.44923,39.76273
2684,2008-02-06 06:37:37,116.44923,39.76273
2684,2008-02-06 06:47:37,116.44923,39.76273
2684,2008-02-06 06:57:37,116.44923,39.76273
2684,2008-02-06 07:07:37,116.44923,39.76273
2684,2008-02-06 07:17:37,116.44923,39.76273
2684,2008-02-06 07:27:37,116.44923,39.76273
2684,2008-02-06 07:37:37,116.44923,39.76273
2684,2008-02-06 07:47:37,116.44923,39.76273
2684,2008-02-06 08:17:37,116.44923,39.76273
2684,2008-02-06 08:27:37,116.44923,39.76273
2684,2008-02-06 08:27:37,116.44923,39.76273
2684,2008-02-06 08:37:37,116.44923,39.76273
2684,2008-02-06 08:47:37,116.44923,39.76273
2684,2008-02-06 08:57:37,116.44923,39.76273
2684,2008-02-06 09:07:37,116.44923,39.76273
2684,2008-02-06 09:17:37,116.44923,39.76273
2684,2008-02-06 09:27:37,116.44923,39.76273
2684,2008-02-06 09:37:37,116.44923,39.76273
2684,2008-02-06 09:47:37,116.44923,39.76273
2684,2008-02-06 09:57:37,116.44587,39.81167
2684,2008-02-06 10:07:36,116.44587,39.81167
2684,2008-02-06 10:15:00,116.35845,39.85791
2684,2008-02-06 10:27:37,116.40473,39.8313
2684,2008-02-06 10:37:37,116.40282,39.84099
2684,2008-02-06 10:47:37,116.40282,39.84099
2684,2008-02-06 10:57:37,116.44723,39.85388
2684,2008-02-06 11:07:37,116.44723,39.85388
2684,2008-02-06 11:27:37,116.44723,39.85388
2684,2008-02-06 11:37:37,116.44723,39.85388
2684,2008-02-06 11:47:37,116.41575,39.84579
2684,2008-02-06 11:57:37,116.46725,39.84555
2684,2008-02-06 12:07:37,116.52072,39.78302
2684,2008-02-06 12:17:37,116.52072,39.78302
2684,2008-02-06 12:27:37,116.52072,39.78302
2684,2008-02-06 12:37:37,116.52072,39.78302
2684,2008-02-06 12:47:37,116.52072,39.78302
2684,2008-02-06 13:17:37,116.52072,39.78302
2684,2008-02-06 13:17:37,116.52072,39.78302
2684,2008-02-06 13:27:37,116.52072,39.78302
2684,2008-02-06 13:37:37,116.52072,39.78302
2684,2008-02-06 13:47:37,116.52072,39.78302
2684,2008-02-06 13:57:37,116.52072,39.78302
2684,2008-02-06 14:07:37,116.52072,39.78302
2684,2008-02-06 14:17:36,116.52072,39.78302
2684,2008-02-06 14:37:36,116.52072,39.78302
2684,2008-02-06 14:47:36,116.52072,39.78302
2684,2008-02-06 14:57:36,116.52072,39.78302
2684,2008-02-06 15:07:36,116.52072,39.78302
2684,2008-02-06 15:17:36,116.52072,39.78302
2684,2008-02-06 15:27:36,116.52072,39.78302
2684,2008-02-06 15:37:36,116.52072,39.78302
2684,2008-02-06 15:47:35,116.44865,39.76469
2684,2008-02-06 15:57:35,116.44735,39.82094
2684,2008-02-06 16:07:35,116.43919,39.83132
2684,2008-02-06 16:17:35,116.41373,39.83103
2684,2008-02-06 16:27:35,116.41373,39.83103
2684,2008-02-06 16:37:35,116.25149,39.85571
2684,2008-02-06 16:47:35,116.3159,39.86639
2684,2008-02-06 16:57:35,116.33678,39.8667
2684,2008-02-06 17:07:35,116.33678,39.8667
2684,2008-02-06 17:17:35,116.33678,39.8667
2684,2008-02-06 17:27:35,116.33678,39.8667
2684,2008-02-06 17:37:35,116.29103,39.8567
2684,2008-02-06 17:47:35,116.32141,39.88867
2684,2008-02-06 18:07:35,116.36552,39.85759
2684,2008-02-06 18:07:35,116.36552,39.85759
2684,2008-02-06 18:17:35,116.37257,39.84169
2684,2008-02-06 18:27:34,116.38084,39.85074
2684,2008-02-06 18:37:34,116.40782,39.86046
2684,2008-02-06 18:47:34,116.40808,39.8531
2684,2008-02-06 18:57:34,116.40879,39.84255
2684,2008-02-06 19:07:34,116.40015,39.85574
2684,2008-02-06 19:17:34,116.39402,39.86023
2684,2008-02-06 19:37:34,116.45004,39.8058
2684,2008-02-06 19:47:34,116.46155,39.79247
2684,2008-02-06 19:57:34,116.46157,39.79244
2684,2008-02-06 20:07:34,116.46155,39.79247
2684,2008-02-06 20:17:34,116.44896,39.76432
2684,2008-02-06 20:27:34,116.44896,39.76432
2684,2008-02-06 20:37:34,116.44896,39.76432
2684,2008-02-06 20:47:34,116.44896,39.76432
2684,2008-02-06 20:57:34,116.44896,39.76432
2684,2008-02-06 21:07:34,116.44896,39.76432
2684,2008-02-06 21:17:34,116.44896,39.76432
2684,2008-02-06 21:27:34,116.44896,39.76432
2684,2008-02-06 21:37:34,116.44896,39.76432
2684,2008-02-06 21:47:34,116.44896,39.76432
2684,2008-02-06 21:57:34,116.44896,39.76432
2684,2008-02-06 22:07:34,116.44896,39.76432
2684,2008-02-06 22:17:34,116.44896,39.76432
2684,2008-02-06 22:27:34,116.44896,39.76432
2684,2008-02-06 22:37:33,116.44896,39.76432
2684,2008-02-06 22:47:33,116.44896,39.76432
2684,2008-02-06 22:57:33,116.44896,39.76432
2684,2008-02-06 22:57:33,116.44896,39.76432
2684,2008-02-06 23:07:33,116.44896,39.76432
2684,2008-02-06 23:17:33,116.44896,39.76432
2684,2008-02-06 23:27:33,116.44896,39.76432
2684,2008-02-06 23:37:33,116.44896,39.76432
2684,2008-02-06 23:47:33,116.44896,39.76432
2684,2008-02-06 23:57:33,116.44896,39.76432
2684,2008-02-07 00:07:33,116.44896,39.76432
2684,2008-02-07 00:17:33,116.44896,39.76432
2684,2008-02-07 00:27:33,116.44896,39.76432
2684,2008-02-07 00:37:33,116.44896,39.76432
2684,2008-02-07 00:47:33,116.44896,39.76432
2684,2008-02-07 01:07:33,116.44896,39.76432
2684,2008-02-07 01:17:33,116.44896,39.76432
2684,2008-02-07 01:27:33,116.44896,39.76432
2684,2008-02-07 01:27:33,116.44896,39.76432
2684,2008-02-07 01:37:33,116.44896,39.76432
2684,2008-02-07 01:47:33,116.44896,39.76432
2684,2008-02-07 01:57:33,116.44896,39.76432
2684,2008-02-07 02:17:33,116.44896,39.76432
2684,2008-02-07 02:27:33,116.44896,39.76432
2684,2008-02-07 02:47:32,116.44896,39.76432
2684,2008-02-07 02:57:32,116.44896,39.76432
2684,2008-02-07 03:17:32,116.44896,39.76432
2684,2008-02-07 03:27:32,116.44896,39.76432
2684,2008-02-07 03:37:32,116.44896,39.76432
2684,2008-02-07 03:47:32,116.44896,39.76432
2684,2008-02-07 03:57:32,116.44896,39.76432
2684,2008-02-07 04:17:32,116.44896,39.76432
2684,2008-02-07 04:27:32,116.44896,39.76432
2684,2008-02-07 04:37:32,116.44896,39.76432
2684,2008-02-07 04:47:32,116.44896,39.76432
2684,2008-02-07 04:57:32,116.44896,39.76432
2684,2008-02-07 05:07:32,116.44896,39.76432
2684,2008-02-07 05:17:32,116.44896,39.76432
2684,2008-02-07 05:27:32,116.44896,39.76432
2684,2008-02-07 05:47:32,116.44896,39.76432
2684,2008-02-07 05:57:32,116.44896,39.76432
2684,2008-02-07 06:07:32,116.44896,39.76432
2684,2008-02-07 06:17:32,116.44896,39.76432
2684,2008-02-07 06:17:32,116.44896,39.76432
2684,2008-02-07 06:27:32,116.44896,39.76432
2684,2008-02-07 06:37:32,116.44896,39.76432
2684,2008-02-07 06:47:32,116.44896,39.76432
2684,2008-02-07 06:57:32,116.44896,39.76432
2684,2008-02-07 07:07:31,116.44896,39.76432
2684,2008-02-07 07:17:31,116.44896,39.76432
2684,2008-02-07 07:27:31,116.44896,39.76432
2684,2008-02-07 07:37:31,116.44896,39.76432
2684,2008-02-07 07:47:31,116.44896,39.76432
2684,2008-02-07 07:57:31,116.44896,39.76432
2684,2008-02-07 08:07:31,116.44896,39.76432
2684,2008-02-07 08:17:31,116.44896,39.76432
2684,2008-02-07 08:27:31,116.44896,39.76432
2684,2008-02-07 08:37:31,116.44896,39.76432
2684,2008-02-07 08:47:31,116.44896,39.76432
2684,2008-02-07 08:57:31,116.44896,39.76432
2684,2008-02-07 09:07:31,116.44896,39.76432
2684,2008-02-07 09:17:31,116.44896,39.76432
2684,2008-02-07 09:27:31,116.44896,39.76432
2684,2008-02-07 09:37:31,116.44896,39.76432
2684,2008-02-07 09:47:31,116.49791,39.73364
2684,2008-02-07 09:57:31,116.49782,39.73371
2684,2008-02-07 10:07:31,116.49778,39.73372
2684,2008-02-07 10:15:02,116.43551,39.81363
2684,2008-02-07 10:17:32,116.49756,39.73362
2684,2008-02-07 10:27:31,116.49758,39.73368
2684,2008-02-07 10:37:31,116.49759,39.73369
2684,2008-02-07 10:47:31,116.49765,39.73378
2684,2008-02-07 10:57:31,116.49765,39.73378
2684,2008-02-07 11:07:31,116.49773,39.73405
2684,2008-02-07 11:07:31,116.49773,39.73405
2684,2008-02-07 11:17:30,116.49771,39.73394
2684,2008-02-07 11:27:30,116.49769,39.73388
2684,2008-02-07 11:37:30,116.49769,39.73387
2684,2008-02-07 11:47:30,116.49784,39.73388
2684,2008-02-07 11:57:30,116.49778,39.73393
2684,2008-02-07 12:07:30,116.49778,39.73381
2684,2008-02-07 12:17:30,116.46017,39.72547
2684,2008-02-07 12:27:30,116.46017,39.72547
2684,2008-02-07 12:37:30,116.46017,39.72547
2684,2008-02-07 12:47:30,116.46017,39.72547
2684,2008-02-07 12:57:30,116.46017,39.72547
2684,2008-02-07 13:07:30,116.46017,39.72547
2684,2008-02-07 13:17:30,116.46017,39.72547
2684,2008-02-07 13:27:30,116.46017,39.72547
2684,2008-02-07 13:47:30,116.46017,39.72547
2684,2008-02-07 13:57:30,116.46017,39.72547
2684,2008-02-07 14:07:30,116.46017,39.72547
2684,2008-02-07 14:17:30,116.46017,39.72547
2684,2008-02-07 14:27:30,116.46017,39.72547
2684,2008-02-07 14:37:30,116.46017,39.72547
2684,2008-02-07 14:47:30,116.39503,39.83614
2684,2008-02-07 14:57:30,116.37878,39.88658
2684,2008-02-07 15:07:30,116.37878,39.88658
2684,2008-02-07 15:17:30,116.37878,39.88658
2684,2008-02-07 15:27:30,116.37878,39.88658
2684,2008-02-07 15:37:29,116.37878,39.88658
2684,2008-02-07 15:47:29,116.37878,39.88658
2684,2008-02-07 15:57:29,116.34847,39.96742
2684,2008-02-07 15:57:29,116.34847,39.96742
2684,2008-02-07 16:07:29,116.3443,39.992
2684,2008-02-07 16:17:29,116.34752,39.95851
2684,2008-02-07 16:27:29,116.35607,39.87662
2684,2008-02-07 16:37:29,116.37596,39.87733
2684,2008-02-07 16:47:29,116.41342,39.85676
2684,2008-02-07 16:57:29,116.45329,39.85704
2684,2008-02-07 17:07:29,116.46659,39.83723
2684,2008-02-07 17:17:29,116.43886,39.8444
2684,2008-02-07 17:27:29,116.42607,39.86008
2684,2008-02-07 17:37:29,116.43869,39.87333
2684,2008-02-07 17:47:29,116.37256,39.86939
2684,2008-02-07 17:57:29,116.36609,39.85918
2684,2008-02-07 18:07:29,116.36609,39.85918
2684,2008-02-07 18:17:29,116.40017,39.86373
2684,2008-02-07 18:37:29,116.40797,39.85926
2684,2008-02-07 18:47:29,116.40797,39.85926
2684,2008-02-07 19:07:29,116.40985,39.90482
2684,2008-02-07 19:17:29,116.41211,39.89747
2684,2008-02-07 19:27:29,116.41211,39.89747
2684,2008-02-07 19:37:29,116.41211,39.89747
2684,2008-02-07 19:57:28,116.41211,39.89747
2684,2008-02-07 20:07:28,116.41211,39.89747
2684,2008-02-07 20:17:28,116.41211,39.89747
2684,2008-02-07 20:27:28,116.41211,39.89747
2684,2008-02-07 20:37:28,116.41211,39.89747
2684,2008-02-07 20:47:28,116.41211,39.89747
2684,2008-02-07 20:47:28,116.41211,39.89747
2684,2008-02-07 20:57:28,116.41211,39.89747
2684,2008-02-07 21:07:28,116.41211,39.89747
2684,2008-02-07 21:17:28,116.41211,39.89747
2684,2008-02-07 21:27:28,116.41211,39.89747
2684,2008-02-07 21:37:28,116.41211,39.89747
2684,2008-02-07 21:47:28,116.41211,39.89747
2684,2008-02-07 21:57:28,116.41211,39.89747
2684,2008-02-07 22:07:28,116.41211,39.89747
2684,2008-02-07 22:17:28,116.41211,39.89747
2684,2008-02-07 22:27:28,116.41211,39.89747
2684,2008-02-07 22:37:28,116.41211,39.89747
2684,2008-02-07 22:47:28,116.41211,39.89747
2684,2008-02-07 22:57:28,116.41211,39.89747
2684,2008-02-07 23:07:28,116.41211,39.89747
2684,2008-02-07 23:17:28,116.41211,39.89747
2684,2008-02-07 23:27:28,116.41211,39.89747
2684,2008-02-07 23:37:28,116.41211,39.89747
2684,2008-02-07 23:47:28,116.41211,39.89747
2684,2008-02-07 23:57:28,116.41211,39.89747
2684,2008-02-08 00:07:27,116.41211,39.89747
2684,2008-02-08 00:17:27,116.41211,39.89747
2684,2008-02-08 00:27:27,116.41211,39.89747
2684,2008-02-08 00:37:27,116.41211,39.89747
2684,2008-02-08 00:47:27,116.41211,39.89747
2684,2008-02-08 00:57:27,116.41211,39.89747
2684,2008-02-08 01:07:27,116.41211,39.89747
2684,2008-02-08 01:17:27,116.41211,39.89747
2684,2008-02-08 01:27:27,116.41211,39.89747
2684,2008-02-08 01:37:27,116.41211,39.89747
2684,2008-02-08 01:37:27,116.41211,39.89747
2684,2008-02-08 01:47:27,116.41211,39.89747
2684,2008-02-08 01:57:27,116.41211,39.89747
2684,2008-02-08 02:47:27,116.41211,39.89747
2684,2008-02-08 02:57:27,116.41211,39.89747
2684,2008-02-08 03:07:27,116.41211,39.89747
2684,2008-02-08 03:17:27,116.41211,39.89747
2684,2008-02-08 03:27:27,116.41211,39.89747
2684,2008-02-08 03:37:27,116.41211,39.89747
2684,2008-02-08 03:47:27,116.41211,39.89747
2684,2008-02-08 03:57:27,116.41211,39.89747
2684,2008-02-08 04:07:27,116.41211,39.89747
2684,2008-02-08 04:17:26,116.41211,39.89747
2684,2008-02-08 04:27:26,116.41211,39.89747
2684,2008-02-08 04:37:26,116.41211,39.89747
2684,2008-02-08 04:47:26,116.41211,39.89747
2684,2008-02-08 04:57:26,116.41211,39.89747
2684,2008-02-08 05:07:26,116.41211,39.89747
2684,2008-02-08 05:17:26,116.41211,39.89747
2684,2008-02-08 05:27:26,116.41211,39.89747
2684,2008-02-08 05:37:26,116.41211,39.89747
2684,2008-02-08 05:47:26,116.41211,39.89747
2684,2008-02-08 05:57:26,116.41211,39.89747
2684,2008-02-08 06:07:26,116.41211,39.89747
2684,2008-02-08 06:17:26,116.41211,39.89747
2684,2008-02-08 06:27:26,116.41211,39.89747
2684,2008-02-08 06:27:26,116.41211,39.89747
2684,2008-02-08 06:37:26,116.41211,39.89747
2684,2008-02-08 06:47:26,116.41211,39.89747
2684,2008-02-08 06:57:26,116.41211,39.89747
2684,2008-02-08 07:07:26,116.41211,39.89747
2684,2008-02-08 07:17:26,116.41211,39.89747
2684,2008-02-08 07:27:26,116.41211,39.89747
2684,2008-02-08 07:37:26,116.41211,39.89747
2684,2008-02-08 07:47:26,116.41211,39.89747
2684,2008-02-08 07:57:26,116.41211,39.89747
2684,2008-02-08 08:07:26,116.41211,39.89747
2684,2008-02-08 08:17:26,116.41211,39.89747
2684,2008-02-08 08:27:25,116.41211,39.89747
2684,2008-02-08 08:37:25,116.41211,39.89747
2684,2008-02-08 08:47:25,116.41211,39.89747
2684,2008-02-08 08:57:25,116.41211,39.89747
2684,2008-02-08 09:07:25,116.41211,39.89747
2684,2008-02-08 09:17:25,116.41211,39.89747
2684,2008-02-08 09:27:25,116.41211,39.89747
2684,2008-02-08 09:37:25,116.41211,39.89747
2684,2008-02-08 09:47:25,116.41211,39.89747
2684,2008-02-08 09:57:25,116.41211,39.89747
2684,2008-02-08 10:07:25,116.41211,39.89747
2684,2008-02-08 10:15:07,116.49785,39.73418
2684,2008-02-08 10:17:31,116.49785,39.73418
2684,2008-02-08 10:27:26,116.44056,39.77121
2684,2008-02-08 10:37:26,116.44591,39.81171
2684,2008-02-08 10:47:26,116.44591,39.81171
2684,2008-02-08 10:57:26,116.38174,39.82179
2684,2008-02-08 11:07:26,116.39061,39.82367
2684,2008-02-08 11:17:26,116.39061,39.82367
2684,2008-02-08 11:17:26,116.39061,39.82367
2684,2008-02-08 11:27:26,116.39061,39.82367
2684,2008-02-08 11:37:26,116.44069,39.83791
2684,2008-02-08 11:47:26,116.42279,39.80376
2684,2008-02-08 11:57:26,116.43094,39.81787
2684,2008-02-08 12:07:25,116.44071,39.83792
2684,2008-02-08 12:17:25,116.43245,39.85625
2684,2008-02-08 12:27:25,116.42937,39.84512
2684,2008-02-08 12:37:24,116.43098,39.8332
2684,2008-02-08 12:47:24,116.42236,39.85058
2684,2008-02-08 12:57:24,116.40849,39.85557
2684,2008-02-08 13:07:24,116.28275,39.87753
2684,2008-02-08 13:17:24,116.28846,39.87073
2684,2008-02-08 13:27:24,116.28818,39.86478
2684,2008-02-08 13:37:24,116.28818,39.86478
2684,2008-02-08 13:37:24,116.28818,39.86478
2684,2008-02-08 13:47:24,116.39355,39.85969
2684,2008-02-08 13:57:24,116.41993,39.85648
2684,2008-02-08 14:07:24,116.43282,39.82956
2684,2008-02-08 14:17:24,116.43282,39.82956
2684,2008-02-08 14:27:24,116.42581,39.85984
2684,2008-02-08 14:37:24,116.43875,39.8629
2684,2008-02-08 14:47:24,116.45549,39.89871
2684,2008-02-08 14:57:24,116.4985,39.93043
2684,2008-02-08 15:07:24,116.49806,39.9303
2684,2008-02-08 15:17:24,116.49806,39.9303
2684,2008-02-08 15:27:24,116.49806,39.9303
2684,2008-02-08 15:37:24,116.49806,39.9303
2684,2008-02-08 15:47:24,116.43972,39.8766
2684,2008-02-08 15:57:24,116.44176,39.92088
2684,2008-02-08 16:07:24,116.48388,39.91517
2684,2008-02-08 16:07:24,116.48388,39.91517
2684,2008-02-08 16:17:24,116.48396,39.92325
2684,2008-02-08 16:27:24,116.45169,39.99778
2684,2008-02-08 16:37:24,116.45665,39.99315
2684,2008-02-08 16:47:23,116.47402,39.9323
2684,2008-02-08 16:57:24,116.47165,39.92672
2684,2008-02-08 17:07:23,116.47165,39.92672
2684,2008-02-08 17:17:24,116.47165,39.92672
2684,2008-02-08 17:29:15,116.33953,39.91276
