taxi_id,time,lon,lat
3089,2008-02-02 13:33:57,116.4447,39.93257
3089,2008-02-02 13:42:14,116.42753,39.93279
3089,2008-02-02 13:44:00,116.42083,39.93273
3089,2008-02-02 13:49:02,116.42246,39.92895
3089,2008-02-02 13:54:04,116.42787,39.92604
3089,2008-02-02 13:59:05,116.43153,39.9069
3089,2008-02-02 14:08:27,116.43063,39.90399
3089,2008-02-02 14:08:27,116.43063,39.90399
3089,2008-02-02 14:08:27,116.43063,39.90399
3089,2008-02-02 14:31:39,116.43047,39.90452
3089,2008-02-02 14:31:39,116.43047,39.90452
3089,2008-02-02 14:31:39,116.43047,39.90452
3089,2008-02-02 14:31:39,116.43047,39.90452
3089,2008-02-02 14:31:39,116.43047,39.90452
3089,2008-02-02 14:31:39,116.43047,39.90452
3089,2008-02-02 14:31:39,116.43047,39.90452
3089,2008-02-02 15:11:02,116.43072,39.90468
3089,2008-02-02 15:14:52,116.42182,39.90711
3089,2008-02-02 15:16:04,116.41781,39.90705
3089,2008-02-02 15:19:54,116.3971,39.90924
3089,2008-02-02 15:21:06,116.39727,39.91367
3089,2008-02-02 15:26:07,116.4006,39.90132
3089,2008-02-02 15:29:57,116.41438,39.90518
3089,2008-02-02 15:31:09,116.4151,39.90638
3089,2008-02-02 15:36:14,116.42073,39.90414
3089,2008-02-02 15:39:00,116.43126,39.89844
3089,2008-02-02 15:41:15,116.4387,39.88524
3089,2008-02-02 15:41:15,116.4387,39.88524
3089,2008-02-02 15:44:02,116.4496,39.88325
3089,2008-02-02 15:46:17,116.44976,39.87645
3089,2008-02-02 15:49:04,116.4514,39.87231
3089,2008-02-02 15:51:19,116.45529,39.87239
3089,2008-02-02 15:54:05,116.45542,39.88771
3089,2008-02-02 15:56:20,116.45614,39.8993
3089,2008-02-02 16:00:08,116.45809,39.89936
3089,2008-02-02 16:05:15,116.45806,39.89946
3089,2008-02-02 16:05:15,116.45806,39.89946
3089,2008-02-02 16:19:30,116.45579,39.90039
3089,2008-02-02 16:22:19,116.44617,39.9028
3089,2008-02-02 16:24:31,116.44547,39.90644
3089,2008-02-02 16:27:21,116.44268,39.90254
3089,2008-02-02 16:29:33,116.43423,39.90209
3089,2008-02-02 16:29:33,116.43423,39.90209
3089,2008-02-02 16:34:35,116.42149,39.90371
3089,2008-02-02 16:37:24,116.41832,39.90512
3089,2008-02-02 16:39:36,116.42075,39.90392
3089,2008-02-02 16:42:26,116.42686,39.90349
3089,2008-02-02 16:47:28,116.42768,39.89226
3089,2008-02-02 16:49:40,116.4216,39.89216
3089,2008-02-02 16:52:29,116.42134,39.89866
3089,2008-02-02 16:54:41,116.41364,39.89975
3089,2008-02-02 16:57:31,116.42122,39.90601
3089,2008-02-02 16:59:43,116.42065,39.9103
3089,2008-02-02 17:02:33,116.4201,39.90735
3089,2008-02-02 17:04:45,116.40889,39.90734
3089,2008-02-02 17:07:34,116.41018,39.90816
3089,2008-02-02 17:09:46,116.41168,39.90568
3089,2008-02-02 17:12:36,116.4145,39.90669
3089,2008-02-02 17:14:48,116.41929,39.9067
3089,2008-02-02 17:17:38,116.43993,39.90683
3089,2008-02-02 17:19:50,116.44357,39.90651
3089,2008-02-02 17:22:39,116.44309,39.90591
3089,2008-02-02 17:24:51,116.4394,39.90582
3089,2008-02-02 17:32:42,116.42953,39.90731
3089,2008-02-02 17:34:55,116.43092,39.89856
3089,2008-02-02 17:37:44,116.43844,39.89415
3089,2008-02-02 17:39:56,116.43017,39.90257
3089,2008-02-02 17:42:46,116.43624,39.9051
3089,2008-02-02 17:44:58,116.44246,39.90645
3089,2008-02-02 17:47:47,116.4453,39.9064
3089,2008-02-02 17:53:49,116.46821,39.90472
3089,2008-02-02 17:55:01,116.45692,39.90376
3089,2008-02-02 17:58:51,116.45477,39.89333
3089,2008-02-02 18:00:03,116.45469,39.88331
3089,2008-02-02 18:05:04,116.45385,39.86525
3089,2008-02-02 18:08:54,116.45311,39.86563
3089,2008-02-02 18:10:06,116.44778,39.86609
3089,2008-02-02 18:13:56,116.43833,39.87151
3089,2008-02-02 18:15:08,116.44019,39.87907
3089,2008-02-02 18:18:58,116.43454,39.89264
3089,2008-02-02 18:20:09,116.43404,39.89261
3089,2008-02-02 18:23:59,116.42223,39.89248
3089,2008-02-02 18:29:01,116.41618,39.89207
3089,2008-02-02 18:30:13,116.41496,39.892
3089,2008-02-02 18:34:03,116.41277,39.89457
3089,2008-02-02 18:35:14,116.41274,39.89772
3089,2008-02-02 18:35:14,116.41274,39.89772
3089,2008-02-02 18:40:05,116.41503,39.90515
3089,2008-02-02 18:40:05,116.41503,39.90515
3089,2008-02-02 18:45:06,116.4301,39.90712
3089,2008-02-02 18:45:18,116.43238,39.90703
3089,2008-02-02 18:50:08,116.43056,39.90726
3089,2008-02-02 18:50:19,116.43035,39.90728
3089,2008-02-02 18:55:10,116.4206,39.91371
3089,2008-02-02 18:55:21,116.4206,39.91371
3089,2008-02-02 19:00:11,116.42111,39.92291
3089,2008-02-02 19:00:23,116.4218,39.92295
3089,2008-02-02 19:05:13,116.43746,39.92214
3089,2008-02-02 19:05:24,116.43818,39.92204
3089,2008-02-02 19:10:15,116.45153,39.92197
3089,2008-02-02 19:10:26,116.45349,39.92197
3089,2008-02-02 19:15:16,116.4547,39.93977
3089,2008-02-02 19:15:16,116.4547,39.93977
3089,2008-02-02 19:15:28,116.45491,39.92197
3089,2008-02-02 19:20:18,116.455,39.92812
3089,2008-02-02 19:20:29,116.45498,39.92736
3089,2008-02-02 19:25:19,116.45183,39.9154
3089,2008-02-02 19:25:30,116.45156,39.91418
3089,2008-02-02 19:30:32,116.44645,39.91202
3089,2008-02-02 19:31:21,116.44426,39.91411
3089,2008-02-02 19:35:33,116.4442,39.92076
3089,2008-02-02 19:36:22,116.44419,39.924
3089,2008-02-02 19:40:35,116.44436,39.93003
3089,2008-02-02 19:41:24,116.44438,39.93005
3089,2008-02-02 19:45:37,116.44426,39.93077
3089,2008-02-02 19:46:26,116.44428,39.93107
3089,2008-02-02 19:50:42,116.44447,39.93845
3089,2008-02-02 19:53:28,116.4443,39.9461
3089,2008-02-02 19:58:30,116.45334,39.96194
3089,2008-02-02 20:00:45,116.47146,39.97836
3089,2008-02-02 20:03:32,116.47579,39.9822
3089,2008-02-02 20:05:47,116.47618,39.98255
3089,2008-02-02 20:08:33,116.4728,39.98765
3089,2008-02-02 20:10:48,116.46742,39.99419
3089,2008-02-02 20:13:35,116.46715,39.99734
3089,2008-02-02 20:15:50,116.47694,39.99089
3089,2008-02-02 20:18:37,116.48332,39.98583
3089,2008-02-02 20:20:52,116.48356,39.97676
3089,2008-02-02 20:23:38,116.48364,39.97164
3089,2008-02-02 20:25:53,116.48977,39.97062
3089,2008-02-02 21:16:05,116.55366,39.92277
3089,2008-02-02 21:16:21,116.55619,39.92281
3089,2008-02-02 21:21:07,116.59089,39.92437
3089,2008-02-02 21:26:08,116.63362,39.92316
3089,2008-02-02 21:31:10,116.65004,39.91701
3089,2008-02-02 21:36:28,116.65312,39.90441
3089,2008-02-02 21:39:13,116.6533,39.90518
3089,2008-02-02 21:44:20,116.65284,39.90538
3089,2008-02-02 21:44:20,116.65284,39.90538
3089,2008-02-02 21:44:20,116.65284,39.90538
3089,2008-02-02 21:44:20,116.65284,39.90538
3089,2008-02-02 21:44:20,116.65284,39.90538
3089,2008-02-02 21:44:20,116.65284,39.90538
3089,2008-02-02 21:44:20,116.65284,39.90538
3089,2008-02-02 21:44:20,116.65284,39.90538
3089,2008-02-02 21:44:20,116.65284,39.90538
3089,2008-02-02 21:44:20,116.65284,39.90538
3089,2008-02-02 21:44:20,116.65284,39.90538
3089,2008-02-02 21:44:20,116.65284,39.90538
3089,2008-02-02 21:44:20,116.65284,39.90538
3089,2008-02-02 21:44:20,116.65284,39.90538
3089,2008-02-02 21:44:20,116.65284,39.90538
3089,2008-02-02 21:44:20,116.65284,39.90538
3089,2008-02-02 21:44:20,116.65284,39.90538
3089,2008-02-02 21:44:20,116.65284,39.90538
3089,2008-02-02 21:44:20,116.65284,39.90538
3089,2008-02-02 21:44:20,116.65284,39.90538
3089,2008-02-02 21:44:20,116.65284,39.90538
3089,2008-02-02 21:44:20,116.65284,39.90538
3089,2008-02-02 21:44:20,116.65284,39.90538
3089,2008-02-02 21:44:20,116.65284,39.90538
3089,2008-02-03 02:47:08,116.65336,39.90517
3089,2008-02-03 02:47:08,116.65336,39.90517
3089,2008-02-03 02:47:08,116.65336,39.90517
3089,2008-02-03 02:47:08,116.65336,39.90517
3089,2008-02-03 02:47:08,116.65336,39.90517
3089,2008-02-03 02:47:08,116.65336,39.90517
3089,2008-02-03 02:47:08,116.65336,39.90517
3089,2008-02-03 02:47:08,116.65336,39.90517
3089,2008-02-03 02:47:08,116.65336,39.90517
3089,2008-02-03 02:47:08,116.65336,39.90517
3089,2008-02-03 02:47:08,116.65336,39.90517
3089,2008-02-03 02:47:08,116.65336,39.90517
3089,2008-02-03 02:47:08,116.65336,39.90517
3089,2008-02-03 02:47:08,116.65336,39.90517
3089,2008-02-03 02:47:08,116.65336,39.90517
3089,2008-02-03 02:47:08,116.65336,39.90517
3089,2008-02-03 02:47:08,116.65336,39.90517
3089,2008-02-03 02:47:08,116.65336,39.90517
3089,2008-02-03 02:47:08,116.65336,39.90517
3089,2008-02-03 02:47:08,116.65336,39.90517
3089,2008-02-03 02:47:08,116.65336,39.90517
3089,2008-02-03 02:47:08,116.65336,39.90517
3089,2008-02-03 02:47:08,116.65336,39.90517
3089,2008-02-03 10:13:50,116.65317,39.9054
3089,2008-02-03 10:16:42,116.65317,39.9054
3089,2008-02-03 10:21:44,116.65152,39.90714
3089,2008-02-03 10:23:54,116.63802,39.90572
3089,2008-02-03 10:28:55,116.61786,39.90572
3089,2008-02-03 10:31:47,116.60097,39.9082
3089,2008-02-03 10:33:57,116.59453,39.91076
3089,2008-02-03 10:36:49,116.58482,39.91177
3089,2008-02-03 10:38:59,116.58483,39.92048
3089,2008-02-03 10:46:52,116.5839,39.93027
3089,2008-02-03 10:46:52,116.5839,39.93027
3089,2008-02-03 10:49:02,116.58173,39.92412
3089,2008-02-03 10:51:54,116.5585,39.92312
3089,2008-02-03 10:56:55,116.52333,39.92261
3089,2008-02-03 10:59:05,116.5147,39.9222
3089,2008-02-03 11:01:57,116.51609,39.91111
3089,2008-02-03 11:04:07,116.50935,39.9069
3089,2008-02-03 11:06:59,116.4907,39.9066
3089,2008-02-03 11:12:00,116.4946,39.90697
3089,2008-02-03 11:14:10,116.48316,39.9075
3089,2008-02-03 11:17:02,116.48352,39.88163
3089,2008-02-03 11:19:12,116.48096,39.85983
3089,2008-02-03 11:22:04,116.46004,39.83349
3089,2008-02-03 11:24:14,116.44361,39.8316
3089,2008-02-03 11:27:05,116.44091,39.84114
3089,2008-02-03 11:32:07,116.43272,39.85438
3089,2008-02-03 11:34:17,116.43283,39.85579
3089,2008-02-03 11:37:09,116.43253,39.85654
3089,2008-02-03 11:39:19,116.43162,39.85792
3089,2008-02-03 11:42:10,116.42453,39.8626
3089,2008-02-03 11:44:20,116.42069,39.86447
3089,2008-02-03 11:47:12,116.4155,39.86615
3089,2008-02-03 11:49:30,116.41484,39.87929
3089,2008-02-03 11:52:14,116.4137,39.88531
3089,2008-02-03 11:54:24,116.41281,39.89095
3089,2008-02-03 11:54:24,116.41281,39.89095
3089,2008-02-03 11:57:15,116.41267,39.8986
3089,2008-02-03 11:59:25,116.41254,39.89931
3089,2008-02-03 12:02:17,116.41201,39.90664
3089,2008-02-03 12:04:27,116.40951,39.91429
3089,2008-02-03 12:12:20,116.40789,39.93201
3089,2008-02-03 12:17:22,116.42609,39.93223
3089,2008-02-03 12:19:32,116.43027,39.93017
3089,2008-02-03 12:22:23,116.42802,39.93387
3089,2008-02-03 12:27:25,116.42606,39.95634
3089,2008-02-03 12:29:35,116.42606,39.95828
3089,2008-02-03 12:32:27,116.42394,39.95797
3089,2008-02-03 12:34:37,116.42394,39.95798
3089,2008-02-03 12:37:28,116.42622,39.94996
3089,2008-02-03 12:39:38,116.42282,39.94808
3089,2008-02-03 12:39:38,116.42282,39.94808
3089,2008-02-03 12:42:30,116.42721,39.93546
3089,2008-02-03 12:47:32,116.43453,39.94806
3089,2008-02-03 12:49:42,116.45517,39.96247
3089,2008-02-03 12:54:43,116.45014,39.97893
3089,2008-02-03 12:57:35,116.45722,39.96562
3089,2008-02-03 12:59:45,116.44534,39.95568
3089,2008-02-03 13:02:36,116.44294,39.94685
3089,2008-02-03 13:04:46,116.44042,39.94306
3089,2008-02-03 13:07:37,116.43769,39.93404
3089,2008-02-03 13:09:47,116.43759,39.9335
3089,2008-02-03 13:12:39,116.43743,39.9268
3089,2008-02-03 13:14:49,116.44171,39.92294
3089,2008-02-03 13:17:41,116.44488,39.91694
3089,2008-02-03 13:19:51,116.44267,39.9122
3089,2008-02-03 13:22:42,116.44242,39.91387
3089,2008-02-03 13:24:52,116.44249,39.91734
3089,2008-02-03 13:29:54,116.44453,39.91454
3089,2008-02-03 13:32:46,116.44409,39.91329
3089,2008-02-03 13:34:56,116.43805,39.91619
3089,2008-02-03 13:37:47,116.42706,39.91847
3089,2008-02-03 13:42:49,116.43225,39.91061
3089,2008-02-03 13:44:59,116.43535,39.90826
3089,2008-02-03 13:47:50,116.44128,39.90439
3089,2008-02-03 13:50:01,116.44287,39.90522
3089,2008-02-03 13:53:52,116.43384,39.90663
3089,2008-02-03 13:55:02,116.43348,39.90673
3089,2008-02-03 13:59:55,116.42769,39.90736
3089,2008-02-03 14:00:04,116.42667,39.90732
3089,2008-02-03 14:00:04,116.42667,39.90732
3089,2008-02-03 14:04:56,116.39596,39.90657
3089,2008-02-03 14:04:56,116.39596,39.90657
3089,2008-02-03 14:05:06,116.39596,39.90658
3089,2008-02-03 14:09:58,116.3687,39.90589
3089,2008-02-03 14:10:07,116.3687,39.90589
3089,2008-02-03 14:14:59,116.32829,39.90633
3089,2008-02-03 14:31:05,116.30143,39.90686
3089,2008-02-03 14:36:10,116.30081,39.90652
3089,2008-02-03 14:37:16,116.30069,39.90653
3089,2008-02-03 14:41:12,116.29864,39.90651
3089,2008-02-03 14:42:28,116.29772,39.90647
3089,2008-02-03 14:46:13,116.29644,39.90649
3089,2008-02-03 14:47:19,116.29634,39.90674
3089,2008-02-03 14:51:15,116.28999,39.91738
3089,2008-02-03 14:52:21,116.29146,39.92671
3089,2008-02-03 14:56:17,116.28144,39.94795
3089,2008-02-03 15:01:18,116.28416,39.9562
3089,2008-02-03 15:02:24,116.29235,39.95769
3089,2008-02-03 15:06:20,116.30232,39.95674
3089,2008-02-03 15:07:26,116.30507,39.95565
3089,2008-02-03 15:12:27,116.3176,39.95121
3089,2008-02-03 15:16:23,116.32856,39.95078
3089,2008-02-03 15:17:29,116.33044,39.9493
3089,2008-02-03 15:17:29,116.33044,39.9493
3089,2008-02-03 15:21:25,116.33772,39.92916
3089,2008-02-03 15:22:31,116.33799,39.92987
3089,2008-02-03 15:26:27,116.33021,39.93138
3089,2008-02-03 15:27:32,116.33235,39.93098
3089,2008-02-03 15:31:28,116.34886,39.93094
3089,2008-02-03 15:32:34,116.34984,39.9356
3089,2008-02-03 15:37:36,116.36163,39.93167
3089,2008-02-03 15:41:31,116.35816,39.9193
3089,2008-02-03 15:42:37,116.3582,39.91666
3089,2008-02-03 15:46:32,116.35352,39.91238
3089,2008-02-03 15:46:32,116.35352,39.91238
3089,2008-02-03 15:47:38,116.352,39.91095
3089,2008-02-03 15:51:34,116.35383,39.91289
3089,2008-02-03 15:52:40,116.35389,39.91511
3089,2008-02-03 15:56:35,116.34992,39.92658
3089,2008-02-03 15:57:41,116.35017,39.93089
3089,2008-02-03 16:01:37,116.36603,39.94725
3089,2008-02-03 16:02:43,116.37877,39.94743
3089,2008-02-03 16:06:39,116.41191,39.94783
3089,2008-02-03 16:11:40,116.38849,39.9477
3089,2008-02-03 16:12:46,116.38402,39.94761
3089,2008-02-03 16:16:42,116.37214,39.94758
3089,2008-02-03 16:17:48,116.36989,39.94755
3089,2008-02-03 16:21:44,116.3599,39.94539
3089,2008-02-03 16:26:45,116.34929,39.95348
3089,2008-02-03 16:27:51,116.34866,39.96446
3089,2008-02-03 16:31:47,116.33451,39.9752
3089,2008-02-03 16:32:53,116.33181,39.97562
3089,2008-02-03 16:37:50,116.33094,39.97573
3089,2008-02-03 16:40:50,116.33097,39.97562
3089,2008-02-03 16:42:59,116.33097,39.97562
3089,2008-02-03 16:45:52,116.33099,39.97562
3089,2008-02-03 16:48:01,116.33099,39.97562
3089,2008-02-03 16:58:00,116.34626,39.97479
3089,2008-02-03 16:58:06,116.34626,39.97479
3089,2008-02-03 17:03:02,116.37236,39.97532
3089,2008-02-03 17:03:08,116.37303,39.97532
3089,2008-02-03 17:08:04,116.37896,39.96396
3089,2008-02-03 17:08:10,116.37897,39.96393
3089,2008-02-03 17:13:05,116.38981,39.96184
3089,2008-02-03 17:13:11,116.39031,39.96186
3089,2008-02-03 17:16:07,116.39147,39.9617
3089,2008-02-03 17:21:13,116.39132,39.96152
3089,2008-02-03 17:21:13,116.39132,39.96152
3089,2008-02-03 17:35:35,116.39725,39.96143
3089,2008-02-03 17:38:18,116.39896,39.95775
3089,2008-02-03 17:40:36,116.39897,39.95776
3089,2008-02-03 17:45:21,116.40164,39.94951
3089,2008-02-03 17:45:41,116.40154,39.94783
3089,2008-02-03 17:50:22,116.41916,39.9425
3089,2008-02-03 17:50:43,116.41922,39.94082
3089,2008-02-03 17:55:24,116.41935,39.93134
3089,2008-02-03 17:56:00,116.41946,39.9301
3089,2008-02-03 18:00:26,116.41971,39.92163
3089,2008-02-03 18:00:46,116.41976,39.92116
3089,2008-02-03 18:05:27,116.42819,39.91286
3089,2008-02-03 18:05:48,116.42817,39.91286
3089,2008-02-03 18:10:29,116.4378,39.89563
3089,2008-02-03 18:10:49,116.43784,39.89259
3089,2008-02-03 18:15:31,116.43276,39.86735
3089,2008-02-03 18:15:51,116.43276,39.86715
3089,2008-02-03 18:20:32,116.43235,39.8589
3089,2008-02-03 18:20:53,116.43236,39.85876
3089,2008-02-03 18:25:34,116.44209,39.8574
3089,2008-02-03 18:25:54,116.44363,39.85721
3089,2008-02-03 18:25:54,116.44363,39.85721
3089,2008-02-03 18:30:35,116.4636,39.85737
3089,2008-02-03 18:30:56,116.46546,39.85745
3089,2008-02-03 18:35:37,116.48128,39.84435
3089,2008-02-03 18:35:37,116.48128,39.84435
3089,2008-02-03 18:35:58,116.48221,39.84343
3089,2008-02-03 18:40:39,116.47005,39.85553
3089,2008-02-03 18:40:59,116.46936,39.8562
3089,2008-02-03 18:45:40,116.46197,39.85903
3089,2008-02-03 18:46:01,116.45939,39.86
3089,2008-02-03 18:50:42,116.46732,39.86657
3089,2008-02-03 18:55:44,116.48406,39.87839
3089,2008-02-03 18:56:04,116.48402,39.88068
3089,2008-02-03 19:00:45,116.48399,39.91581
3089,2008-02-03 19:05:47,116.49313,39.93378
3089,2008-02-03 19:06:07,116.49384,39.93416
3089,2008-02-03 19:10:49,116.4971,39.92175
3089,2008-02-03 19:11:09,116.50011,39.9218
3089,2008-02-03 19:15:49,116.52146,39.92244
3089,2008-02-03 19:16:10,116.52496,39.92241
3089,2008-02-03 19:20:51,116.56669,39.92275
3089,2008-02-03 19:21:11,116.56981,39.92281
3089,2008-02-03 19:25:53,116.57105,39.91364
3089,2008-02-03 19:26:13,116.57153,39.91344
3089,2008-02-03 19:30:54,116.59379,39.91033
3089,2008-02-03 19:31:15,116.59449,39.90885
3089,2008-02-03 19:35:57,116.61083,39.9026
3089,2008-02-03 19:44:04,116.62049,39.90523
3089,2008-02-03 19:45:12,116.62688,39.90511
3089,2008-02-03 19:49:06,116.63649,39.90535
3089,2008-02-03 19:50:14,116.63665,39.90536
3089,2008-02-03 19:54:07,116.65103,39.90677
3089,2008-02-03 19:55:16,116.65552,39.90705
3089,2008-02-03 19:59:09,116.65931,39.90652
3089,2008-02-03 20:00:17,116.65698,39.90644
3089,2008-02-03 20:04:11,116.65602,39.90183
3089,2008-02-03 20:05:19,116.6524,39.90323
3089,2008-02-03 20:08:13,116.65364,39.90544
3089,2008-02-03 20:13:19,116.65366,39.90544
3089,2008-02-03 20:13:19,116.65366,39.90544
3089,2008-02-03 20:13:19,116.65366,39.90544
3089,2008-02-03 20:13:19,116.65366,39.90544
3089,2008-02-03 20:13:19,116.65366,39.90544
3089,2008-02-03 20:13:19,116.65366,39.90544
3089,2008-02-03 20:13:19,116.65366,39.90544
3089,2008-02-03 20:52:42,116.653,39.90393
3089,2008-02-03 20:55:33,116.65176,39.90666
3089,2008-02-03 20:57:43,116.63725,39.90568
3089,2008-02-03 21:02:45,116.60616,39.9049
3089,2008-02-03 21:06:37,116.61078,39.90263
3089,2008-02-03 21:11:43,116.61053,39.90255
3089,2008-02-03 21:11:43,116.61053,39.90255
3089,2008-02-03 21:11:43,116.61053,39.90255
3089,2008-02-03 21:11:43,116.61053,39.90255
3089,2008-02-03 21:11:43,116.61053,39.90255
3089,2008-02-03 21:11:43,116.61053,39.90255
3089,2008-02-03 21:11:43,116.61053,39.90255
3089,2008-02-03 21:11:43,116.61053,39.90255
3089,2008-02-03 21:11:43,116.61053,39.90255
3089,2008-02-03 22:01:11,116.61088,39.90426
3089,2008-02-03 22:04:00,116.62707,39.90506
3089,2008-02-03 22:06:12,116.63677,39.90539
3089,2008-02-03 22:09:02,116.65188,39.90465
3089,2008-02-03 22:11:14,116.65305,39.90391
3089,2008-02-03 22:14:04,116.65309,39.90507
3089,2008-02-03 22:19:10,116.65301,39.90522
3089,2008-02-03 22:19:10,116.65301,39.90522
3089,2008-02-03 22:19:10,116.65301,39.90522
3089,2008-02-03 22:19:10,116.65301,39.90522
3089,2008-02-03 22:19:10,116.65301,39.90522
3089,2008-02-03 22:19:10,116.65301,39.90522
3089,2008-02-03 22:19:10,116.65301,39.90522
3089,2008-02-03 22:19:10,116.65301,39.90522
3089,2008-02-03 22:19:10,116.65301,39.90522
3089,2008-02-03 22:19:10,116.65301,39.90522
3089,2008-02-03 22:19:10,116.65301,39.90522
3089,2008-02-03 22:19:10,116.65301,39.90522
3089,2008-02-03 22:19:10,116.65301,39.90522
3089,2008-02-03 22:19:10,116.65301,39.90522
3089,2008-02-03 22:19:10,116.65301,39.90522
3089,2008-02-03 22:19:10,116.65301,39.90522
3089,2008-02-03 22:19:10,116.65301,39.90522
3089,2008-02-03 22:19:10,116.65301,39.90522
3089,2008-02-03 22:19:10,116.65301,39.90522
3089,2008-02-03 22:19:10,116.65301,39.90522
3089,2008-02-03 22:19:10,116.65301,39.90522
3089,2008-02-04 10:06:14,116.65365,39.90491
3089,2008-02-04 10:07:24,116.65345,39.90463
3089,2008-02-04 10:11:16,116.64742,39.90653
3089,2008-02-04 10:12:26,116.63853,39.90574
3089,2008-02-04 10:17:27,116.61497,39.9057
3089,2008-02-04 10:21:19,116.59467,39.91106
3089,2008-02-04 10:22:29,116.59119,39.91116
3089,2008-02-04 10:26:21,116.58509,39.91813
3089,2008-02-04 10:27:30,116.58001,39.91864
3089,2008-02-04 10:31:22,116.56761,39.91422
3089,2008-02-04 10:32:32,116.56181,39.91483
3089,2008-02-04 10:36:24,116.54638,39.91492
3089,2008-02-04 10:37:34,116.54221,39.91499
3089,2008-02-04 10:41:26,116.52495,39.91582
3089,2008-02-04 10:42:35,116.52053,39.91606
3089,2008-02-04 10:46:27,116.51219,39.91738
3089,2008-02-04 10:47:37,116.51158,39.91542
3089,2008-02-04 10:51:29,116.48589,39.91426
3089,2008-02-04 10:52:39,116.48937,39.91425
3089,2008-02-04 10:56:31,116.48539,39.91304
3089,2008-02-04 10:57:40,116.47918,39.91423
3089,2008-02-04 11:01:32,116.46399,39.91531
3089,2008-02-04 11:02:42,116.46199,39.91588
3089,2008-02-04 11:06:34,116.45582,39.92623
3089,2008-02-04 11:07:44,116.45594,39.93068
3089,2008-02-04 11:11:36,116.456,39.94212
3089,2008-02-04 11:12:45,116.46139,39.94268
3089,2008-02-04 11:16:37,116.46852,39.9361
3089,2008-02-04 11:17:47,116.46645,39.93352
3089,2008-02-04 11:21:39,116.47212,39.92741
3089,2008-02-04 11:22:49,116.47574,39.92706
3089,2008-02-04 11:26:41,116.47192,39.92202
3089,2008-02-04 11:27:49,116.4718,39.91499
3089,2008-02-04 11:31:41,116.45833,39.91236
3089,2008-02-04 11:32:51,116.4566,39.91233
3089,2008-02-04 11:36:43,116.44554,39.91225
3089,2008-02-04 11:37:53,116.44453,39.91215
3089,2008-02-04 11:41:45,116.43476,39.90917
3089,2008-02-04 11:42:54,116.43316,39.90738
3089,2008-02-04 11:46:46,116.43102,39.90746
3089,2008-02-04 11:47:56,116.43061,39.90749
3089,2008-02-04 11:51:48,116.41966,39.90712
3089,2008-02-04 11:52:58,116.41304,39.90701
3089,2008-02-04 11:56:50,116.40701,39.90814
3089,2008-02-04 11:57:59,116.40931,39.90864
3089,2008-02-04 12:01:51,116.41396,39.90505
3089,2008-02-04 12:03:01,116.41632,39.90639
3089,2008-02-04 12:06:53,116.42121,39.90343
3089,2008-02-04 12:08:03,116.42121,39.90343
3089,2008-02-04 12:13:04,116.42143,39.90342
3089,2008-02-04 12:13:55,116.42143,39.90342
3089,2008-02-04 12:18:57,116.43866,39.88624
3089,2008-02-04 12:18:57,116.43866,39.88624
3089,2008-02-04 12:23:59,116.41518,39.86719
3089,2008-02-04 12:28:09,116.40898,39.8559
3089,2008-02-04 12:29:00,116.40825,39.8559
3089,2008-02-04 12:33:11,116.40747,39.85245
3089,2008-02-04 12:36:03,116.40812,39.85482
3089,2008-02-04 12:38:13,116.41875,39.85639
3089,2008-02-04 12:38:13,116.41875,39.85639
3089,2008-02-04 12:41:04,116.45051,39.86303
3089,2008-02-04 12:43:14,116.45534,39.87978
3089,2008-02-04 12:46:06,116.45012,39.88036
3089,2008-02-04 12:48:16,116.43985,39.88041
3089,2008-02-04 12:51:07,116.43829,39.89509
3089,2008-02-04 12:53:17,116.43258,39.89836
3089,2008-02-04 12:56:09,116.43024,39.90168
3089,2008-02-04 12:58:19,116.43042,39.90644
3089,2008-02-04 13:01:11,116.42461,39.90898
3089,2008-02-04 13:03:21,116.42747,39.91086
3089,2008-02-04 13:06:12,116.42136,39.90384
3089,2008-02-04 13:08:22,116.4211,39.90342
3089,2008-02-04 13:11:14,116.42126,39.90343
3089,2008-02-04 13:13:24,116.42321,39.90357
3089,2008-02-04 13:16:18,101.61149,27.42797
3089,2008-02-04 13:16:18,101.61149,27.42797
3089,2008-02-04 13:18:26,116.43147,39.90185
3089,2008-02-04 13:21:17,116.4305,39.90252
3089,2008-02-04 13:23:27,116.43016,39.9036
3089,2008-02-04 13:26:19,116.42974,39.90956
3089,2008-02-04 13:28:29,116.42839,39.92443
3089,2008-02-04 13:31:21,116.42754,39.94281
3089,2008-02-04 13:33:31,116.41006,39.94805
3089,2008-02-04 13:36:22,116.38279,39.94764
3089,2008-02-04 13:36:22,116.38279,39.94764
3089,2008-02-04 13:38:32,116.36791,39.94748
3089,2008-02-04 13:41:24,116.35661,39.94481
3089,2008-02-04 13:43:34,116.3493,39.94224
3089,2008-02-04 13:46:26,116.34581,39.94149
3089,2008-02-04 13:48:36,116.34228,39.94914
3089,2008-02-04 13:52:28,116.33963,39.95201
3089,2008-02-04 13:53:37,116.33963,39.95237
3089,2008-02-04 13:57:29,116.34421,39.94263
3089,2008-02-04 13:58:39,116.34579,39.93951
3089,2008-02-04 14:02:31,116.35669,39.93902
3089,2008-02-04 14:03:41,116.3621,39.93909
3089,2008-02-04 14:07:33,116.36175,39.9313
3089,2008-02-04 14:08:42,116.3689,39.9313
3089,2008-02-04 14:12:34,116.38318,39.9319
3089,2008-02-04 14:13:44,116.38741,39.93197
3089,2008-02-04 14:17:36,116.40255,39.92932
3089,2008-02-04 14:18:46,116.40265,39.92708
3089,2008-02-04 14:22:38,116.39986,39.92439
3089,2008-02-04 14:23:47,116.3999,39.92352
3089,2008-02-04 14:27:39,116.40019,39.91688
3089,2008-02-04 14:28:49,116.40041,39.91277
3089,2008-02-04 14:32:41,116.38967,39.90147
3089,2008-02-04 14:33:51,116.38966,39.8993
3089,2008-02-04 14:37:42,116.38887,39.88932
3089,2008-02-04 14:38:52,116.39231,39.88579
3089,2008-02-04 14:42:44,116.39333,39.86168
3089,2008-02-04 14:45:13,116.39385,39.84877
3089,2008-02-04 14:47:46,116.39449,39.83647
3089,2008-02-04 14:50:15,116.39511,39.82529
3089,2008-02-04 14:52:47,116.39556,39.81563
3089,2008-02-04 14:55:16,116.39596,39.80628
3089,2008-02-04 14:57:49,116.38912,39.80143
3089,2008-02-04 15:00:18,116.39149,39.79135
3089,2008-02-04 15:04:51,116.38937,39.79815
3089,2008-02-04 15:05:22,116.38924,39.80096
3089,2008-02-04 15:09:52,116.38795,39.81078
3089,2008-02-04 15:10:24,116.38794,39.81394
3089,2008-02-04 15:14:54,116.39514,39.835
3089,2008-02-04 15:15:26,116.3951,39.83592
3089,2008-02-04 15:19:56,116.39441,39.86114
3089,2008-02-04 15:20:27,116.39435,39.86292
3089,2008-02-04 15:24:57,116.40705,39.86385
3089,2008-02-04 15:25:29,116.40746,39.86344
3089,2008-02-04 15:52:56,116.4148,39.85422
3089,2008-02-04 16:02:07,116.4187,39.85433
3089,2008-02-04 16:04:59,116.4174,39.84855
3089,2008-02-04 16:07:09,116.41583,39.84477
3089,2008-02-04 16:10:00,116.40834,39.84981
3089,2008-02-04 16:12:10,116.41291,39.85015
3089,2008-02-04 16:15:02,116.41467,39.85574
3089,2008-02-04 16:17:12,116.41234,39.85593
3089,2008-02-04 16:20:03,116.38698,39.85571
3089,2008-02-04 16:22:13,116.36307,39.855
3089,2008-02-04 16:27:15,116.35445,39.85561
3089,2008-02-04 16:31:07,116.35541,39.85583
3089,2008-02-04 16:32:17,116.35743,39.85855
3089,2008-02-04 16:36:09,116.3583,39.86624
3089,2008-02-04 16:37:18,116.35979,39.86768
3089,2008-02-04 16:41:10,116.37217,39.86895
3089,2008-02-04 16:42:20,116.38126,39.86966
3089,2008-02-04 16:46:12,116.40936,39.87178
3089,2008-02-04 16:47:22,116.41462,39.87192
3089,2008-02-04 16:51:14,116.41469,39.88301
3089,2008-02-04 16:52:23,116.4129,39.8899
3089,2008-02-04 16:56:15,116.41256,39.89803
3089,2008-02-04 16:57:25,116.41235,39.90032
3089,2008-02-04 17:01:17,116.41209,39.90636
3089,2008-02-04 17:02:27,116.41175,39.90866
3089,2008-02-04 17:06:19,116.42043,39.91073
3089,2008-02-04 17:07:28,116.42072,39.91122
3089,2008-02-04 17:11:20,116.4185,39.91411
3089,2008-02-04 17:12:30,116.41179,39.91434
3089,2008-02-04 17:16:22,116.41131,39.91743
3089,2008-02-04 17:17:32,116.40739,39.91754
3089,2008-02-04 17:21:24,116.41199,39.91464
3089,2008-02-04 17:22:33,116.4166,39.91413
3089,2008-02-04 17:27:26,116.42843,39.9122
3089,2008-02-04 17:29:26,116.42811,39.91157
3089,2008-02-04 17:32:40,116.43015,39.90879
3089,2008-02-04 17:34:28,116.43459,39.91186
3089,2008-02-04 17:37:41,116.45103,39.91231
3089,2008-02-04 17:39:29,116.45201,39.91764
3089,2008-02-04 17:42:43,116.44913,39.91389
3089,2008-02-04 17:42:43,116.44913,39.91389
3089,2008-02-04 17:44:31,116.45482,39.91204
3089,2008-02-04 17:47:44,116.45575,39.91401
3089,2008-02-04 17:49:33,116.45569,39.92773
3089,2008-02-04 17:54:34,116.45884,39.9489
3089,2008-02-04 17:57:48,116.47763,39.95499
3089,2008-02-04 17:59:36,116.48321,39.95742
3089,2008-02-04 18:02:49,116.48782,39.96259
3089,2008-02-04 18:04:38,116.48628,39.96437
3089,2008-02-04 18:07:51,116.48885,39.96172
3089,2008-02-04 18:09:39,116.49212,39.95855
3089,2008-02-04 18:12:53,116.49016,39.95252
3089,2008-02-04 18:14:41,116.48922,39.94417
3089,2008-02-04 18:17:54,116.49673,39.93498
3089,2008-02-04 18:19:43,116.50876,39.93836
3089,2008-02-04 18:22:56,116.50759,39.93276
3089,2008-02-04 18:24:44,116.51119,39.9328
3089,2008-02-04 18:27:58,116.51129,39.92232
3089,2008-02-04 18:32:59,116.51424,39.91547
3089,2008-02-04 18:35:49,116.51607,39.9122
3089,2008-02-04 18:40:56,116.51637,39.91211
3089,2008-02-04 18:50:07,116.51461,39.91771
3089,2008-02-04 18:50:58,116.51504,39.92154
3089,2008-02-04 18:55:09,116.497,39.92193
3089,2008-02-04 18:56:00,116.49284,39.92184
3089,2008-02-04 19:00:10,116.48397,39.94815
3089,2008-02-04 19:00:10,116.48397,39.94815
3089,2008-02-04 19:01:01,116.4816,39.95659
3089,2008-02-04 19:05:12,116.44482,39.98213
3089,2008-02-04 19:06:03,116.43544,39.98671
3089,2008-02-04 19:10:14,116.41097,39.99222
3089,2008-02-04 19:15:15,116.41062,40.00718
3089,2008-02-04 19:16:06,116.41086,40.0074
3089,2008-02-04 19:20:17,116.4121,40.02605
3089,2008-02-04 19:21:08,116.41216,40.03008
3089,2008-02-04 19:25:19,116.4061,40.04636
3089,2008-02-04 19:26:10,116.40669,40.05106
3089,2008-02-04 19:30:20,116.41091,40.05948
3089,2008-02-04 19:31:11,116.41087,40.06015
3089,2008-02-04 19:35:22,116.4189,40.07319
3089,2008-02-04 19:36:13,116.41901,40.07332
3089,2008-02-04 19:40:23,116.40775,40.07747
3089,2008-02-04 19:45:24,116.4073,40.05827
3089,2008-02-04 19:46:15,116.40737,40.05707
3089,2008-02-04 19:50:26,116.404,40.03192
3089,2008-02-04 19:51:17,116.40307,40.02659
3089,2008-02-04 19:55:28,116.4247,40.0206
3089,2008-02-04 19:56:19,116.43611,40.01884
3089,2008-02-04 20:01:20,116.49256,39.99914
3089,2008-02-04 20:05:31,116.52167,39.96114
3089,2008-02-04 20:06:22,116.52659,39.95124
3089,2008-02-04 20:10:33,116.53772,39.91137
3089,2008-02-04 20:15:34,116.58879,39.90793
3089,2008-02-04 20:16:25,116.58951,39.90789
3089,2008-02-04 20:20:36,116.59494,39.90756
3089,2008-02-04 20:21:27,116.59503,39.90553
3089,2008-02-04 20:25:37,116.60143,39.88828
3089,2008-02-04 20:26:28,116.5992,39.88811
3089,2008-02-04 20:30:39,116.59826,39.89763
3089,2008-02-04 20:31:30,116.5985,39.90014
3089,2008-02-04 20:46:39,116.62046,39.90527
3089,2008-02-04 20:48:19,116.62968,39.90473
3089,2008-02-04 20:51:41,116.64835,39.90656
3089,2008-02-04 20:53:21,116.65175,39.90657
3089,2008-02-04 20:57:43,116.65235,39.90324
3089,2008-02-04 21:06:50,116.6536,39.90543
3089,2008-02-04 21:11:56,116.65354,39.90544
3089,2008-02-04 21:11:56,116.65354,39.90544
3089,2008-02-04 21:11:56,116.65354,39.90544
3089,2008-02-04 21:11:56,116.65354,39.90544
3089,2008-02-04 21:11:56,116.65354,39.90544
3089,2008-02-04 21:11:56,116.65354,39.90544
3089,2008-02-04 21:11:56,116.65354,39.90544
3089,2008-02-04 21:11:56,116.65354,39.90544
3089,2008-02-04 21:11:56,116.65354,39.90544
3089,2008-02-04 21:11:56,116.65354,39.90544
3089,2008-02-04 21:11:56,116.65354,39.90544
3089,2008-02-05 10:15:38,116.65342,39.90567
3089,2008-02-05 10:17:28,116.65342,39.90567
3089,2008-02-05 10:20:39,116.65374,39.90562
3089,2008-02-05 10:22:29,116.65198,39.90553
3089,2008-02-05 10:25:40,116.63817,39.90575
3089,2008-02-05 10:27:30,116.63161,39.90512
3089,2008-02-05 10:30:42,116.6308,39.90497
3089,2008-02-05 10:33:32,116.61105,39.90523
3089,2008-02-05 10:35:43,116.59603,39.90827
3089,2008-02-05 10:38:34,116.58511,39.90865
3089,2008-02-05 10:43:36,116.56005,39.90613
3089,2008-02-05 10:45:47,116.54994,39.90503
3089,2008-02-05 10:48:37,116.52638,39.90635
3089,2008-02-05 10:50:48,116.51698,39.90769
3089,2008-02-05 10:53:39,116.51611,39.91223
3089,2008-02-05 11:02:55,116.51572,39.91335
3089,2008-02-05 11:06:47,116.49542,39.90684
3089,2008-02-05 11:06:47,116.49542,39.90684
3089,2008-02-05 11:07:57,116.48018,39.90696
3089,2008-02-05 11:11:49,116.46358,39.90807
3089,2008-02-05 11:12:59,116.46446,39.91238
3089,2008-02-05 11:16:51,116.45178,39.91191
3089,2008-02-05 11:21:52,116.43156,39.90746
3089,2008-02-05 11:31:55,116.42106,39.90378
3089,2008-02-05 11:33:05,116.41489,39.90179
3089,2008-02-05 11:36:57,116.41183,39.9101
3089,2008-02-05 11:38:07,116.4118,39.91332
3089,2008-02-05 11:41:59,116.40905,39.91427
3089,2008-02-05 11:43:08,116.41173,39.91305
3089,2008-02-05 11:47:00,116.40986,39.90503
3089,2008-02-05 11:48:10,116.4125,39.9067
3089,2008-02-05 11:59:19,116.58103,40.07278
3089,2008-02-05 12:03:10,116.4118,39.91125
3089,2008-02-05 12:03:10,116.4118,39.91125
3089,2008-02-05 12:03:10,116.4118,39.91125
3089,2008-02-05 12:04:21,116.41161,39.9142
3089,2008-02-05 12:08:12,116.40485,39.91921
3089,2008-02-05 12:09:23,116.40476,39.92267
3089,2008-02-05 12:13:14,116.40284,39.93054
3089,2008-02-05 12:14:24,116.40285,39.93054
3089,2008-02-05 12:14:24,116.40285,39.93054
3089,2008-02-05 12:18:15,116.40547,39.93185
3089,2008-02-05 12:19:26,116.40547,39.93185
3089,2008-02-05 12:24:30,116.42441,39.93213
3089,2008-02-05 12:25:17,116.4258,39.92831
3089,2008-02-05 12:29:32,116.42869,39.91104
3089,2008-02-05 12:30:19,116.42942,39.90889
3089,2008-02-05 12:34:34,116.43904,39.88334
3089,2008-02-05 12:35:21,116.43995,39.87694
3089,2008-02-05 12:39:35,116.39936,39.87071
3089,2008-02-05 12:40:22,116.38986,39.87028
3089,2008-02-05 12:44:37,116.36827,39.87642
3089,2008-02-05 12:45:24,116.36828,39.87665
3089,2008-02-05 12:49:39,116.36505,39.87452
3089,2008-02-05 12:50:26,116.36462,39.87399
3089,2008-02-05 12:54:40,116.36406,39.86866
3089,2008-02-05 12:56:28,116.34354,39.86688
3089,2008-02-05 12:59:42,116.32385,39.86693
3089,2008-02-05 13:01:29,116.3139,39.86685
3089,2008-02-05 13:04:44,116.30897,39.86699
3089,2008-02-05 13:06:31,116.30629,39.87047
3089,2008-02-05 13:09:45,116.30601,39.87277
3089,2008-02-05 13:11:32,116.30884,39.8736
3089,2008-02-05 13:14:46,116.31324,39.88286
3089,2008-02-05 13:16:33,116.31519,39.88405
3089,2008-02-05 13:19:48,116.31721,39.88833
3089,2008-02-05 13:21:35,116.31793,39.88845
3089,2008-02-05 13:24:49,116.3306,39.88851
3089,2008-02-05 13:29:51,116.34794,39.88788
3089,2008-02-05 13:34:56,116.35465,39.88778
3089,2008-02-05 13:35:40,116.35621,39.88776
3089,2008-02-05 13:39:57,116.36729,39.88753
3089,2008-02-05 13:40:41,116.36747,39.88751
3089,2008-02-05 13:44:59,116.39029,39.88937
3089,2008-02-05 13:45:43,116.39588,39.89068
3089,2008-02-05 13:50:01,116.41228,39.90114
3089,2008-02-05 13:50:45,116.41233,39.90485
3089,2008-02-05 13:55:02,116.4122,39.906
3089,2008-02-05 13:55:46,116.4122,39.906
3089,2008-02-05 14:00:48,116.41145,39.91914
3089,2008-02-05 14:00:48,116.41145,39.91914
3089,2008-02-05 14:05:06,116.41099,39.92958
3089,2008-02-05 14:05:50,116.41099,39.92992
3089,2008-02-05 14:10:07,116.41964,39.93749
3089,2008-02-05 14:10:51,116.41961,39.93913
3089,2008-02-05 14:15:09,116.42568,39.94155
3089,2008-02-05 14:15:53,116.42532,39.93983
3089,2008-02-05 14:20:11,116.4283,39.91508
3089,2008-02-05 14:20:55,116.42824,39.91101
3089,2008-02-05 14:25:12,116.43499,39.90465
3089,2008-02-05 14:25:56,116.4363,39.90565
3089,2008-02-05 14:30:14,116.45183,39.90875
3089,2008-02-05 14:30:58,116.45143,39.91063
3089,2008-02-05 14:35:16,116.44943,39.90849
3089,2008-02-05 14:36:00,116.44768,39.90726
3089,2008-02-05 14:40:17,116.42963,39.90737
3089,2008-02-05 14:41:01,116.42939,39.90792
3089,2008-02-05 14:45:19,116.42921,39.9071
3089,2008-02-05 14:46:03,116.43444,39.90698
3089,2008-02-05 14:50:04,116.43055,39.90439
3089,2008-02-05 14:55:11,116.43054,39.90453
3089,2008-02-05 15:04:26,116.43012,39.90808
3089,2008-02-05 15:07:14,116.43346,39.89794
3089,2008-02-05 15:09:27,116.43306,39.89246
3089,2008-02-05 15:12:16,116.41368,39.89181
3089,2008-02-05 15:14:29,116.41321,39.89179
3089,2008-02-05 15:17:18,116.41355,39.88587
3089,2008-02-05 15:19:31,116.42317,39.89214
3089,2008-02-05 15:22:19,116.43827,39.89632
3089,2008-02-05 15:24:32,116.43032,39.9017
3089,2008-02-05 15:28:21,116.43367,39.90474
3089,2008-02-05 15:29:34,116.43668,39.90578
3089,2008-02-05 15:33:23,116.45588,39.90559
3089,2008-02-05 15:34:36,116.45592,39.91541
3089,2008-02-05 15:38:24,116.46607,39.93235
3089,2008-02-05 15:39:37,116.46668,39.93327
3089,2008-02-05 15:43:25,116.47527,39.93233
3089,2008-02-05 15:44:38,116.47963,39.93224
3089,2008-02-05 15:48:27,116.48084,39.90563
3089,2008-02-05 15:49:39,116.46445,39.90373
3089,2008-02-05 15:53:28,116.43027,39.90389
3089,2008-02-05 15:54:41,116.43061,39.90437
3089,2008-02-05 16:01:37,116.43066,39.90426
3089,2008-02-05 16:01:37,116.43066,39.90426
3089,2008-02-05 16:01:37,116.43066,39.90426
3089,2008-02-05 16:01:37,116.43066,39.90426
3089,2008-02-05 16:01:37,116.43066,39.90426
3089,2008-02-05 16:01:37,116.43066,39.90426
3089,2008-02-05 16:01:37,116.43066,39.90426
3089,2008-02-05 16:01:37,116.43066,39.90426
3089,2008-02-05 16:01:37,116.43066,39.90426
3089,2008-02-05 16:01:37,116.43066,39.90426
3089,2008-02-05 16:01:37,116.43066,39.90426
3089,2008-02-05 16:01:37,116.43066,39.90426
3089,2008-02-05 16:01:37,116.43066,39.90426
3089,2008-02-05 16:01:37,116.43066,39.90426
3089,2008-02-05 16:01:37,116.43066,39.90426
3089,2008-02-05 16:01:37,116.43066,39.90426
3089,2008-02-05 16:01:37,116.43066,39.90426
3089,2008-02-05 16:01:37,116.43066,39.90426
3089,2008-02-05 16:01:37,116.43066,39.90426
3089,2008-02-05 16:01:37,116.43066,39.90426
3089,2008-02-05 16:01:37,116.43066,39.90426
3089,2008-02-05 16:01:37,116.43066,39.90426
3089,2008-02-05 17:01:13,116.4305,39.90446
3089,2008-02-05 17:08:03,116.43046,39.90441
3089,2008-02-05 17:08:03,116.43046,39.90441
3089,2008-02-05 17:08:03,116.43046,39.90441
3089,2008-02-05 17:08:03,116.43046,39.90441
3089,2008-02-05 17:08:03,116.43046,39.90441
3089,2008-02-05 17:08:03,116.43046,39.90441
3089,2008-02-05 17:08:03,116.43046,39.90441
3089,2008-02-05 17:08:03,116.43046,39.90441
3089,2008-02-05 17:08:03,116.43046,39.90441
3089,2008-02-05 18:02:32,116.4303,39.90427
3089,2008-02-05 18:02:32,116.4303,39.90427
3089,2008-02-05 18:07:34,116.44317,39.90685
3089,2008-02-05 18:11:24,116.4588,39.90675
3089,2008-02-05 18:12:36,116.46522,39.90676
3089,2008-02-05 18:16:26,116.4722,39.91192
3089,2008-02-05 18:17:37,116.47209,39.91409
3089,2008-02-05 18:21:27,116.49008,39.9142
3089,2008-02-05 18:22:39,116.49897,39.91453
3089,2008-02-05 18:26:29,116.50651,39.9148
3089,2008-02-05 18:27:41,116.50985,39.91503
3089,2008-02-05 18:31:31,116.51848,39.91591
3089,2008-02-05 18:31:31,116.51848,39.91591
3089,2008-02-05 18:32:42,116.51849,39.91592
3089,2008-02-05 18:36:32,116.51892,39.91589
3089,2008-02-05 18:37:44,116.51904,39.9159
3089,2008-02-05 18:41:34,116.52243,39.91572
3089,2008-02-05 18:42:46,116.52732,39.91547
3089,2008-02-05 18:46:35,116.54119,39.91171
3089,2008-02-05 18:47:47,116.54133,39.91205
3089,2008-02-05 18:52:49,116.55989,39.91467
3089,2008-02-05 18:56:39,116.57082,39.90966
3089,2008-02-05 18:57:50,116.57093,39.90892
3089,2008-02-05 19:01:40,116.60017,39.90749
3089,2008-02-05 19:02:52,116.60718,39.90379
3089,2008-02-05 19:05:42,116.6108,39.90262
3089,2008-02-05 19:10:48,116.61078,39.90272
3089,2008-02-05 19:10:48,116.61078,39.90272
3089,2008-02-05 19:10:48,116.61078,39.90272
3089,2008-02-05 19:10:48,116.61078,39.90272
3089,2008-02-05 19:10:48,116.61078,39.90272
3089,2008-02-05 19:10:48,116.61078,39.90272
3089,2008-02-05 19:10:48,116.61078,39.90272
3089,2008-02-05 19:10:48,116.61078,39.90272
3089,2008-02-05 19:55:14,116.61976,39.9051
3089,2008-02-05 20:00:16,116.63736,39.90544
3089,2008-02-05 20:01:05,116.63968,39.90573
3089,2008-02-05 20:05:16,116.65179,39.89993
3089,2008-02-05 20:06:06,116.6523,39.90371
3089,2008-02-05 20:09:07,116.65367,39.90542
3089,2008-02-06 10:51:07,116.65366,39.90591
3089,2008-02-06 10:55:18,116.65339,39.90589
3089,2008-02-06 10:56:08,116.65338,39.90583
3089,2008-02-06 11:00:19,116.6534,39.90578
3089,2008-02-06 11:01:10,116.6534,39.90578
3089,2008-02-06 11:05:21,116.65208,39.90566
3089,2008-02-06 11:06:12,116.65147,39.90901
3089,2008-02-06 11:10:23,116.64144,39.91296
3089,2008-02-06 11:11:13,116.63749,39.91246
3089,2008-02-06 11:16:15,116.6349,39.91044
3089,2008-02-06 11:26:31,116.63494,39.91036
3089,2008-02-06 11:26:31,116.63494,39.91036
3089,2008-02-06 11:31:46,116.63664,39.90929
3089,2008-02-06 11:36:48,116.60662,39.905
3089,2008-02-06 11:37:36,116.60377,39.9047
3089,2008-02-06 11:41:38,116.61083,39.9027
3089,2008-02-06 11:46:45,116.61102,39.90267
3089,2008-02-06 11:46:45,116.61102,39.90267
3089,2008-02-06 11:46:45,116.61102,39.90267
3089,2008-02-06 12:11:04,116.61095,39.90265
3089,2008-02-06 12:14:53,116.62021,39.90575
3089,2008-02-06 12:14:53,116.62021,39.90575
3089,2008-02-06 12:16:06,116.61444,39.90736
3089,2008-02-06 12:24:57,116.65096,39.92498
3089,2008-02-06 12:26:09,116.6529,39.9304
3089,2008-02-06 12:29:58,116.65775,39.95624
3089,2008-02-06 12:31:11,116.66511,39.96733
3089,2008-02-06 12:35:00,116.671,40.00125
3089,2008-02-06 12:36:13,116.67273,40.00625
3089,2008-02-06 12:42:07,116.67273,40.00624
3089,2008-02-06 12:42:07,116.67273,40.00624
3089,2008-02-06 12:42:07,116.67273,40.00624
3089,2008-02-06 12:42:07,116.67273,40.00624
3089,2008-02-06 12:42:07,116.67273,40.00624
3089,2008-02-06 12:42:07,116.67273,40.00624
3089,2008-02-06 13:16:27,116.67249,40.00636
3089,2008-02-06 13:20:19,116.66999,39.97609
3089,2008-02-06 13:21:29,116.66345,39.96408
3089,2008-02-06 13:25:21,116.65153,39.93722
3089,2008-02-06 13:26:31,116.65249,39.92983
3089,2008-02-06 13:30:22,116.63337,39.92525
3089,2008-02-06 13:31:31,116.6325,39.9186
3089,2008-02-06 13:35:23,116.61439,39.90654
3089,2008-02-06 13:41:25,116.61087,39.90261
3089,2008-02-06 13:46:32,116.61079,39.90284
3089,2008-02-06 15:02:12,116.61164,39.90423
3089,2008-02-06 15:04:58,116.61273,39.90562
3089,2008-02-06 15:07:13,116.59713,39.90829
3089,2008-02-06 15:10:00,116.58495,39.9113
3089,2008-02-06 15:12:15,116.57348,39.91347
3089,2008-02-06 15:15:02,116.56027,39.91486
3089,2008-02-06 15:22:05,116.57488,39.91603
3089,2008-02-06 15:27:23,116.53839,39.67128
3089,2008-02-06 15:32:07,116.53945,39.91506
3089,2008-02-06 15:37:09,116.51528,39.91491
3089,2008-02-06 15:37:26,116.51554,39.91337
3089,2008-02-06 15:42:28,116.48113,39.90727
3089,2008-02-06 15:47:12,116.43761,39.90254
3089,2008-02-06 15:47:29,116.43767,39.90406
3089,2008-02-06 15:47:29,116.43767,39.90406
3089,2008-02-06 15:52:14,116.43058,39.9043
3089,2008-02-06 15:52:14,116.43058,39.9043
3089,2008-02-06 15:57:21,116.43062,39.9043
3089,2008-02-06 15:57:21,116.43062,39.9043
3089,2008-02-06 15:57:21,116.43062,39.9043
3089,2008-02-06 16:21:40,116.43048,39.9066
3089,2008-02-06 16:24:29,116.4288,39.92051
3089,2008-02-06 16:29:31,116.444,39.91948
3089,2008-02-06 16:31:43,116.44401,39.90918
3089,2008-02-06 16:34:33,116.45434,39.9066
3089,2008-02-06 16:36:44,116.46492,39.9066
3089,2008-02-06 16:39:33,116.47726,39.90667
3089,2008-02-06 16:41:45,116.4949,39.90651
3089,2008-02-06 16:44:35,116.52287,39.90793
3089,2008-02-06 16:49:36,116.56153,39.90798
3089,2008-02-06 16:54:38,116.59435,39.90765
3089,2008-02-06 16:56:50,116.60518,39.90446
3089,2008-02-06 16:59:40,116.61088,39.90263
3089,2008-02-06 17:14:00,116.6371,39.90541
3089,2008-02-06 17:15:49,116.64073,39.9057
3089,2008-02-06 17:17:50,116.64087,39.90576
3089,2008-02-06 18:02:09,116.63807,39.9053
3089,2008-02-06 18:02:19,116.63806,39.90534
3089,2008-02-06 18:07:11,116.60475,39.90458
3089,2008-02-06 18:07:20,116.60527,39.90437
3089,2008-02-06 18:11:12,116.61082,39.90264
3089,2008-02-06 18:16:19,116.61085,39.90266
3089,2008-02-06 18:16:19,116.61085,39.90266
3089,2008-02-06 18:16:19,116.61085,39.90266
3089,2008-02-06 18:16:19,116.61085,39.90266
3089,2008-02-06 18:16:19,116.61085,39.90266
3089,2008-02-06 18:16:19,116.61085,39.90266
3089,2008-02-06 18:16:19,116.61085,39.90266
3089,2008-02-06 18:16:19,116.61085,39.90266
3089,2008-02-06 18:16:19,116.61085,39.90266
3089,2008-02-06 18:16:19,116.61085,39.90266
3089,2008-02-06 18:16:19,116.61085,39.90266
3089,2008-02-06 18:16:19,116.61085,39.90266
3089,2008-02-06 18:16:19,116.61085,39.90266
3089,2008-02-06 18:16:19,116.61085,39.90266
3089,2008-02-06 18:16:19,116.61085,39.90266
3089,2008-02-06 18:16:19,116.61085,39.90266
3089,2008-02-06 18:16:19,116.61085,39.90266
3089,2008-02-06 18:16:19,116.61085,39.90266
3089,2008-02-06 18:16:19,116.61085,39.90266
3089,2008-02-06 18:16:19,116.61085,39.90266
3089,2008-02-06 20:00:54,116.61088,39.90262
3089,2008-02-06 20:06:01,116.61082,39.90278
3089,2008-02-06 20:06:01,116.61082,39.90278
3089,2008-02-06 20:06:01,116.61082,39.90278
3089,2008-02-06 20:06:01,116.61082,39.90278
3089,2008-02-06 20:06:01,116.61082,39.90278
3089,2008-02-06 20:06:01,116.61082,39.90278
3089,2008-02-06 20:06:01,116.61082,39.90278
3089,2008-02-06 20:06:01,116.61082,39.90278
3089,2008-02-06 20:06:01,116.61082,39.90278
3089,2008-02-06 20:06:01,116.61082,39.90278
3089,2008-02-06 20:06:01,116.61082,39.90278
3089,2008-02-06 20:06:01,116.61082,39.90278
3089,2008-02-06 20:06:01,116.61082,39.90278
3089,2008-02-06 20:06:01,116.61082,39.90278
3089,2008-02-06 20:06:01,116.61082,39.90278
3089,2008-02-06 20:06:01,116.61082,39.90278
3089,2008-02-06 20:06:01,116.61082,39.90278
3089,2008-02-06 20:06:01,116.61082,39.90278
3089,2008-02-06 20:06:01,116.61082,39.90278
3089,2008-02-06 20:06:01,116.61082,39.90278
3089,2008-02-06 20:06:01,116.61082,39.90278
3089,2008-02-06 20:06:01,116.61082,39.90278
3089,2008-02-06 20:06:01,116.61082,39.90278
3089,2008-02-06 23:31:21,116.61052,39.90263
3089,2008-02-06 23:38:18,116.61097,39.90264
3089,2008-02-06 23:38:18,116.61097,39.90264
3089,2008-02-06 23:38:18,116.61097,39.90264
3089,2008-02-06 23:38:18,116.61097,39.90264
3089,2008-02-06 23:38:18,116.61097,39.90264
3089,2008-02-06 23:38:18,116.61097,39.90264
3089,2008-02-06 23:38:18,116.61097,39.90264
3089,2008-02-06 23:38:18,116.61097,39.90264
3089,2008-02-06 23:38:18,116.61097,39.90264
3089,2008-02-06 23:38:18,116.61097,39.90264
3089,2008-02-06 23:38:18,116.61097,39.90264
3089,2008-02-06 23:38:18,116.61097,39.90264
3089,2008-02-06 23:38:18,116.61097,39.90264
3089,2008-02-06 23:38:18,116.61097,39.90264
3089,2008-02-06 23:38:18,116.61097,39.90264
3089,2008-02-06 23:38:18,116.61097,39.90264
3089,2008-02-06 23:38:18,116.61097,39.90264
3089,2008-02-06 23:38:18,116.61097,39.90264
3089,2008-02-06 23:38:18,116.61097,39.90264
3089,2008-02-06 23:38:18,116.61097,39.90264
3089,2008-02-06 23:38:18,116.61097,39.90264
3089,2008-02-06 23:38:18,116.61097,39.90264
3089,2008-02-06 23:38:18,116.61097,39.90264
3089,2008-02-07 02:13:22,116.61019,39.90321
3089,2008-02-07 02:14:11,116.61019,39.90321
3089,2008-02-07 02:18:24,116.59485,39.90858
3089,2008-02-07 02:19:12,116.59338,39.91143
3089,2008-02-07 02:23:25,116.58481,39.91275
3089,2008-02-07 02:24:14,116.58458,39.9111
3089,2008-02-07 02:28:27,116.613,39.91236
3089,2008-02-07 02:33:28,116.64304,39.92082
3089,2008-02-07 02:34:17,116.64749,39.92089
3089,2008-02-07 02:38:30,116.65158,39.9072
3089,2008-02-07 02:39:19,116.65183,39.90575
3089,2008-02-07 02:50:27,116.65303,39.90521
3089,2008-02-07 02:50:27,116.65303,39.90521
3089,2008-02-07 02:50:27,116.65303,39.90521
3089,2008-02-07 02:50:27,116.65303,39.90521
3089,2008-02-07 02:50:27,116.65303,39.90521
3089,2008-02-07 02:50:27,116.65303,39.90521
3089,2008-02-07 02:50:27,116.65303,39.90521
3089,2008-02-07 02:50:27,116.65303,39.90521
3089,2008-02-07 02:50:27,116.65303,39.90521
3089,2008-02-07 02:50:27,116.65303,39.90521
3089,2008-02-07 02:50:27,116.65303,39.90521
3089,2008-02-07 02:50:27,116.65303,39.90521
3089,2008-02-07 02:50:27,116.65303,39.90521
3089,2008-02-07 02:50:27,116.65303,39.90521
3089,2008-02-07 02:50:27,116.65303,39.90521
3089,2008-02-07 02:50:27,116.65303,39.90521
3089,2008-02-07 02:50:27,116.65303,39.90521
3089,2008-02-07 02:50:27,116.65303,39.90521
3089,2008-02-07 02:50:27,116.65303,39.90521
3089,2008-02-07 02:50:27,116.65303,39.90521
3089,2008-02-07 02:50:27,116.65303,39.90521
3089,2008-02-07 10:46:11,116.65293,39.90555
3089,2008-02-07 10:47:21,116.65293,39.90555
3089,2008-02-07 10:51:13,116.65305,39.90457
3089,2008-02-07 10:52:22,116.65209,39.90532
3089,2008-02-07 10:56:14,116.64616,39.91355
3089,2008-02-07 11:01:16,116.63482,39.91081
3089,2008-02-07 11:02:26,116.63487,39.91073
3089,2008-02-07 11:07:31,116.63296,39.91101
3089,2008-02-07 11:07:31,116.63296,39.91101
3089,2008-02-07 11:09:19,116.63303,39.91082
3089,2008-02-07 11:12:33,116.63695,39.91048
3089,2008-02-07 11:14:21,116.63117,39.90504
3089,2008-02-07 11:17:34,116.62617,39.89608
3089,2008-02-07 11:19:22,116.62872,39.89641
3089,2008-02-07 11:22:35,116.63243,39.89152
3089,2008-02-07 11:24:23,116.62645,39.89562
3089,2008-02-07 11:27:37,116.63,39.9046
3089,2008-02-07 11:29:25,116.63749,39.90544
3089,2008-02-07 11:32:38,116.64287,39.9049
3089,2008-02-07 11:37:29,116.65048,39.90129
3089,2008-02-07 11:46:43,116.63927,39.90436
3089,2008-02-07 11:47:36,116.63807,39.90531
3089,2008-02-07 11:51:47,116.63035,39.90504
3089,2008-02-07 11:54:38,116.61061,39.90573
3089,2008-02-07 11:56:49,116.6068,39.90383
3089,2008-02-07 11:59:40,116.61079,39.90263
3089,2008-02-07 12:04:47,116.61084,39.90264
3089,2008-02-07 12:04:47,116.61084,39.90264
3089,2008-02-07 12:04:47,116.61084,39.90264
3089,2008-02-07 12:04:47,116.61084,39.90264
3089,2008-02-07 12:04:47,116.61084,39.90264
3089,2008-02-07 12:34:07,116.61083,39.90258
3089,2008-02-07 12:37:57,116.59517,39.9054
3089,2008-02-07 12:39:09,116.59442,39.91044
3089,2008-02-07 12:42:59,116.58526,39.91772
3089,2008-02-07 12:44:11,116.58463,39.92241
3089,2008-02-07 12:44:11,116.58463,39.92241
3089,2008-02-07 12:48:01,116.54851,39.92308
3089,2008-02-07 12:49:12,116.53975,39.92319
3089,2008-02-07 12:53:02,116.51181,39.92209
3089,2008-02-07 12:54:14,116.51155,39.92208
3089,2008-02-07 12:58:04,116.4877,39.92189
3089,2008-02-07 12:59:15,116.4841,39.92778
3089,2008-02-07 13:04:17,116.47349,39.93248
3089,2008-02-07 13:09:19,116.49006,39.93016
3089,2008-02-07 13:13:09,116.51119,39.93875
3089,2008-02-07 13:13:09,116.51119,39.93875
3089,2008-02-07 13:14:20,116.50877,39.93364
3089,2008-02-07 13:18:10,116.51104,39.92457
3089,2008-02-07 13:19:22,116.51167,39.92107
3089,2008-02-07 13:24:12,116.51262,39.90684
3089,2008-02-07 13:24:24,116.5109,39.90682
3089,2008-02-07 13:29:14,116.48387,39.93231
3089,2008-02-07 13:29:25,116.48388,39.93445
3089,2008-02-07 13:34:16,116.46334,39.97205
3089,2008-02-07 13:34:27,116.46305,39.97246
3089,2008-02-07 13:39:17,116.47763,39.99218
3089,2008-02-07 13:39:29,116.47796,39.99324
3089,2008-02-07 13:44:33,116.48009,39.99429
3089,2008-02-07 13:51:21,116.46728,39.99756
3089,2008-02-07 13:54:36,116.46914,39.99656
3089,2008-02-07 13:56:22,116.46647,39.99371
3089,2008-02-07 13:59:24,116.46555,39.99025
3089,2008-02-07 14:19:40,116.43814,39.94833
3089,2008-02-07 14:20:46,116.42629,39.94826
3089,2008-02-07 14:20:46,116.42629,39.94826
3089,2008-02-07 14:24:41,116.42841,39.91648
3089,2008-02-07 14:25:48,116.42864,39.90718
3089,2008-02-07 14:29:43,116.39398,39.9064
3089,2008-02-07 14:29:43,116.39398,39.9064
3089,2008-02-07 14:30:49,116.38961,39.90163
3089,2008-02-07 14:34:45,116.39345,39.89878
3089,2008-02-07 14:35:51,116.40157,39.89929
3089,2008-02-07 14:39:46,116.41361,39.89934
3089,2008-02-07 14:40:53,116.42064,39.89917
3089,2008-02-07 14:44:48,116.43244,39.89674
3089,2008-02-07 14:45:54,116.43007,39.89628
3089,2008-02-07 14:49:50,116.43128,39.90432
3089,2008-02-07 14:49:50,116.43128,39.90432
3089,2008-02-07 14:50:56,116.43519,39.90516
3089,2008-02-07 14:55:53,116.43058,39.9044
3089,2008-02-07 15:04:59,116.42965,39.90723
3089,2008-02-07 15:05:07,116.42892,39.90739
3089,2008-02-07 15:10:01,116.43848,39.87396
3089,2008-02-07 15:10:09,116.43817,39.87305
3089,2008-02-07 15:15:03,116.44073,39.87625
3089,2008-02-07 15:15:11,116.44068,39.87626
3089,2008-02-07 15:20:04,116.4399,39.88421
3089,2008-02-07 15:20:12,116.43949,39.88495
3089,2008-02-07 15:25:06,116.45471,39.8922
3089,2008-02-07 15:25:14,116.45471,39.8922
3089,2008-02-07 15:30:07,116.4813,39.89179
3089,2008-02-07 15:30:16,116.48275,39.89184
3089,2008-02-07 15:35:09,116.5018,39.89952
3089,2008-02-07 15:35:17,116.50146,39.89956
3089,2008-02-07 15:40:11,116.48003,39.89916
3089,2008-02-07 15:40:19,116.48001,39.8988
3089,2008-02-07 15:45:12,116.48,39.898
3089,2008-02-07 15:45:21,116.47998,39.89776
3089,2008-02-07 15:50:14,116.49,39.90659
3089,2008-02-07 15:50:22,116.49005,39.90657
3089,2008-02-07 15:55:16,116.53946,39.90619
3089,2008-02-07 15:55:24,116.54024,39.90676
3089,2008-02-07 16:00:17,116.58389,39.90798
3089,2008-02-07 16:00:26,116.5855,39.90794
3089,2008-02-07 16:05:27,116.61087,39.90269
3089,2008-02-07 16:11:27,116.61108,39.90263
3089,2008-02-07 16:11:27,116.61108,39.90263
3089,2008-02-07 16:11:27,116.61108,39.90263
3089,2008-02-07 16:11:27,116.61108,39.90263
3089,2008-02-07 16:11:27,116.61108,39.90263
3089,2008-02-07 16:11:27,116.61108,39.90263
3089,2008-02-07 16:11:27,116.61108,39.90263
3089,2008-02-07 16:11:27,116.61108,39.90263
3089,2008-02-07 16:11:27,116.61108,39.90263
3089,2008-02-07 16:11:27,116.61108,39.90263
3089,2008-02-07 16:11:27,116.61108,39.90263
3089,2008-02-07 16:11:27,116.61108,39.90263
3089,2008-02-07 17:15:48,116.59409,39.90839
3089,2008-02-07 17:15:59,116.59231,39.9086
3089,2008-02-07 17:20:50,116.51806,39.90774
3089,2008-02-07 17:21:00,116.51548,39.90728
3089,2008-02-07 17:25:51,116.48143,39.89947
3089,2008-02-07 17:26:02,116.4803,39.89942
3089,2008-02-07 17:28:53,116.47991,39.89857
3089,2008-02-07 17:45:02,116.49006,39.90654
3089,2008-02-07 17:45:47,116.49365,39.90655
3089,2008-02-07 17:50:04,116.55273,39.90794
3089,2008-02-07 17:50:48,116.56577,39.90834
3089,2008-02-07 17:55:05,116.60435,39.90528
3089,2008-02-07 17:55:50,116.60618,39.9019
3089,2008-02-07 18:00:07,116.60651,39.90187
3089,2008-02-07 18:00:52,116.60651,39.90187
3089,2008-02-07 18:05:56,116.61782,39.90563
3089,2008-02-07 18:07:09,116.61644,39.90822
3089,2008-02-07 18:10:58,116.63543,39.92062
3089,2008-02-07 18:12:11,116.63543,39.92062
3089,2008-02-07 18:16:00,116.64933,39.92103
3089,2008-02-07 18:17:13,116.65411,39.92148
3089,2008-02-07 18:21:01,116.68067,39.92478
3089,2008-02-07 18:22:14,116.68556,39.93027
3089,2008-02-07 18:26:03,116.72138,39.94152
3089,2008-02-07 18:27:16,116.7306,39.9456
3089,2008-02-07 18:27:16,116.7306,39.9456
3089,2008-02-07 18:31:04,116.76243,39.94191
3089,2008-02-07 18:32:18,116.77181,39.94051
3089,2008-02-07 18:36:06,116.77829,39.94199
3089,2008-02-07 18:40:20,116.77823,39.94193
3089,2008-02-07 18:45:27,116.77816,39.94189
3089,2008-02-07 18:45:27,116.77816,39.94189
3089,2008-02-07 18:45:27,116.77816,39.94189
3089,2008-02-07 18:45:27,116.77816,39.94189
3089,2008-02-07 18:45:27,116.77816,39.94189
3089,2008-02-07 18:45:27,116.77816,39.94189
3089,2008-02-07 18:45:27,116.77816,39.94189
3089,2008-02-07 18:45:27,116.77816,39.94189
3089,2008-02-07 18:45:27,116.77816,39.94189
3089,2008-02-07 18:45:27,116.77816,39.94189
3089,2008-02-07 18:45:27,116.77816,39.94189
3089,2008-02-07 18:45:27,116.77816,39.94189
3089,2008-02-07 18:45:27,116.77816,39.94189
3089,2008-02-07 18:45:27,116.77816,39.94189
3089,2008-02-07 20:00:07,116.7782,39.94182
3089,2008-02-07 20:03:52,116.77829,39.9416
3089,2008-02-07 20:03:52,116.77829,39.9416
3089,2008-02-07 20:05:09,116.77833,39.94142
3089,2008-02-07 20:08:54,116.75847,39.94192
3089,2008-02-07 20:10:11,116.74981,39.9428
3089,2008-02-07 20:13:55,116.71923,39.94113
3089,2008-02-07 20:15:12,116.70967,39.93826
3089,2008-02-07 20:18:57,116.67974,39.92934
3089,2008-02-07 20:20:14,116.68102,39.92342
3089,2008-02-07 20:23:59,116.63324,39.91901
3089,2008-02-07 20:29:00,116.58179,39.90864
3089,2008-02-07 20:30:17,116.56165,39.90854
3089,2008-02-07 20:34:02,116.52297,39.90868
3089,2008-02-07 20:35:19,116.51297,39.90689
3089,2008-02-07 20:39:04,116.48284,39.90852
3089,2008-02-07 20:40:21,116.48364,39.90288
3089,2008-02-07 20:44:05,116.48162,39.8989
3089,2008-02-07 20:45:22,116.48162,39.8989
3089,2008-02-07 20:49:07,116.48162,39.8989
3089,2008-02-07 20:50:24,116.48161,39.8989
3089,2008-02-07 20:54:09,116.47123,39.89235
3089,2008-02-07 20:55:25,116.47124,39.89208
3089,2008-02-07 20:59:10,116.47109,39.88129
3089,2008-02-07 21:00:27,116.47001,39.87493
3089,2008-02-07 21:05:12,116.45523,39.87983
3089,2008-02-07 21:05:29,116.45526,39.88232
3089,2008-02-07 21:10:14,116.45577,39.92704
3089,2008-02-07 21:10:30,116.4558,39.9297
3089,2008-02-07 21:15:16,116.43104,39.96771
3089,2008-02-07 21:15:32,116.42836,39.96834
3089,2008-02-07 21:20:17,116.41038,39.9679
3089,2008-02-07 21:20:34,116.40713,39.96784
3089,2008-02-07 21:25:19,116.37293,39.98427
3089,2008-02-07 21:25:35,116.37206,39.98703
3089,2008-02-07 21:30:21,116.34049,40.03096
3089,2008-02-07 21:30:37,116.33816,40.0339
3089,2008-02-07 21:35:22,116.29543,40.08944
3089,2008-02-07 21:35:39,116.29278,40.09286
3089,2008-02-07 21:40:24,116.25347,40.14349
3089,2008-02-07 21:40:40,116.25135,40.14612
3089,2008-02-07 21:40:40,116.25135,40.14612
3089,2008-02-07 21:45:26,116.22578,40.19375
3089,2008-02-07 21:45:26,116.22578,40.19375
3089,2008-02-07 21:45:42,116.2252,40.19504
3089,2008-02-07 21:50:27,116.21763,40.21077
3089,2008-02-07 21:50:44,116.21763,40.21077
3089,2008-02-07 21:55:29,116.20592,40.21356
3089,2008-02-07 21:55:45,116.20566,40.21359
3089,2008-02-07 22:00:31,116.20477,40.21289
3089,2008-02-07 22:00:47,116.20488,40.2132
3089,2008-02-07 22:05:32,116.22444,40.1947
3089,2008-02-07 22:05:49,116.22594,40.19165
3089,2008-02-07 22:10:34,116.24695,40.15102
3089,2008-02-07 22:10:50,116.24872,40.14839
3089,2008-02-07 22:15:36,116.26501,40.11914
3089,2008-02-07 22:15:52,116.26669,40.11728
3089,2008-02-07 22:20:37,116.30039,40.08198
3089,2008-02-07 22:20:54,116.30237,40.07944
3089,2008-02-07 22:25:39,116.33569,40.03696
3089,2008-02-07 22:25:55,116.33809,40.03377
3089,2008-02-07 22:30:40,116.36324,40.00079
3089,2008-02-07 22:30:57,116.36488,39.99865
3089,2008-02-07 22:35:42,116.40862,39.98726
3089,2008-02-07 22:35:59,116.4127,39.98733
3089,2008-02-07 22:40:44,116.47574,39.96171
3089,2008-02-07 22:41:00,116.47874,39.95946
3089,2008-02-07 22:45:45,116.48403,39.90502
3089,2008-02-07 22:46:02,116.48708,39.90619
3089,2008-02-07 22:50:47,116.54406,39.90768
3089,2008-02-07 22:51:03,116.54611,39.90777
3089,2008-02-07 22:55:49,116.58745,39.9079
3089,2008-02-07 22:56:05,116.5896,39.9078
3089,2008-02-07 23:01:07,116.61081,39.90265
3089,2008-02-07 23:06:57,116.61082,39.90277
3089,2008-02-07 23:06:57,116.61082,39.90277
3089,2008-02-07 23:06:57,116.61082,39.90277
3089,2008-02-07 23:06:57,116.61082,39.90277
3089,2008-02-07 23:06:57,116.61082,39.90277
3089,2008-02-07 23:36:17,116.61105,39.90282
3089,2008-02-07 23:41:07,116.61737,39.90503
3089,2008-02-07 23:41:19,116.61877,39.90506
3089,2008-02-07 23:46:09,116.64652,39.90632
3089,2008-02-07 23:46:20,116.648,39.90646
3089,2008-02-07 23:46:20,116.648,39.90646
3089,2008-02-07 23:51:11,116.65313,39.90486
3089,2008-02-07 23:51:11,116.65313,39.90486
3089,2008-02-07 23:51:22,116.65313,39.90486
3089,2008-02-07 23:58:18,116.65301,39.90507
3089,2008-02-07 23:58:18,116.65301,39.90507
3089,2008-02-07 23:58:18,116.65301,39.90507
3089,2008-02-07 23:58:18,116.65301,39.90507
3089,2008-02-07 23:58:18,116.65301,39.90507
3089,2008-02-07 23:58:18,116.65301,39.90507
3089,2008-02-07 23:58:18,116.65301,39.90507
3089,2008-02-07 23:58:18,116.65301,39.90507
3089,2008-02-07 23:58:18,116.65301,39.90507
3089,2008-02-07 23:58:18,116.65301,39.90507
3089,2008-02-07 23:58:18,116.65301,39.90507
3089,2008-02-07 23:58:18,116.65301,39.90507
3089,2008-02-07 23:58:18,116.65301,39.90507
3089,2008-02-07 23:58:18,116.65301,39.90507
3089,2008-02-07 23:58:18,116.65301,39.90507
3089,2008-02-07 23:58:18,116.65301,39.90507
3089,2008-02-07 23:58:18,116.65301,39.90507
3089,2008-02-07 23:58:18,116.65301,39.90507
3089,2008-02-07 23:58:18,116.65301,39.90507
3089,2008-02-07 23:58:18,116.65301,39.90507
3089,2008-02-07 23:58:18,116.65301,39.90507
3089,2008-02-07 23:58:18,116.65301,39.90507
3089,2008-02-07 23:58:18,116.65301,39.90507
3089,2008-02-08 13:27:07,116.65315,39.90493
3089,2008-02-08 13:29:58,116.65219,39.90479
3089,2008-02-08 13:39:07,116.65628,39.9056
3089,2008-02-08 13:39:07,116.65628,39.9056
3089,2008-02-08 13:39:07,116.65628,39.9056
3089,2008-02-08 13:39:07,116.65628,39.9056
3089,2008-02-08 13:39:07,116.65628,39.9056
3089,2008-02-08 13:39:07,116.65628,39.9056
3089,2008-02-08 13:39:07,116.65628,39.9056
3089,2008-02-08 13:39:07,116.65628,39.9056
3089,2008-02-08 13:39:07,116.65628,39.9056
3089,2008-02-08 13:39:07,116.65628,39.9056
3089,2008-02-08 13:39:07,116.65628,39.9056
3089,2008-02-08 13:39:07,116.65628,39.9056
3089,2008-02-08 13:39:07,116.65628,39.9056
3089,2008-02-08 13:39:07,116.65628,39.9056
3089,2008-02-08 13:39:07,116.65628,39.9056
3089,2008-02-08 13:39:07,116.65628,39.9056
3089,2008-02-08 13:39:07,116.65628,39.9056
3089,2008-02-08 15:12:38,116.6534,39.90222
3089,2008-02-08 15:13:48,116.65307,39.90459
3089,2008-02-08 15:17:40,116.65185,39.90662
3089,2008-02-08 15:18:50,116.64545,39.90637
3089,2008-02-08 15:23:51,116.61669,39.90573
3089,2008-02-08 15:23:51,116.61669,39.90573
3089,2008-02-08 15:27:43,116.57447,39.90935
3089,2008-02-08 15:28:53,116.55337,39.90837
3089,2008-02-08 15:32:45,116.49357,39.9069
3089,2008-02-08 15:33:54,116.47492,39.90704
3089,2008-02-08 15:37:46,116.44738,39.90834
3089,2008-02-08 15:38:56,116.44692,39.90892
3089,2008-02-08 15:42:48,116.45533,39.91214
3089,2008-02-08 15:43:58,116.45524,39.9076
3089,2008-02-08 15:47:50,116.48765,39.9068
3089,2008-02-08 15:48:59,116.50558,39.90661
3089,2008-02-08 15:52:51,116.5544,39.90791
3089,2008-02-08 15:52:51,116.5544,39.90791
3089,2008-02-08 15:54:01,116.56835,39.90854
3089,2008-02-08 15:57:53,116.59789,39.90766
3089,2008-02-08 15:59:03,116.60498,39.9047
3089,2008-02-08 16:02:55,116.61079,39.90267
3089,2008-02-08 16:12:12,116.61749,39.9052
3089,2008-02-08 16:12:12,116.61749,39.9052
3089,2008-02-08 16:14:01,116.62899,39.90482
3089,2008-02-08 16:17:14,116.641,39.90567
3089,2008-02-08 16:28:26,116.64602,39.90622
3089,2008-02-08 16:32:11,116.65244,39.90258
3089,2008-02-08 16:33:27,116.65363,39.90516
3089,2008-02-08 16:40:19,116.65376,39.90552
3089,2008-02-08 16:40:19,116.65376,39.90552
3089,2008-02-08 16:40:19,116.65376,39.90552
3089,2008-02-08 16:40:19,116.65376,39.90552
3089,2008-02-08 16:40:19,116.65376,39.90552
3089,2008-02-08 16:40:19,116.65376,39.90552
3089,2008-02-08 16:40:19,116.65376,39.90552
3089,2008-02-08 16:40:19,116.65376,39.90552
3089,2008-02-08 16:40:19,116.65376,39.90552
3089,2008-02-08 16:40:19,116.65376,39.90552
3089,2008-02-08 16:40:19,116.65376,39.90552
3089,2008-02-08 16:40:19,116.65376,39.90552
3089,2008-02-08 16:40:19,116.65376,39.90552
3089,2008-02-08 16:40:19,116.65376,39.90552
3089,2008-02-08 16:40:19,116.65376,39.90552
3089,2008-02-08 16:40:19,116.65376,39.90552
3089,2008-02-08 16:40:19,116.65376,39.90552
3089,2008-02-08 16:40:19,116.65376,39.90552
3089,2008-02-08 16:40:19,116.65376,39.90552
3089,2008-02-08 16:40:19,116.65376,39.90552
3089,2008-02-08 16:40:19,116.65376,39.90552
3089,2008-02-08 16:40:19,116.65376,39.90552
3089,2008-02-08 16:40:19,116.65376,39.90552
3089,2008-02-08 16:40:19,116.65376,39.90552
