taxi_id,time,lon,lat
3478,2008-02-02 13:43:45,116.39353,39.87025
3478,2008-02-02 13:47:24,116.39353,39.87025
3478,2008-02-02 13:52:24,116.43366,39.89784
3478,2008-02-02 13:57:24,116.45562,39.88288
3478,2008-02-02 14:02:24,116.46324,39.878
3478,2008-02-02 14:07:24,116.46377,39.87561
3478,2008-02-02 14:12:24,116.46377,39.87561
3478,2008-02-02 14:17:24,116.46377,39.87561
3478,2008-02-02 14:22:24,116.46377,39.87561
3478,2008-02-02 14:27:24,116.46377,39.87561
3478,2008-02-02 14:37:23,116.46377,39.87561
3478,2008-02-02 14:42:23,116.46388,39.87572
3478,2008-02-02 14:47:23,116.45622,39.87489
3478,2008-02-02 14:49:19,116.45052,39.87523
3478,2008-02-02 14:53:19,116.43934,39.87495
3478,2008-02-02 14:57:19,116.43934,39.87495
3478,2008-02-02 15:01:19,116.40284,39.89133
3478,2008-02-02 15:05:19,116.37936,39.8882
3478,2008-02-02 15:09:19,116.36403,39.88814
3478,2008-02-02 15:13:19,116.34505,39.88821
3478,2008-02-02 15:17:19,116.31705,39.8886
3478,2008-02-02 15:21:19,116.30698,39.88476
3478,2008-02-02 15:29:27,116.32444,39.84762
3478,2008-02-02 15:34:26,116.36516,39.85022
3478,2008-02-02 15:39:26,116.36866,39.84812
3478,2008-02-02 15:44:26,116.37032,39.85536
3478,2008-02-02 15:49:26,116.3707,39.85539
3478,2008-02-02 15:54:27,116.39804,39.85549
3478,2008-02-02 15:59:27,116.45189,39.86419
3478,2008-02-02 16:04:27,116.46379,39.87704
3478,2008-02-02 16:09:26,116.46392,39.87564
3478,2008-02-02 16:14:26,116.46103,39.8781
3478,2008-02-02 16:18:36,116.45044,39.87503
3478,2008-02-02 16:22:36,116.43897,39.882
3478,2008-02-02 16:30:36,116.41873,39.89234
3478,2008-02-02 16:34:32,116.41291,39.89353
3478,2008-02-02 16:34:32,116.41291,39.89353
3478,2008-02-02 16:35:39,116.41217,39.89451
3478,2008-02-02 16:39:39,116.39723,39.89085
3478,2008-02-02 16:43:39,116.38064,39.88809
3478,2008-02-02 16:55:57,116.37059,39.89657
3478,2008-02-02 16:59:23,116.37167,39.8934
3478,2008-02-02 17:03:23,116.37167,39.8934
3478,2008-02-02 17:07:23,116.36267,39.86865
3478,2008-02-02 17:11:23,116.34121,39.85625
3478,2008-02-02 17:15:23,116.33038,39.82944
3478,2008-02-02 17:21:16,116.32271,39.82928
3478,2008-02-02 17:26:17,116.2899,39.82953
3478,2008-02-02 17:31:17,116.31496,39.82916
3478,2008-02-02 17:36:17,116.35303,39.8358
3478,2008-02-02 17:41:17,116.35347,39.84321
3478,2008-02-02 17:46:18,116.35342,39.84325
3478,2008-02-02 17:51:18,116.35341,39.84323
3478,2008-02-02 17:56:18,116.36094,39.84453
3478,2008-02-02 18:06:18,116.3797,39.84777
3478,2008-02-02 18:06:18,116.3797,39.84777
3478,2008-02-02 18:11:17,116.38924,39.85554
3478,2008-02-02 18:16:16,116.43023,39.8574
3478,2008-02-02 18:21:17,116.45457,39.86676
3478,2008-02-02 18:26:17,116.45003,39.87195
3478,2008-02-02 18:30:49,116.45018,39.88271
3478,2008-02-02 18:31:36,116.44942,39.88345
3478,2008-02-02 18:35:14,116.44676,39.88039
3478,2008-02-02 18:39:14,116.43896,39.87475
3478,2008-02-02 18:43:14,116.4327,39.8655
3478,2008-02-02 18:45:28,116.43041,39.86096
3478,2008-02-02 18:47:14,116.42796,39.8605
3478,2008-02-02 18:51:13,116.42681,39.86003
3478,2008-02-02 18:55:13,116.42321,39.85983
3478,2008-02-02 18:59:14,116.41631,39.85638
3478,2008-02-02 19:03:13,116.40056,39.85575
3478,2008-02-02 19:07:13,116.39391,39.84988
3478,2008-02-02 19:11:14,116.39526,39.82541
3478,2008-02-02 19:15:13,116.40238,39.81958
3478,2008-02-02 19:16:24,116.40112,39.81926
3478,2008-02-02 19:21:24,116.39567,39.82452
3478,2008-02-02 19:26:24,116.40097,39.83766
3478,2008-02-02 19:31:24,116.40167,39.83967
3478,2008-02-02 19:32:30,116.4017,39.84042
3478,2008-02-02 19:36:30,116.40209,39.84151
3478,2008-02-02 19:40:30,116.40209,39.84151
3478,2008-02-02 19:44:30,116.40209,39.84151
3478,2008-02-02 19:48:30,116.40209,39.84151
3478,2008-02-02 19:52:30,116.40209,39.84151
3478,2008-02-02 19:56:30,116.40209,39.84151
3478,2008-02-02 20:00:30,116.40209,39.84151
3478,2008-02-02 20:04:30,116.40209,39.84151
3478,2008-02-02 20:08:30,116.3141,39.89591
3478,2008-02-02 20:12:31,116.31423,39.89497
3478,2008-02-02 20:13:21,116.3146,39.89499
3478,2008-02-02 20:18:20,116.33314,39.89604
3478,2008-02-02 20:23:20,116.34761,39.89671
3478,2008-02-02 20:28:21,116.35633,39.89801
3478,2008-02-02 20:33:21,116.36815,39.89614
3478,2008-02-02 20:38:21,116.36818,39.89266
3478,2008-02-02 20:43:22,116.36807,39.88833
3478,2008-02-02 20:48:22,116.36811,39.877
3478,2008-02-02 20:53:21,116.37904,39.86947
3478,2008-02-02 20:53:23,116.37923,39.8695
3478,2008-02-02 20:57:23,116.39342,39.86565
3478,2008-02-02 21:02:52,116.39856,39.86378
3478,2008-02-02 21:07:09,116.40762,39.86627
3478,2008-02-02 21:11:10,116.41532,39.86496
3478,2008-02-02 21:15:09,116.41566,39.8575
3478,2008-02-02 21:24:38,116.42385,39.85695
3478,2008-02-02 21:27:20,116.42561,39.8595
3478,2008-02-02 21:30:36,116.42575,39.86452
3478,2008-02-02 21:35:36,116.42711,39.86457
3478,2008-02-02 21:36:12,116.4247,39.86463
3478,2008-02-02 21:40:11,116.41562,39.8601
3478,2008-02-02 21:44:11,116.4136,39.85601
3478,2008-02-02 21:48:11,116.39309,39.85642
3478,2008-02-02 21:52:11,116.39446,39.84167
3478,2008-02-02 21:56:11,116.40112,39.83508
3478,2008-02-02 21:57:53,116.40325,39.83348
3478,2008-02-02 22:02:53,116.4018,39.84058
3478,2008-02-02 22:03:28,116.40131,39.84207
3478,2008-02-02 22:11:28,116.41503,39.8741
3478,2008-02-02 22:15:27,116.41566,39.89172
3478,2008-02-02 22:19:28,116.42128,39.89653
3478,2008-02-02 22:23:27,116.41789,39.90269
3478,2008-02-02 22:23:43,116.41838,39.90296
3478,2008-02-02 22:28:43,116.43183,39.89811
3478,2008-02-02 22:33:43,116.43326,39.88553
3478,2008-02-02 22:38:43,116.46116,39.88279
3478,2008-02-02 22:43:43,116.46411,39.87583
3478,2008-02-02 22:48:43,116.46411,39.87583
3478,2008-02-02 22:53:44,116.464,39.87624
3478,2008-02-02 22:58:43,116.46403,39.87621
3478,2008-02-02 23:03:43,116.46403,39.87621
3478,2008-02-02 23:08:43,116.46362,39.87606
3478,2008-02-02 23:13:43,116.46368,39.87609
3478,2008-02-02 23:18:44,116.46386,39.87597
3478,2008-02-02 23:23:44,116.46389,39.87597
3478,2008-02-02 23:28:44,116.4639,39.87611
3478,2008-02-02 23:33:43,116.46391,39.87611
3478,2008-02-02 23:38:43,116.46392,39.87612
3478,2008-02-02 23:43:43,116.46393,39.87611
3478,2008-02-02 23:48:42,116.46397,39.87612
3478,2008-02-02 23:58:43,116.46396,39.87593
3478,2008-02-03 00:03:44,116.46346,39.87598
3478,2008-02-03 00:08:44,116.46353,39.87584
3478,2008-02-03 00:08:44,116.46353,39.87584
3478,2008-02-03 00:13:43,116.46359,39.87584
3478,2008-02-03 00:13:43,116.46359,39.87584
3478,2008-02-03 00:18:43,116.46365,39.87573
3478,2008-02-03 00:23:43,116.46377,39.87582
3478,2008-02-03 00:33:43,116.46378,39.87581
3478,2008-02-03 00:38:43,116.46408,39.87626
3478,2008-02-03 00:43:43,116.46394,39.87611
3478,2008-02-03 00:48:42,116.46441,39.87554
3478,2008-02-03 00:53:43,116.46357,39.87578
3478,2008-02-03 00:58:42,116.46348,39.87575
3478,2008-02-03 01:08:43,116.46365,39.87605
3478,2008-02-03 01:23:43,116.46406,39.87584
3478,2008-02-03 01:28:43,116.46386,39.87585
3478,2008-02-03 01:33:43,116.46387,39.87585
3478,2008-02-03 01:38:43,116.46388,39.87586
3478,2008-02-03 01:43:43,116.46387,39.87588
3478,2008-02-03 01:48:43,116.46387,39.87588
3478,2008-02-03 01:53:43,116.46389,39.87588
3478,2008-02-03 01:58:43,116.46389,39.87588
3478,2008-02-03 02:03:42,116.46389,39.87589
3478,2008-02-03 02:18:43,116.46387,39.87589
3478,2008-02-03 02:23:43,116.46386,39.87589
3478,2008-02-03 02:33:42,116.46386,39.87589
3478,2008-02-03 02:38:42,116.46386,39.87589
3478,2008-02-03 02:38:42,116.46386,39.87589
3478,2008-02-03 02:43:42,116.46378,39.87619
3478,2008-02-03 04:22:17,116.46392,39.87579
3478,2008-02-03 04:23:41,116.46392,39.87579
3478,2008-02-03 04:28:41,116.46392,39.87579
3478,2008-02-03 04:38:41,116.46382,39.87596
3478,2008-02-03 04:53:42,116.46386,39.87599
3478,2008-02-03 04:58:41,116.46387,39.876
3478,2008-02-03 05:03:42,116.46388,39.87602
3478,2008-02-03 05:03:42,116.46388,39.87602
3478,2008-02-03 05:08:42,116.46377,39.87602
3478,2008-02-03 05:13:42,116.46354,39.87591
3478,2008-02-03 05:18:42,116.46396,39.87596
3478,2008-02-03 05:23:41,116.46387,39.87596
3478,2008-02-03 05:38:41,116.46404,39.87601
3478,2008-02-03 05:43:41,116.4638,39.87589
3478,2008-02-03 05:48:41,116.46378,39.8759
3478,2008-02-03 05:53:41,116.46376,39.87616
3478,2008-02-03 05:58:41,116.46381,39.87612
3478,2008-02-03 06:03:42,116.46385,39.87608
3478,2008-02-03 06:08:41,116.46384,39.87607
3478,2008-02-03 06:13:41,116.46376,39.87599
3478,2008-02-03 06:18:41,116.46372,39.87597
3478,2008-02-03 06:23:41,116.46372,39.87593
3478,2008-02-03 06:38:41,116.46373,39.87592
3478,2008-02-03 06:43:41,116.46374,39.87593
3478,2008-02-03 06:48:41,116.46383,39.8758
3478,2008-02-03 06:53:41,116.46375,39.87612
3478,2008-02-03 07:03:42,116.46387,39.87583
3478,2008-02-03 07:08:41,116.46383,39.87589
3478,2008-02-03 07:13:41,116.46385,39.87601
3478,2008-02-03 07:18:40,116.46398,39.87601
3478,2008-02-03 07:28:42,116.46391,39.8761
3478,2008-02-03 07:28:42,116.46391,39.8761
3478,2008-02-03 07:33:42,116.46391,39.87606
3478,2008-02-03 07:38:41,116.46385,39.87594
3478,2008-02-03 07:43:42,116.46387,39.87596
3478,2008-02-03 07:48:42,116.4638,39.87588
3478,2008-02-03 07:53:42,116.46383,39.876
3478,2008-02-03 08:03:41,116.46381,39.87592
3478,2008-02-03 08:13:40,116.46388,39.87572
3478,2008-02-03 08:18:40,116.46387,39.87575
3478,2008-02-03 08:43:41,116.46357,39.87606
3478,2008-02-03 08:48:41,116.46404,39.87604
3478,2008-02-03 08:53:34,116.45203,39.87498
3478,2008-02-03 08:57:35,116.43885,39.88617
3478,2008-02-03 09:01:34,116.42371,39.90005
3478,2008-02-03 09:04:26,116.41809,39.90308
3478,2008-02-03 09:05:36,116.42067,39.90361
3478,2008-02-03 09:09:35,116.42104,39.89638
3478,2008-02-03 09:13:35,116.39858,39.89123
3478,2008-02-03 09:17:36,116.37208,39.88806
3478,2008-02-03 09:21:35,116.36126,39.88419
3478,2008-02-03 09:24:37,116.35455,39.88139
3478,2008-02-03 09:24:37,116.35455,39.88139
3478,2008-02-03 09:32:43,116.36763,39.877
3478,2008-02-03 09:36:15,116.38132,39.87464
3478,2008-02-03 09:36:43,116.38146,39.87279
3478,2008-02-03 09:40:43,116.3654,39.8688
3478,2008-02-03 09:44:43,116.3433,39.87342
3478,2008-02-03 09:48:43,116.34273,39.88439
3478,2008-02-03 09:48:43,116.34273,39.88439
3478,2008-02-03 09:52:43,116.34265,39.89249
3478,2008-02-03 09:56:43,116.35065,39.90021
3478,2008-02-03 10:00:43,116.3514,39.91224
3478,2008-02-03 10:00:57,116.3514,39.91224
3478,2008-02-03 10:04:42,116.35032,39.91583
3478,2008-02-03 10:08:42,116.34949,39.93001
3478,2008-02-03 10:12:43,116.37112,39.94757
3478,2008-02-03 10:20:02,116.36457,40.00008
3478,2008-02-03 10:21:27,116.36464,40.00033
3478,2008-02-03 10:25:27,116.37252,39.98529
3478,2008-02-03 10:29:27,116.37268,39.95747
3478,2008-02-03 10:35:43,116.36565,39.94801
3478,2008-02-03 10:37:42,116.36777,39.94718
3478,2008-02-03 10:45:43,116.37328,39.95964
3478,2008-02-03 10:49:28,116.37434,39.98093
3478,2008-02-03 10:53:52,116.37687,39.98622
3478,2008-02-03 11:07:12,116.41118,39.96775
3478,2008-02-03 11:11:13,116.43483,39.965
3478,2008-02-03 11:15:12,116.44789,39.95557
3478,2008-02-03 11:19:12,116.4832,39.9877
3478,2008-02-03 11:23:13,116.5299,40.02107
3478,2008-02-03 11:27:12,116.57879,40.04657
3478,2008-02-03 11:31:12,116.58199,40.07225
3478,2008-02-03 11:33:46,116.58674,40.07836
3478,2008-02-03 11:38:46,116.58043,40.07657
3478,2008-02-03 11:43:46,116.58232,40.06369
3478,2008-02-03 11:48:46,116.56398,40.06381
3478,2008-02-03 11:53:46,116.56399,40.06385
3478,2008-02-03 11:58:45,116.56398,40.06377
3478,2008-02-03 12:03:46,116.55004,40.06406
3478,2008-02-03 12:08:46,116.53504,40.05368
3478,2008-02-03 12:13:46,116.51854,40.02638
3478,2008-02-03 12:13:46,116.51854,40.02638
3478,2008-02-03 12:33:46,116.48511,40.00625
3478,2008-02-03 12:38:45,116.47459,40.0044
3478,2008-02-03 12:43:45,116.46182,39.99561
3478,2008-02-03 12:48:46,116.4602,39.97923
3478,2008-02-03 12:53:45,116.46018,39.97929
3478,2008-02-03 12:58:46,116.4602,39.97926
3478,2008-02-03 13:03:46,116.46022,39.97922
3478,2008-02-03 13:08:45,116.46023,39.9792
3478,2008-02-03 13:13:46,116.46027,39.97927
3478,2008-02-03 13:18:46,116.46025,39.97925
3478,2008-02-03 13:19:29,116.46043,39.98132
3478,2008-02-03 13:23:46,116.46021,39.97914
3478,2008-02-03 13:27:26,116.46089,39.97848
3478,2008-02-03 13:31:26,116.42449,39.98786
3478,2008-02-03 13:35:26,116.38053,39.98674
3478,2008-02-03 13:39:26,116.33086,39.98525
3478,2008-02-03 13:43:26,116.32659,39.99381
3478,2008-02-03 13:45:09,116.32663,39.99455
3478,2008-02-03 13:50:10,116.34127,39.99195
3478,2008-02-03 13:52:02,116.34565,39.99197
3478,2008-02-03 13:56:03,116.35777,39.99239
3478,2008-02-03 13:58:18,116.36245,39.99237
3478,2008-02-03 14:03:18,116.36354,39.97651
3478,2008-02-03 14:08:18,116.36705,39.96627
3478,2008-02-03 14:13:19,116.41006,39.96752
3478,2008-02-03 14:18:19,116.45178,39.954
3478,2008-02-03 14:23:19,116.45531,39.93198
3478,2008-02-03 14:28:19,116.45458,39.88735
3478,2008-02-03 14:33:15,116.46188,39.88309
3478,2008-02-03 14:37:15,116.48385,39.8844
3478,2008-02-03 14:41:15,116.48391,39.91267
3478,2008-02-03 14:45:15,116.47151,39.9649
3478,2008-02-03 14:49:15,116.46503,39.96984
3478,2008-02-03 14:53:15,116.55247,40.02871
3478,2008-02-03 14:53:15,116.55247,40.02871
3478,2008-02-03 14:57:15,116.57932,40.047
3478,2008-02-03 15:01:15,116.58687,40.07851
3478,2008-02-03 15:01:52,116.58679,40.07855
3478,2008-02-03 15:06:52,116.58104,40.0718
3478,2008-02-03 15:11:52,116.57982,40.06002
3478,2008-02-03 15:16:53,116.55703,40.06214
3478,2008-02-03 15:21:53,116.53509,40.05361
3478,2008-02-03 15:26:52,116.51784,40.02512
3478,2008-02-03 15:31:53,116.50099,40.0056
3478,2008-02-03 15:31:53,116.50099,40.0056
3478,2008-02-03 15:36:53,116.4788,39.98514
3478,2008-02-03 15:36:53,116.4788,39.98514
3478,2008-02-03 15:41:53,116.46957,39.96583
3478,2008-02-03 15:46:52,116.4836,39.91897
3478,2008-02-03 15:51:53,116.47936,39.8832
3478,2008-02-03 15:56:52,116.47101,39.87876
3478,2008-02-03 16:01:52,116.46386,39.87573
3478,2008-02-03 16:06:51,116.46366,39.8755
3478,2008-02-03 16:11:51,116.46367,39.87555
3478,2008-02-03 16:16:51,116.46367,39.8761
3478,2008-02-03 16:26:51,116.46365,39.87613
3478,2008-02-03 16:31:51,116.46386,39.87556
3478,2008-02-03 16:36:51,116.46377,39.87571
3478,2008-02-03 16:41:52,116.46373,39.87603
3478,2008-02-03 16:46:52,116.46371,39.87573
3478,2008-02-03 16:51:52,116.46362,39.87566
3478,2008-02-03 16:56:52,116.46362,39.87566
3478,2008-02-03 17:01:52,116.46362,39.87566
3478,2008-02-03 17:03:54,116.46362,39.87566
3478,2008-02-03 17:06:51,116.46362,39.87566
3478,2008-02-03 17:11:51,116.46362,39.87566
3478,2008-02-03 17:16:51,116.46362,39.87566
3478,2008-02-03 17:21:51,116.46362,39.87566
3478,2008-02-03 17:26:52,116.46369,39.87568
3478,2008-02-03 17:31:51,116.46383,39.87546
3478,2008-02-03 17:36:51,116.46383,39.87546
3478,2008-02-03 17:41:52,116.46134,39.87575
3478,2008-02-03 17:41:52,116.46134,39.87575
3478,2008-02-03 17:41:52,116.46134,39.87575
3478,2008-02-03 17:41:52,116.46134,39.87575
3478,2008-02-03 17:46:14,116.45475,39.87479
3478,2008-02-03 17:50:14,116.44006,39.87751
3478,2008-02-03 17:54:14,116.42476,39.89934
3478,2008-02-03 17:58:14,116.41871,39.90328
3478,2008-02-03 17:58:28,116.41872,39.90329
3478,2008-02-03 18:03:29,116.42957,39.90015
3478,2008-02-03 18:08:29,116.43414,39.88333
3478,2008-02-03 18:11:20,116.44463,39.88137
3478,2008-02-03 18:15:19,116.43897,39.89235
3478,2008-02-03 18:19:20,116.42963,39.90679
3478,2008-02-03 18:23:20,116.42813,39.93089
3478,2008-02-03 18:27:20,116.41867,39.94829
3478,2008-02-03 18:31:20,116.39782,39.94774
3478,2008-02-03 18:35:20,116.38429,39.94771
3478,2008-02-03 18:39:20,116.37316,39.95702
3478,2008-02-03 18:43:20,116.37559,39.97487
3478,2008-02-03 18:46:50,116.37437,39.97955
3478,2008-02-03 18:50:24,116.38587,39.98123
3478,2008-02-03 18:54:23,116.39217,39.97381
3478,2008-02-03 18:55:50,116.39362,39.97267
3478,2008-02-03 19:00:50,116.39286,39.96749
3478,2008-02-03 19:05:50,116.39135,39.96711
3478,2008-02-03 19:10:50,116.41086,39.96759
3478,2008-02-03 19:14:42,116.4287,39.96796
3478,2008-02-03 19:18:42,116.44996,39.95518
3478,2008-02-03 19:22:42,116.44943,39.9494
3478,2008-02-03 19:26:41,116.44403,39.94609
3478,2008-02-03 19:28:44,116.44077,39.94526
3478,2008-02-03 19:28:44,116.44077,39.94526
3478,2008-02-03 19:33:43,116.44455,39.93232
3478,2008-02-03 19:38:43,116.44898,39.92859
3478,2008-02-03 19:43:07,116.45523,39.92473
3478,2008-02-03 19:47:07,116.45527,39.92046
3478,2008-02-03 19:47:07,116.45527,39.92046
3478,2008-02-03 19:51:08,116.46198,39.90678
3478,2008-02-03 19:51:38,116.46193,39.9067
3478,2008-02-03 19:55:07,116.47127,39.90685
3478,2008-02-03 19:59:07,116.48332,39.90338
3478,2008-02-03 20:03:07,116.48332,39.90338
3478,2008-02-03 20:07:07,116.48332,39.90338
3478,2008-02-03 20:11:07,116.48332,39.90338
3478,2008-02-03 20:15:08,116.52816,39.89182
3478,2008-02-03 20:17:52,116.53854,39.89497
3478,2008-02-03 20:22:53,116.51868,39.89201
3478,2008-02-03 20:27:53,116.4849,39.89194
3478,2008-02-03 20:32:53,116.47257,39.88311
3478,2008-02-03 20:37:53,116.4708,39.87872
3478,2008-02-03 20:38:36,116.47095,39.87827
3478,2008-02-03 20:42:37,116.48393,39.87874
3478,2008-02-03 20:44:58,116.48399,39.88934
3478,2008-02-03 20:46:36,116.48384,39.89118
3478,2008-02-03 20:50:36,116.48384,39.89118
3478,2008-02-03 23:58:39,116.48228,39.98668
3478,2008-02-03 23:58:39,116.48228,39.98668
3478,2008-02-04 00:03:39,116.46349,39.87612
3478,2008-02-04 00:08:39,116.46349,39.87612
3478,2008-02-04 00:13:39,116.46349,39.87612
3478,2008-02-04 00:18:38,116.46349,39.87612
3478,2008-02-04 00:23:38,116.46349,39.87612
3478,2008-02-04 00:23:38,116.46349,39.87612
3478,2008-02-04 00:28:38,116.46349,39.87612
3478,2008-02-04 00:33:38,116.46381,39.8757
3478,2008-02-04 00:38:38,116.46382,39.8757
3478,2008-02-04 00:43:38,116.46397,39.8757
3478,2008-02-04 00:48:38,116.46363,39.87581
3478,2008-02-04 00:53:38,116.46373,39.87576
3478,2008-02-04 00:58:38,116.46376,39.87572
3478,2008-02-04 01:03:38,116.46374,39.87574
3478,2008-02-04 01:08:38,116.46373,39.87575
3478,2008-02-04 01:13:38,116.46382,39.87569
3478,2008-02-04 01:18:37,116.46381,39.87568
3478,2008-02-04 01:23:37,116.46385,39.87579
3478,2008-02-04 01:28:37,116.4642,39.87572
3478,2008-02-04 01:33:37,116.46418,39.87563
3478,2008-02-04 01:38:37,116.46437,39.87559
3478,2008-02-04 01:43:37,116.46393,39.87568
3478,2008-02-04 01:48:37,116.46393,39.87568
3478,2008-02-04 01:53:37,116.46331,39.87593
3478,2008-02-04 01:58:38,116.46367,39.87582
3478,2008-02-04 02:03:37,116.4637,39.87581
3478,2008-02-04 02:13:37,116.46357,39.87582
3478,2008-02-04 02:18:37,116.46376,39.87579
3478,2008-02-04 02:23:37,116.46408,39.87542
3478,2008-02-04 02:28:38,116.46349,39.87611
3478,2008-02-04 02:33:37,116.46355,39.87577
3478,2008-02-04 02:38:38,116.4635,39.8756
3478,2008-02-04 02:43:37,116.46348,39.87559
3478,2008-02-04 02:48:37,116.46383,39.8761
3478,2008-02-04 02:48:37,116.46383,39.8761
3478,2008-02-04 02:53:37,116.4638,39.87604
3478,2008-02-04 02:58:37,116.46324,39.8758
3478,2008-02-04 03:03:38,116.46369,39.87589
3478,2008-02-04 03:08:38,116.46342,39.87581
3478,2008-02-04 03:13:37,116.463,39.87555
3478,2008-02-04 03:18:37,116.46302,39.87557
3478,2008-02-04 03:23:37,116.46302,39.87557
3478,2008-02-04 03:28:38,116.46341,39.87584
3478,2008-02-04 03:33:37,116.46328,39.87593
3478,2008-02-04 03:38:36,116.46306,39.87612
3478,2008-02-04 03:43:36,116.46138,39.87578
3478,2008-02-04 03:48:36,116.46403,39.87578
3478,2008-02-04 03:53:36,116.46406,39.87577
3478,2008-02-04 03:58:36,116.46406,39.87577
3478,2008-02-04 04:03:36,116.46406,39.87577
3478,2008-02-04 04:13:36,116.46406,39.87577
3478,2008-02-04 04:18:36,116.46406,39.87577
3478,2008-02-04 04:23:36,116.46387,39.87584
3478,2008-02-04 04:28:36,116.4641,39.87585
3478,2008-02-04 04:33:36,116.4641,39.87585
3478,2008-02-04 04:38:37,116.4641,39.87585
3478,2008-02-04 04:43:37,116.46398,39.87583
3478,2008-02-04 04:48:37,116.46396,39.87578
3478,2008-02-04 04:53:36,116.46389,39.87571
3478,2008-02-04 04:58:37,116.46387,39.87572
3478,2008-02-04 05:03:37,116.46405,39.87582
3478,2008-02-04 05:08:37,116.46399,39.87579
3478,2008-02-04 05:13:38,116.46396,39.87573
3478,2008-02-04 05:13:38,116.46396,39.87573
3478,2008-02-04 05:18:36,116.46401,39.87537
3478,2008-02-04 05:23:36,116.46403,39.87543
3478,2008-02-04 05:28:37,116.46393,39.87578
3478,2008-02-04 05:33:36,116.464,39.87572
3478,2008-02-04 05:38:36,116.46427,39.87586
3478,2008-02-04 05:43:36,116.46392,39.8757
3478,2008-02-04 05:48:36,116.46423,39.87584
3478,2008-02-04 05:53:37,116.46347,39.87611
3478,2008-02-04 05:58:37,116.46357,39.87602
3478,2008-02-04 06:03:36,116.46362,39.87601
3478,2008-02-04 06:08:36,116.46362,39.87601
3478,2008-02-04 06:13:36,116.46362,39.87601
3478,2008-02-04 06:18:36,116.46362,39.87601
3478,2008-02-04 06:23:36,116.46362,39.87601
3478,2008-02-04 06:28:36,116.46362,39.87601
3478,2008-02-04 06:33:36,116.46362,39.87601
3478,2008-02-04 06:38:36,116.46362,39.87601
3478,2008-02-04 06:43:36,116.46362,39.87601
3478,2008-02-04 06:48:36,116.46362,39.87601
3478,2008-02-04 06:53:36,116.46362,39.87601
3478,2008-02-04 06:58:36,116.46362,39.87601
3478,2008-02-04 07:03:36,116.46362,39.87601
3478,2008-02-04 07:08:36,116.46362,39.87601
3478,2008-02-04 07:13:36,116.46362,39.87601
3478,2008-02-04 07:18:36,116.46362,39.87601
3478,2008-02-04 07:23:36,116.46362,39.87601
3478,2008-02-04 07:28:36,116.46362,39.87601
3478,2008-02-04 07:33:36,116.46362,39.87601
3478,2008-02-04 07:38:36,116.46362,39.87601
3478,2008-02-04 07:38:36,116.46362,39.87601
3478,2008-02-04 07:43:36,116.46362,39.87601
3478,2008-02-04 07:48:35,116.46362,39.87601
3478,2008-02-04 07:53:35,116.46362,39.87601
3478,2008-02-04 07:58:35,116.46362,39.87601
3478,2008-02-04 08:03:35,116.46362,39.87601
3478,2008-02-04 08:13:35,116.46362,39.87601
3478,2008-02-04 08:18:35,116.46362,39.87601
3478,2008-02-04 08:23:35,116.46389,39.87587
3478,2008-02-04 08:28:36,116.46384,39.87589
3478,2008-02-04 08:33:36,116.46165,39.87621
3478,2008-02-04 08:35:05,116.45745,39.87496
3478,2008-02-04 08:39:05,116.4557,39.90545
3478,2008-02-04 08:42:06,116.44935,39.90849
3478,2008-02-04 08:47:06,116.45509,39.90029
3478,2008-02-04 08:52:05,116.45482,39.8832
3478,2008-02-04 08:57:05,116.45518,39.87493
3478,2008-02-04 08:57:11,116.45436,39.87494
3478,2008-02-04 09:02:06,116.44984,39.87884
3478,2008-02-04 09:07:05,116.46187,39.88198
3478,2008-02-04 09:12:06,116.46649,39.87524
3478,2008-02-04 09:17:05,116.46649,39.87524
3478,2008-02-04 09:22:04,116.46645,39.87535
3478,2008-02-04 09:27:04,116.45018,39.87492
3478,2008-02-04 09:32:05,116.45003,39.87221
3478,2008-02-04 09:37:04,116.45948,39.87496
3478,2008-02-04 09:37:20,116.45824,39.87505
3478,2008-02-04 09:41:20,116.43994,39.87974
3478,2008-02-04 09:45:20,116.42613,39.88283
3478,2008-02-04 09:49:21,116.41352,39.8852
3478,2008-02-04 09:53:20,116.40968,39.89763
3478,2008-02-04 09:53:51,116.40952,39.89764
3478,2008-02-04 09:58:51,116.41272,39.89172
3478,2008-02-04 09:58:51,116.41272,39.89172
3478,2008-02-04 10:03:51,116.43405,39.88789
3478,2008-02-04 10:08:51,116.44471,39.87603
3478,2008-02-04 10:13:20,116.45621,39.8748
3478,2008-02-04 10:13:20,116.45621,39.8748
3478,2008-02-04 10:17:20,116.45453,39.86803
3478,2008-02-04 10:21:21,116.42344,39.85713
3478,2008-02-04 10:25:20,116.39595,39.85572
3478,2008-02-04 10:28:06,116.39403,39.85425
3478,2008-02-04 10:32:47,116.39191,39.85555
3478,2008-02-04 10:36:46,116.39363,39.86841
3478,2008-02-04 10:38:55,116.39495,39.87564
3478,2008-02-04 10:43:55,116.39308,39.87946
3478,2008-02-04 10:48:38,116.40448,39.87055
3478,2008-02-04 10:52:39,116.43588,39.86915
3478,2008-02-04 10:56:38,116.44981,39.87263
3478,2008-02-04 10:58:55,116.44999,39.87316
3478,2008-02-04 11:00:53,116.44979,39.87301
3478,2008-02-04 11:04:54,116.43923,39.88272
3478,2008-02-04 11:08:53,116.43773,39.89667
3478,2008-02-04 11:20:43,116.43499,39.92291
3478,2008-02-04 11:25:43,116.45037,39.91924
3478,2008-02-04 11:25:43,116.45037,39.91924
3478,2008-02-04 11:36:04,116.43404,39.92108
3478,2008-02-04 11:41:04,116.44428,39.91745
3478,2008-02-04 11:47:36,116.45452,39.90624
3478,2008-02-04 11:51:36,116.45452,39.90624
3478,2008-02-04 11:55:36,116.45573,39.91458
3478,2008-02-04 11:59:36,116.45531,39.92769
3478,2008-02-04 11:59:36,116.45531,39.92769
3478,2008-02-04 12:03:36,116.44921,39.92646
3478,2008-02-04 12:04:50,116.44885,39.92541
3478,2008-02-04 12:07:36,116.447,39.92274
3478,2008-02-04 12:11:36,116.44637,39.92218
3478,2008-02-04 12:15:36,116.44252,39.90713
3478,2008-02-04 12:19:37,116.43019,39.90723
3478,2008-02-04 12:23:36,116.43422,39.89234
3478,2008-02-04 12:27:37,116.42308,39.89225
3478,2008-02-04 12:31:37,116.41317,39.89182
3478,2008-02-04 12:35:38,116.40608,39.88884
3478,2008-02-04 12:43:38,116.39454,39.88558
3478,2008-02-04 12:47:37,116.39048,39.88499
3478,2008-02-04 12:47:37,116.39048,39.88499
3478,2008-02-04 12:49:18,116.38801,39.88486
3478,2008-02-04 12:51:36,116.38692,39.8824
3478,2008-02-04 12:55:36,116.39121,39.86991
3478,2008-02-04 12:59:36,116.40726,39.86776
3478,2008-02-04 12:59:40,116.40726,39.86776
3478,2008-02-04 13:04:39,116.41645,39.87015
3478,2008-02-04 13:09:40,116.43836,39.87068
3478,2008-02-04 13:14:39,116.44707,39.87009
3478,2008-02-04 13:15:05,116.44897,39.87011
3478,2008-02-04 13:19:05,116.43939,39.88172
3478,2008-02-04 13:23:05,116.42577,39.88278
3478,2008-02-04 13:25:58,116.41426,39.88172
3478,2008-02-04 13:30:58,116.4374,39.86992
3478,2008-02-04 13:32:46,116.43918,39.87068
3478,2008-02-04 13:36:46,116.45487,39.87397
3478,2008-02-04 13:40:46,116.45549,39.90023
3478,2008-02-04 13:44:46,116.45554,39.90053
3478,2008-02-04 13:48:46,116.45554,39.90053
3478,2008-02-04 13:50:51,116.45554,39.90053
3478,2008-02-04 13:50:51,116.45554,39.90053
3478,2008-02-04 13:55:51,116.45554,39.90053
3478,2008-02-04 13:56:03,116.45554,39.90053
3478,2008-02-04 14:00:02,116.45572,39.91057
3478,2008-02-04 14:04:02,116.45559,39.93433
3478,2008-02-04 14:08:02,116.45567,39.9477
3478,2008-02-04 14:09:15,116.45369,39.94773
3478,2008-02-04 14:14:15,116.45544,39.92746
3478,2008-02-04 14:14:15,116.45544,39.92746
3478,2008-02-04 14:19:15,116.45526,39.88968
3478,2008-02-04 14:24:15,116.45501,39.86747
3478,2008-02-04 14:29:15,116.46393,39.87726
3478,2008-02-04 14:34:15,116.46375,39.87582
3478,2008-02-04 14:34:15,116.46375,39.87582
3478,2008-02-04 14:39:15,116.46375,39.87582
3478,2008-02-04 14:44:15,116.46375,39.87582
3478,2008-02-04 14:49:15,116.46446,39.87583
3478,2008-02-04 14:54:15,116.46389,39.87566
3478,2008-02-04 14:59:15,116.46391,39.87569
3478,2008-02-04 15:04:15,116.46387,39.87584
3478,2008-02-04 15:09:15,116.46386,39.87596
3478,2008-02-04 15:14:15,116.46386,39.87596
3478,2008-02-04 15:19:15,116.46386,39.87596
3478,2008-02-04 15:24:15,116.46387,39.87574
3478,2008-02-04 15:34:15,116.46384,39.87576
3478,2008-02-04 15:39:15,116.46384,39.87576
3478,2008-02-04 15:44:15,116.46384,39.87576
3478,2008-02-04 15:49:15,116.46384,39.87576
3478,2008-02-04 15:54:14,116.46384,39.87576
3478,2008-02-04 16:04:15,116.46384,39.87576
3478,2008-02-04 16:09:15,116.46384,39.87576
3478,2008-02-04 16:14:15,116.46384,39.87576
3478,2008-02-04 16:19:15,116.46384,39.87576
3478,2008-02-04 16:24:14,116.46384,39.87576
3478,2008-02-04 16:29:14,116.46384,39.87576
3478,2008-02-04 16:34:14,116.46384,39.87576
3478,2008-02-04 16:39:14,116.46384,39.87576
3478,2008-02-04 16:44:15,116.46384,39.87576
3478,2008-02-04 16:49:14,116.46384,39.87576
3478,2008-02-04 16:54:14,116.46384,39.87576
3478,2008-02-04 16:59:14,116.46384,39.87576
3478,2008-02-04 16:59:14,116.46384,39.87576
3478,2008-02-04 17:04:16,116.44984,39.87198
3478,2008-02-04 17:07:40,116.44988,39.87195
3478,2008-02-04 17:09:15,116.44988,39.87195
3478,2008-02-04 17:14:15,116.45066,39.87168
3478,2008-02-04 17:19:15,116.45039,39.87172
3478,2008-02-04 17:24:15,116.45027,39.87175
3478,2008-02-04 17:29:15,116.45007,39.87222
3478,2008-02-04 17:34:14,116.45007,39.87222
3478,2008-02-04 17:39:14,116.45021,39.87236
3478,2008-02-04 17:44:14,116.45021,39.87236
3478,2008-02-04 17:49:14,116.44886,39.87081
3478,2008-02-04 17:54:15,116.45014,39.8723
3478,2008-02-04 18:00:25,116.45534,39.89805
3478,2008-02-04 18:04:25,116.45555,39.92643
3478,2008-02-04 18:08:26,116.45891,39.94251
3478,2008-02-04 18:08:36,116.45891,39.94251
3478,2008-02-04 18:13:36,116.45535,39.93516
3478,2008-02-04 18:18:20,116.45537,39.92496
3478,2008-02-04 18:22:21,116.45543,39.89842
3478,2008-02-04 18:25:42,116.45484,39.87469
3478,2008-02-04 18:30:43,116.44995,39.87204
3478,2008-02-04 18:35:42,116.44999,39.87202
3478,2008-02-04 18:37:37,116.4499,39.87454
3478,2008-02-04 18:41:38,116.43981,39.879
3478,2008-02-04 18:45:38,116.4297,39.90616
3478,2008-02-04 18:45:38,116.4297,39.90616
3478,2008-02-04 18:49:38,116.42338,39.90708
3478,2008-02-04 18:53:38,116.40612,39.90684
3478,2008-02-04 18:57:38,116.39516,39.90644
3478,2008-02-04 19:05:38,116.37961,39.90595
3478,2008-02-04 19:09:38,116.35297,39.90599
3478,2008-02-04 19:13:38,116.32618,39.90626
3478,2008-02-04 19:17:38,116.32157,39.90614
3478,2008-02-04 19:21:38,116.31586,39.90626
3478,2008-02-04 19:25:38,116.30696,39.90649
3478,2008-02-04 19:29:38,116.30164,39.92311
3478,2008-02-04 19:33:37,116.29102,39.93408
3478,2008-02-04 19:34:36,116.29114,39.93685
3478,2008-02-04 19:38:00,116.29748,39.94318
3478,2008-02-04 19:41:59,116.30367,39.93154
3478,2008-02-04 19:45:59,116.30384,39.9215
3478,2008-02-04 19:54:00,116.30407,39.90778
3478,2008-02-04 19:58:00,116.31373,39.90619
3478,2008-02-04 20:01:59,116.33254,39.90134
3478,2008-02-04 20:06:00,116.33579,39.90125
3478,2008-02-04 20:09:59,116.33665,39.89653
3478,2008-02-04 20:10:45,116.33883,39.89641
3478,2008-02-04 20:14:32,116.34678,39.89496
3478,2008-02-04 20:22:32,116.34481,39.88847
3478,2008-02-04 20:30:31,116.33571,39.87891
3478,2008-02-04 20:32:14,116.33295,39.87789
3478,2008-02-04 20:34:32,116.32833,39.8759
3478,2008-02-04 20:38:32,116.32051,39.88223
3478,2008-02-04 20:42:31,116.32041,39.88805
3478,2008-02-04 20:43:35,116.31996,39.88807
3478,2008-02-04 20:48:36,116.35369,39.88801
3478,2008-02-04 20:49:48,116.3611,39.88786
3478,2008-02-04 20:53:49,116.36821,39.87747
3478,2008-02-04 20:56:19,116.36855,39.88087
3478,2008-02-04 21:01:20,116.37464,39.88179
3478,2008-02-04 21:03:44,116.37532,39.88071
3478,2008-02-04 21:07:44,116.36886,39.8773
3478,2008-02-04 21:11:45,116.3475,39.86722
3478,2008-02-04 21:15:46,116.33963,39.84262
3478,2008-02-04 21:19:46,116.33932,39.80626
3478,2008-02-04 21:31:53,116.34017,39.7986
3478,2008-02-04 21:36:08,116.33922,39.80802
3478,2008-02-04 21:41:08,116.35281,39.83684
3478,2008-02-04 21:50:03,116.36214,39.82606
3478,2008-02-04 21:54:03,116.3616,39.81378
3478,2008-02-04 21:54:03,116.3616,39.81378
3478,2008-02-04 21:54:37,116.36311,39.81387
3478,2008-02-04 22:04:37,116.3806,39.83469
3478,2008-02-04 22:09:37,116.38078,39.85004
3478,2008-02-04 22:19:37,116.45528,39.87361
3478,2008-02-04 22:24:36,116.46386,39.87582
3478,2008-02-04 22:29:36,116.46451,39.87618
3478,2008-02-04 22:34:36,116.46451,39.87618
3478,2008-02-04 22:39:36,116.46451,39.87618
3478,2008-02-04 22:44:36,116.46451,39.87618
3478,2008-02-04 22:49:36,116.46334,39.87596
3478,2008-02-04 22:54:36,116.46334,39.87596
3478,2008-02-04 22:59:37,116.46364,39.87592
3478,2008-02-04 23:04:36,116.46334,39.87582
3478,2008-02-04 23:09:36,116.46331,39.87576
3478,2008-02-04 23:14:37,116.46341,39.87579
3478,2008-02-04 23:19:37,116.46337,39.87585
3478,2008-02-04 23:24:37,116.46362,39.87579
3478,2008-02-04 23:29:37,116.46352,39.87534
3478,2008-02-04 23:34:37,116.4639,39.8759
3478,2008-02-04 23:39:37,116.46391,39.87589
3478,2008-02-04 23:44:37,116.46386,39.87577
3478,2008-02-04 23:49:36,116.46378,39.87575
3478,2008-02-04 23:59:37,116.46379,39.87574
3478,2008-02-05 00:04:37,116.46383,39.8757
3478,2008-02-05 00:04:37,116.46383,39.8757
3478,2008-02-05 00:09:37,116.46381,39.87556
3478,2008-02-05 00:14:37,116.46366,39.87584
3478,2008-02-05 00:19:37,116.46415,39.87566
3478,2008-02-05 00:24:36,116.46405,39.87574
3478,2008-02-05 00:29:36,116.46342,39.87606
3478,2008-02-05 00:34:37,116.46376,39.876
3478,2008-02-05 00:39:35,116.46376,39.87599
3478,2008-02-05 00:49:36,116.46355,39.87567
3478,2008-02-05 00:54:36,116.4636,39.87572
3478,2008-02-05 00:59:36,116.46362,39.87575
3478,2008-02-05 01:04:35,116.46362,39.87575
3478,2008-02-05 01:09:35,116.46362,39.87575
3478,2008-02-05 01:14:36,116.46362,39.87575
3478,2008-02-05 01:19:36,116.46356,39.87571
3478,2008-02-05 01:29:36,116.46481,39.87553
3478,2008-02-05 01:34:35,116.46435,39.8755
3478,2008-02-05 01:39:35,116.46435,39.8755
3478,2008-02-05 01:44:35,116.46435,39.8755
3478,2008-02-05 01:49:35,116.46435,39.8755
3478,2008-02-05 01:54:35,116.46435,39.8755
3478,2008-02-05 01:59:35,116.46435,39.8755
3478,2008-02-05 02:04:35,116.46413,39.87544
3478,2008-02-05 02:29:35,116.46393,39.87599
3478,2008-02-05 02:34:36,116.46392,39.87516
3478,2008-02-05 02:44:36,116.46376,39.87582
3478,2008-02-05 02:49:36,116.46375,39.87593
3478,2008-02-05 02:54:36,116.46375,39.87593
3478,2008-02-05 02:59:36,116.46377,39.8759
3478,2008-02-05 03:04:36,116.46379,39.87582
3478,2008-02-05 03:09:35,116.46379,39.87583
3478,2008-02-05 03:14:36,116.4636,39.87572
3478,2008-02-05 03:19:36,116.46383,39.87585
3478,2008-02-05 03:24:35,116.46382,39.87581
3478,2008-02-05 03:29:35,116.4637,39.87572
3478,2008-02-05 03:34:36,116.46371,39.87585
3478,2008-02-05 03:49:36,116.46378,39.87559
3478,2008-02-05 03:54:36,116.46352,39.87583
3478,2008-02-05 03:59:35,116.46427,39.87551
3478,2008-02-05 04:04:35,116.46427,39.87551
3478,2008-02-05 04:09:35,116.46427,39.87551
3478,2008-02-05 04:09:35,116.46427,39.87551
3478,2008-02-05 04:14:35,116.46372,39.87579
3478,2008-02-05 04:19:35,116.46382,39.87576
3478,2008-02-05 04:24:35,116.46383,39.87578
3478,2008-02-05 04:29:35,116.46383,39.87578
3478,2008-02-05 04:39:35,116.46383,39.87578
3478,2008-02-05 04:49:35,116.46383,39.87578
3478,2008-02-05 04:54:35,116.46387,39.8757
3478,2008-02-05 04:54:35,116.46387,39.8757
3478,2008-02-05 04:59:35,116.46387,39.8757
3478,2008-02-05 05:04:35,116.46387,39.8757
3478,2008-02-05 05:09:35,116.46379,39.87563
3478,2008-02-05 05:14:35,116.46381,39.87566
3478,2008-02-05 05:19:35,116.46383,39.87568
3478,2008-02-05 05:24:34,116.46405,39.87552
3478,2008-02-05 05:29:34,116.46347,39.87588
3478,2008-02-05 05:34:34,116.46381,39.87568
3478,2008-02-05 05:39:34,116.46384,39.8757
3478,2008-02-05 05:44:34,116.46408,39.87584
3478,2008-02-05 05:49:34,116.46405,39.87586
3478,2008-02-05 05:54:34,116.46383,39.87559
3478,2008-02-05 05:59:35,116.46383,39.87564
3478,2008-02-05 06:04:35,116.46394,39.87579
3478,2008-02-05 06:09:35,116.46394,39.87578
3478,2008-02-05 06:14:34,116.46394,39.87576
3478,2008-02-05 06:19:35,116.46385,39.87562
3478,2008-02-05 06:24:35,116.46388,39.8756
3478,2008-02-05 06:29:35,116.4639,39.87581
3478,2008-02-05 06:34:35,116.46354,39.87592
3478,2008-02-05 06:39:35,116.46382,39.87575
3478,2008-02-05 06:44:35,116.46347,39.87574
3478,2008-02-05 06:49:35,116.46347,39.87573
3478,2008-02-05 06:54:34,116.46352,39.87573
3478,2008-02-05 06:59:34,116.46352,39.87573
3478,2008-02-05 07:04:34,116.46353,39.87579
3478,2008-02-05 07:09:34,116.46356,39.87581
3478,2008-02-05 07:14:34,116.46356,39.87581
3478,2008-02-05 07:19:34,116.46356,39.87581
3478,2008-02-05 07:19:34,116.46356,39.87581
3478,2008-02-05 07:24:34,116.46356,39.87581
3478,2008-02-05 07:29:34,116.46356,39.87581
3478,2008-02-05 07:34:34,116.46356,39.87581
3478,2008-02-05 07:39:34,116.46356,39.87581
3478,2008-02-05 07:44:34,116.46356,39.87581
3478,2008-02-05 07:49:34,116.46356,39.87581
3478,2008-02-05 07:54:34,116.46356,39.87581
3478,2008-02-05 07:59:34,116.46356,39.87581
3478,2008-02-05 08:04:34,116.46356,39.87581
3478,2008-02-05 08:09:34,116.46356,39.87581
3478,2008-02-05 08:14:34,116.46356,39.87581
3478,2008-02-05 08:19:34,116.46356,39.87581
3478,2008-02-05 08:24:34,116.46356,39.87581
3478,2008-02-05 08:29:34,116.46356,39.87581
3478,2008-02-05 08:34:34,116.46356,39.87581
3478,2008-02-05 08:39:34,116.46356,39.87581
3478,2008-02-05 08:44:34,116.46356,39.87581
3478,2008-02-05 08:49:35,116.46396,39.8757
3478,2008-02-05 08:54:35,116.46377,39.87565
3478,2008-02-05 08:59:35,116.46379,39.87567
3478,2008-02-05 09:04:35,116.46391,39.87563
3478,2008-02-05 09:09:34,116.46369,39.87575
3478,2008-02-05 09:14:35,116.44973,39.87432
3478,2008-02-05 09:19:34,116.45731,39.8747
3478,2008-02-05 09:22:31,116.46152,39.88258
3478,2008-02-05 09:26:31,116.45531,39.89787
3478,2008-02-05 09:30:30,116.43882,39.90724
3478,2008-02-05 09:34:30,116.40491,39.90689
3478,2008-02-05 09:38:31,116.38691,39.9063
3478,2008-02-05 09:49:54,116.35695,39.90625
3478,2008-02-05 09:54:54,116.35698,39.8931
3478,2008-02-05 09:59:53,116.36103,39.88276
3478,2008-02-05 10:03:06,116.36449,39.87784
3478,2008-02-05 10:07:06,116.35746,39.8804
3478,2008-02-05 10:11:07,116.36764,39.87719
3478,2008-02-05 10:12:19,116.36796,39.8772
3478,2008-02-05 10:17:19,116.3864,39.86994
3478,2008-02-05 10:22:18,116.42308,39.86953
3478,2008-02-05 10:27:20,116.44982,39.87414
3478,2008-02-05 10:36:41,116.48419,39.87434
3478,2008-02-05 10:38:14,116.48885,39.87487
3478,2008-02-05 10:43:14,116.47674,39.87735
3478,2008-02-05 10:47:21,116.46338,39.87488
3478,2008-02-05 10:51:21,116.46338,39.87488
3478,2008-02-05 10:55:21,116.43965,39.87636
3478,2008-02-05 10:59:21,116.3988,39.87048
3478,2008-02-05 11:03:21,116.35925,39.86914
3478,2008-02-05 11:07:13,116.35334,39.877
3478,2008-02-05 11:12:12,116.3646,39.87989
3478,2008-02-05 11:17:12,116.3725,39.86911
3478,2008-02-05 11:27:13,116.4388,39.87056
3478,2008-02-05 11:32:12,116.45765,39.86961
3478,2008-02-05 11:37:12,116.45834,39.86637
3478,2008-02-05 11:42:12,116.4615,39.86766
3478,2008-02-05 11:43:38,116.46068,39.86989
3478,2008-02-05 11:47:38,116.45267,39.88313
3478,2008-02-05 11:50:39,116.45316,39.88619
3478,2008-02-05 11:55:39,116.4612,39.88286
3478,2008-02-05 11:59:55,116.46336,39.87799
3478,2008-02-05 11:59:55,116.46336,39.87799
3478,2008-02-05 12:03:55,116.45994,39.88291
3478,2008-02-05 12:11:55,116.4287,39.8922
3478,2008-02-05 12:15:56,116.41287,39.89187
3478,2008-02-05 12:19:55,116.39252,39.89015
3478,2008-02-05 12:23:56,116.37819,39.88888
3478,2008-02-05 12:38:09,116.35881,39.88505
3478,2008-02-05 12:41:49,116.36461,39.88159
3478,2008-02-05 12:45:49,116.37407,39.88174
3478,2008-02-05 12:52:55,116.38703,39.88423
3478,2008-02-05 12:53:06,116.38703,39.88375
3478,2008-02-05 12:53:06,116.38703,39.88375
3478,2008-02-05 12:57:06,116.38131,39.87691
3478,2008-02-05 13:05:06,116.38058,39.85501
3478,2008-02-05 13:08:54,116.37571,39.84906
3478,2008-02-05 13:13:55,116.38013,39.85555
3478,2008-02-05 13:18:54,116.38199,39.86856
3478,2008-02-05 13:23:54,116.42382,39.8697
3478,2008-02-05 13:28:54,116.44995,39.87308
3478,2008-02-05 13:29:18,116.44991,39.87461
3478,2008-02-05 13:33:18,116.4713,39.87585
3478,2008-02-05 13:37:18,116.4714,39.88867
3478,2008-02-05 13:41:18,116.47223,39.89799
3478,2008-02-05 13:45:18,116.47223,39.89799
3478,2008-02-05 13:49:19,116.48286,39.91416
3478,2008-02-05 13:53:19,116.50098,39.91469
3478,2008-02-05 13:57:18,116.5014,39.91563
3478,2008-02-05 13:58:12,116.50215,39.91606
3478,2008-02-05 14:03:13,116.49586,39.92164
3478,2008-02-05 14:08:13,116.48354,39.91303
3478,2008-02-05 14:13:13,116.47288,39.8831
3478,2008-02-05 14:23:13,116.46374,39.87571
3478,2008-02-05 14:28:13,116.46374,39.87571
3478,2008-02-05 14:33:13,116.46385,39.87604
3478,2008-02-05 14:38:13,116.46377,39.87599
3478,2008-02-05 14:43:12,116.46376,39.87596
3478,2008-02-05 14:48:12,116.46376,39.87596
3478,2008-02-05 14:53:12,116.46371,39.87564
3478,2008-02-05 14:58:12,116.46379,39.8758
3478,2008-02-05 15:03:12,116.46367,39.87576
3478,2008-02-05 15:08:12,116.46367,39.87576
3478,2008-02-05 15:13:13,116.46357,39.87576
3478,2008-02-05 15:13:13,116.46357,39.87576
3478,2008-02-05 15:18:13,116.46367,39.87579
3478,2008-02-05 15:28:13,116.46369,39.87582
3478,2008-02-05 15:33:13,116.46369,39.87582
3478,2008-02-05 15:38:13,116.46369,39.87582
3478,2008-02-05 15:43:13,116.46369,39.87582
3478,2008-02-05 15:48:13,116.46369,39.87582
3478,2008-02-05 15:53:13,116.46369,39.87582
3478,2008-02-05 15:58:12,116.46373,39.87574
3478,2008-02-05 16:03:12,116.46368,39.87597
3478,2008-02-05 16:13:12,116.46346,39.87638
3478,2008-02-05 16:18:12,116.46346,39.87638
3478,2008-02-05 16:23:12,116.46346,39.87638
3478,2008-02-05 16:28:12,116.46346,39.87638
3478,2008-02-05 16:33:12,116.46346,39.87638
3478,2008-02-05 16:38:12,116.46346,39.87638
3478,2008-02-05 16:43:12,116.46346,39.87638
3478,2008-02-05 16:48:12,116.46374,39.8759
3478,2008-02-05 16:53:12,116.46372,39.87569
3478,2008-02-05 17:03:12,116.46391,39.87617
3478,2008-02-05 17:07:47,116.46391,39.87617
3478,2008-02-05 17:08:12,116.46391,39.87617
3478,2008-02-05 17:13:12,116.46391,39.87617
3478,2008-02-05 17:18:12,116.46391,39.87617
3478,2008-02-05 17:23:12,116.46391,39.87617
3478,2008-02-05 17:23:20,116.46391,39.87617
3478,2008-02-05 17:27:21,116.46188,39.88277
3478,2008-02-05 17:31:20,116.43552,39.88297
3478,2008-02-05 17:35:20,116.42475,39.88586
3478,2008-02-05 17:39:21,116.41278,39.89324
3478,2008-02-05 17:40:13,116.41282,39.89375
3478,2008-02-05 17:45:13,116.41354,39.89518
3478,2008-02-05 17:50:12,116.42377,39.8921
3478,2008-02-05 17:55:13,116.43397,39.88324
3478,2008-02-05 18:00:12,116.44936,39.88023
3478,2008-02-05 18:00:49,116.44978,39.88033
3478,2008-02-05 18:04:49,116.44939,39.86216
3478,2008-02-05 18:08:48,116.42599,39.85731
3478,2008-02-05 18:16:49,116.409,39.85593
3478,2008-02-05 18:20:49,116.39807,39.86087
3478,2008-02-05 18:22:31,116.3954,39.86356
3478,2008-02-05 18:26:06,116.40598,39.86387
3478,2008-02-05 18:30:06,116.40695,39.86661
3478,2008-02-05 18:34:06,116.41509,39.87739
3478,2008-02-05 18:38:07,116.41843,39.88254
3478,2008-02-05 18:42:06,116.44001,39.88282
3478,2008-02-05 18:46:06,116.4296,39.9084
3478,2008-02-05 18:50:06,116.42789,39.93966
3478,2008-02-05 18:54:07,116.39615,39.94763
3478,2008-02-05 18:58:06,116.35312,39.94344
3478,2008-02-05 19:02:07,116.34577,39.96651
3478,2008-02-05 19:06:07,116.31582,39.96597
3478,2008-02-05 19:10:06,116.3097,39.97479
3478,2008-02-05 19:10:06,116.3097,39.97479
3478,2008-02-05 19:15:29,116.30086,39.96962
3478,2008-02-05 19:20:29,116.30701,39.9625
3478,2008-02-05 19:25:29,116.31824,39.9656
3478,2008-02-05 19:30:30,116.32882,39.95703
3478,2008-02-05 19:35:29,116.33673,39.95687
3478,2008-02-05 19:38:05,116.34884,39.95692
3478,2008-02-05 19:42:06,116.32944,39.96628
3478,2008-02-05 19:43:23,116.31966,39.96588
3478,2008-02-05 19:48:24,116.33148,39.96612
3478,2008-02-05 19:53:24,116.36722,39.96649
3478,2008-02-05 19:58:24,116.39384,39.96719
3478,2008-02-05 19:58:24,116.39384,39.96719
3478,2008-02-05 20:03:23,116.4006,39.95769
3478,2008-02-05 20:03:23,116.4006,39.95769
3478,2008-02-05 20:08:24,116.40246,39.93426
3478,2008-02-05 20:12:00,116.41101,39.93207
3478,2008-02-05 20:16:00,116.42824,39.93302
3478,2008-02-05 20:19:56,116.4276,39.94912
3478,2008-02-05 20:22:36,116.42618,39.95154
3478,2008-02-05 20:22:36,116.42618,39.95154
3478,2008-02-05 20:26:36,116.42762,39.93663
3478,2008-02-05 20:30:36,116.42493,39.91429
3478,2008-02-05 20:34:36,116.42077,39.90513
3478,2008-02-05 20:35:24,116.42079,39.90463
3478,2008-02-05 20:40:24,116.43622,39.89738
3478,2008-02-05 20:45:24,116.45123,39.88307
3478,2008-02-05 20:50:23,116.46206,39.87807
3478,2008-02-05 20:55:24,116.46399,39.87571
3478,2008-02-05 21:00:24,116.4635,39.87579
3478,2008-02-05 21:05:25,116.46342,39.87576
3478,2008-02-05 21:10:24,116.46313,39.87827
3478,2008-02-05 21:15:25,116.45461,39.88019
3478,2008-02-05 21:20:24,116.45471,39.88035
3478,2008-02-05 21:25:23,116.45423,39.88011
3478,2008-02-05 21:25:23,116.45423,39.88011
3478,2008-02-05 21:30:24,116.45438,39.88001
3478,2008-02-05 21:35:23,116.45441,39.88001
3478,2008-02-05 21:40:23,116.45474,39.87987
3478,2008-02-05 21:45:24,116.45525,39.8806
3478,2008-02-05 21:50:24,116.45444,39.8804
3478,2008-02-05 21:55:23,116.45504,39.88011
3478,2008-02-05 22:00:24,116.45526,39.88025
3478,2008-02-05 22:05:23,116.45435,39.88011
3478,2008-02-05 22:10:24,116.45435,39.88011
3478,2008-02-05 22:15:23,116.45433,39.88008
3478,2008-02-05 22:20:24,116.45433,39.88021
3478,2008-02-05 22:25:24,116.45441,39.88027
3478,2008-02-05 22:30:23,116.45445,39.88029
3478,2008-02-05 22:35:24,116.45467,39.88027
3478,2008-02-05 22:40:23,116.45278,39.87452
3478,2008-02-05 22:45:23,116.46164,39.87718
3478,2008-02-05 22:50:23,116.46164,39.87718
3478,2008-02-05 22:55:23,116.46401,39.8759
3478,2008-02-05 23:00:23,116.46387,39.87585
3478,2008-02-05 23:05:23,116.46381,39.87583
3478,2008-02-05 23:10:23,116.46382,39.87583
3478,2008-02-05 23:15:23,116.46379,39.87581
3478,2008-02-05 23:25:23,116.46378,39.8758
3478,2008-02-05 23:35:24,116.46375,39.87556
3478,2008-02-05 23:40:24,116.46379,39.87561
3478,2008-02-05 23:45:23,116.46381,39.87562
3478,2008-02-05 23:50:24,116.464,39.87588
3478,2008-02-05 23:55:24,116.46395,39.87573
3478,2008-02-06 00:00:23,116.46381,39.87531
3478,2008-02-06 00:05:23,116.46394,39.87575
3478,2008-02-06 00:16:11,116.46395,39.87569
3478,2008-02-06 00:20:23,116.46392,39.87569
3478,2008-02-06 00:25:23,116.4635,39.87639
3478,2008-02-06 00:30:23,116.46367,39.87573
3478,2008-02-06 00:35:23,116.46371,39.8758
3478,2008-02-06 00:45:23,116.46338,39.87565
3478,2008-02-06 00:50:23,116.46337,39.87556
3478,2008-02-06 00:55:23,116.46366,39.87589
3478,2008-02-06 01:00:24,116.4637,39.87569
3478,2008-02-06 01:05:23,116.46377,39.87573
3478,2008-02-06 01:10:23,116.4638,39.8758
3478,2008-02-06 01:15:23,116.4638,39.87579
3478,2008-02-06 01:20:22,116.46371,39.87579
3478,2008-02-06 01:25:22,116.46371,39.87579
3478,2008-02-06 01:30:22,116.4637,39.87569
3478,2008-02-06 01:35:23,116.4637,39.87569
3478,2008-02-06 01:40:22,116.46378,39.87543
3478,2008-02-06 01:45:22,116.46379,39.87548
3478,2008-02-06 01:50:23,116.4638,39.87548
3478,2008-02-06 01:55:24,116.46386,39.87563
3478,2008-02-06 02:00:23,116.46388,39.8756
3478,2008-02-06 02:05:23,116.46365,39.87559
3478,2008-02-06 02:20:22,116.46395,39.87575
3478,2008-02-06 02:20:22,116.46395,39.87575
3478,2008-02-06 02:25:23,116.46372,39.87599
3478,2008-02-06 02:30:22,116.46382,39.87554
3478,2008-02-06 02:35:22,116.46387,39.87592
3478,2008-02-06 02:40:22,116.46387,39.87592
3478,2008-02-06 02:45:23,116.46365,39.87586
3478,2008-02-06 02:50:23,116.46367,39.87587
3478,2008-02-06 02:55:23,116.46373,39.87577
3478,2008-02-06 03:00:23,116.46377,39.87572
3478,2008-02-06 03:05:22,116.46378,39.87569
3478,2008-02-06 03:10:23,116.4638,39.87569
3478,2008-02-06 03:15:23,116.46382,39.8757
3478,2008-02-06 03:20:22,116.46383,39.8757
3478,2008-02-06 03:25:22,116.4638,39.8756
3478,2008-02-06 03:30:22,116.4638,39.8756
3478,2008-02-06 03:35:22,116.46359,39.87621
3478,2008-02-06 03:40:22,116.46372,39.87592
3478,2008-02-06 03:45:22,116.46375,39.87586
3478,2008-02-06 03:50:22,116.46371,39.87592
3478,2008-02-06 03:55:22,116.46371,39.87592
3478,2008-02-06 04:00:22,116.46371,39.87592
3478,2008-02-06 04:10:22,116.46371,39.87592
3478,2008-02-06 04:15:22,116.46371,39.87592
3478,2008-02-06 04:20:22,116.46371,39.87592
3478,2008-02-06 04:30:21,116.46371,39.87592
3478,2008-02-06 04:35:21,116.46371,39.87592
3478,2008-02-06 04:40:21,116.46371,39.87592
3478,2008-02-06 04:45:21,116.46371,39.87592
3478,2008-02-06 04:45:21,116.46371,39.87592
3478,2008-02-06 04:50:21,116.46371,39.87592
3478,2008-02-06 04:55:21,116.46371,39.87592
3478,2008-02-06 05:00:21,116.46389,39.8757
3478,2008-02-06 05:05:22,116.4638,39.87527
3478,2008-02-06 05:10:22,116.46372,39.87595
3478,2008-02-06 05:15:23,116.46387,39.87576
3478,2008-02-06 05:20:22,116.46395,39.87571
3478,2008-02-06 05:25:22,116.46396,39.87574
3478,2008-02-06 05:30:22,116.4639,39.87553
3478,2008-02-06 05:35:22,116.46391,39.87559
3478,2008-02-06 05:40:23,116.46381,39.87592
3478,2008-02-06 05:45:22,116.4639,39.87588
3478,2008-02-06 05:55:22,116.46379,39.87584
3478,2008-02-06 06:00:21,116.46379,39.87584
3478,2008-02-06 06:05:22,116.46372,39.87578
3478,2008-02-06 06:10:22,116.46372,39.87578
3478,2008-02-06 06:15:21,116.46373,39.87576
3478,2008-02-06 06:20:21,116.46385,39.87554
3478,2008-02-06 06:30:21,116.46359,39.87584
3478,2008-02-06 06:35:21,116.46335,39.8762
3478,2008-02-06 06:40:21,116.46372,39.87576
3478,2008-02-06 06:45:22,116.46356,39.87571
3478,2008-02-06 06:50:21,116.46367,39.87577
3478,2008-02-06 06:55:22,116.46368,39.87574
3478,2008-02-06 07:00:21,116.46367,39.87583
3478,2008-02-06 07:05:21,116.46342,39.87633
3478,2008-02-06 07:10:21,116.46336,39.87646
3478,2008-02-06 07:10:21,116.46336,39.87646
3478,2008-02-06 07:15:21,116.46374,39.87589
3478,2008-02-06 07:20:22,116.46372,39.87589
3478,2008-02-06 07:25:21,116.46392,39.87554
3478,2008-02-06 07:30:21,116.46384,39.87568
3478,2008-02-06 07:35:21,116.46382,39.87558
3478,2008-02-06 07:40:22,116.46372,39.87571
3478,2008-02-06 07:45:21,116.46374,39.8757
3478,2008-02-06 07:50:21,116.46341,39.87603
3478,2008-02-06 07:55:21,116.46342,39.87626
3478,2008-02-06 08:00:21,116.46342,39.87626
3478,2008-02-06 08:05:21,116.46342,39.87626
3478,2008-02-06 08:10:21,116.46342,39.87626
3478,2008-02-06 08:15:21,116.46342,39.87626
3478,2008-02-06 08:20:21,116.4639,39.87596
3478,2008-02-06 08:25:20,116.46119,39.8751
3478,2008-02-06 08:29:00,116.44992,39.88202
3478,2008-02-06 08:33:00,116.42976,39.90454
3478,2008-02-06 08:36:59,116.43001,39.93962
3478,2008-02-06 08:38:01,116.43364,39.93958
3478,2008-02-06 08:42:15,116.43559,39.92561
3478,2008-02-06 08:46:15,116.42825,39.91992
3478,2008-02-06 08:50:15,116.42065,39.90393
3478,2008-02-06 08:50:51,116.42061,39.90394
3478,2008-02-06 08:55:51,116.42108,39.89829
3478,2008-02-06 09:00:51,116.43438,39.88328
3478,2008-02-06 09:09:21,116.43017,39.90184
3478,2008-02-06 09:10:12,116.43015,39.90365
3478,2008-02-06 09:15:11,116.45534,39.9025
3478,2008-02-06 09:20:11,116.46177,39.88228
3478,2008-02-06 09:25:11,116.45528,39.86703
3478,2008-02-06 09:30:12,116.4631,39.87485
3478,2008-02-06 09:35:12,116.46631,39.87518
3478,2008-02-06 09:40:11,116.46632,39.87518
3478,2008-02-06 09:40:11,116.46632,39.87518
3478,2008-02-06 09:45:11,116.4668,39.87532
3478,2008-02-06 09:50:11,116.44981,39.8719
3478,2008-02-06 09:52:03,116.44997,39.87339
3478,2008-02-06 09:56:04,116.43771,39.89638
3478,2008-02-06 10:04:05,116.3857,39.90616
3478,2008-02-06 10:08:04,116.35698,39.90695
3478,2008-02-06 10:10:18,116.35582,39.90544
3478,2008-02-06 10:15:17,116.35518,39.90456
3478,2008-02-06 10:20:17,116.35523,39.90457
3478,2008-02-06 10:22:37,116.35397,39.90428
3478,2008-02-06 10:26:38,116.3881,39.90618
3478,2008-02-06 10:30:37,116.42066,39.90552
3478,2008-02-06 10:31:29,116.42063,39.90433
3478,2008-02-06 10:36:29,116.41409,39.89934
3478,2008-02-06 10:41:29,116.43405,39.8859
3478,2008-02-06 10:46:29,116.44476,39.87552
3478,2008-02-06 10:51:29,116.44836,39.87464
3478,2008-02-06 10:56:29,116.46191,39.87904
3478,2008-02-06 10:57:14,116.46186,39.87906
3478,2008-02-06 11:05:13,116.46186,39.87906
3478,2008-02-06 11:08:16,116.46186,39.87906
3478,2008-02-06 11:13:16,116.48034,39.89949
3478,2008-02-06 11:14:34,116.47411,39.89935
3478,2008-02-06 11:18:34,116.45246,39.90847
3478,2008-02-06 11:21:52,116.44513,39.90936
3478,2008-02-06 11:26:52,116.45295,39.91823
3478,2008-02-06 11:36:52,116.45304,39.91706
3478,2008-02-06 11:41:52,116.45221,39.91856
3478,2008-02-06 11:46:52,116.44824,39.9152
3478,2008-02-06 11:53:32,116.45715,39.93068
3478,2008-02-06 11:57:33,116.4541,39.9614
3478,2008-02-06 12:01:33,116.49792,40.00107
3478,2008-02-06 12:05:32,116.55652,40.03046
3478,2008-02-06 12:12:35,116.58674,40.07769
3478,2008-02-06 12:17:35,116.58092,40.07657
3478,2008-02-06 12:22:37,116.56676,40.064
3478,2008-02-06 12:27:36,116.54949,40.06437
3478,2008-02-06 12:32:35,116.52864,40.04337
3478,2008-02-06 12:37:35,116.50351,40.00793
3478,2008-02-06 12:42:36,116.48212,39.98798
3478,2008-02-06 12:47:35,116.47383,39.97128
3478,2008-02-06 12:52:35,116.4825,39.95459
3478,2008-02-06 12:57:35,116.47221,39.92978
3478,2008-02-06 13:02:35,116.47207,39.92228
3478,2008-02-06 13:09:54,116.45558,39.91218
3478,2008-02-06 13:12:36,116.46117,39.91524
3478,2008-02-06 13:17:36,116.4715,39.90449
3478,2008-02-06 13:17:36,116.4715,39.90449
3478,2008-02-06 13:22:36,116.47105,39.88231
3478,2008-02-06 13:27:37,116.4618,39.87744
3478,2008-02-06 13:33:51,116.45113,39.8747
3478,2008-02-06 13:41:51,116.43912,39.85183
3478,2008-02-06 13:41:51,116.43912,39.85183
3478,2008-02-06 13:49:52,116.44901,39.81621
3478,2008-02-06 13:53:51,116.44065,39.80416
3478,2008-02-06 13:57:39,116.42624,39.80141
3478,2008-02-06 14:02:39,116.44462,39.80498
3478,2008-02-06 14:07:39,116.44589,39.82445
3478,2008-02-06 14:12:39,116.4395,39.85103
3478,2008-02-06 14:17:38,116.46121,39.87502
3478,2008-02-06 14:22:38,116.46366,39.8758
3478,2008-02-06 14:27:38,116.46371,39.87588
3478,2008-02-06 14:32:39,116.46372,39.87591
3478,2008-02-06 14:37:39,116.46375,39.87594
3478,2008-02-06 14:42:37,116.46376,39.87596
3478,2008-02-06 14:47:37,116.46375,39.87575
3478,2008-02-06 14:52:38,116.46387,39.87582
3478,2008-02-06 14:52:38,116.46387,39.87582
3478,2008-02-06 14:57:37,116.46405,39.87587
3478,2008-02-06 15:02:37,116.4641,39.87644
3478,2008-02-06 15:07:37,116.46413,39.87693
3478,2008-02-06 15:12:37,116.46413,39.87693
3478,2008-02-06 15:17:37,116.46413,39.87693
3478,2008-02-06 15:22:38,116.46413,39.87693
3478,2008-02-06 15:27:38,116.464,39.87412
3478,2008-02-06 15:32:38,116.46378,39.87598
3478,2008-02-06 15:37:38,116.46378,39.87598
3478,2008-02-06 15:42:37,116.46392,39.87598
3478,2008-02-06 15:42:37,116.46392,39.87598
3478,2008-02-06 15:47:37,116.46404,39.87567
3478,2008-02-06 15:52:37,116.4641,39.87575
3478,2008-02-06 15:57:37,116.46407,39.87617
3478,2008-02-06 16:02:37,116.46404,39.87607
3478,2008-02-06 16:07:37,116.46365,39.87631
3478,2008-02-06 16:12:37,116.46384,39.87584
3478,2008-02-06 16:17:37,116.464,39.87561
3478,2008-02-06 16:22:37,116.46383,39.87602
3478,2008-02-06 16:27:37,116.46387,39.87588
3478,2008-02-06 16:32:37,116.46387,39.87595
3478,2008-02-06 16:37:37,116.46378,39.87575
3478,2008-02-06 16:42:37,116.46385,39.87567
3478,2008-02-06 16:47:37,116.46391,39.87564
3478,2008-02-06 16:52:37,116.46391,39.87564
3478,2008-02-06 16:57:37,116.46391,39.87564
3478,2008-02-06 17:02:37,116.46391,39.87564
3478,2008-02-06 17:07:37,116.46391,39.87564
3478,2008-02-06 17:07:55,116.46391,39.87564
3478,2008-02-06 17:12:37,116.46391,39.87564
3478,2008-02-06 17:17:37,116.46391,39.87564
3478,2008-02-06 17:22:37,116.46391,39.87564
3478,2008-02-06 17:32:37,116.4301,39.89274
3478,2008-02-06 17:37:37,116.41713,39.89617
3478,2008-02-06 17:42:18,116.40586,39.90366
3478,2008-02-06 17:43:42,116.40641,39.90776
3478,2008-02-06 17:46:18,116.40859,39.90683
3478,2008-02-06 17:50:19,116.38655,39.90637
3478,2008-02-06 17:57:55,116.36053,39.9151
3478,2008-02-06 17:57:55,116.36053,39.9151
3478,2008-02-06 18:02:26,116.36761,39.90904
3478,2008-02-06 18:10:26,116.39006,39.89866
3478,2008-02-06 18:14:25,116.40886,39.89585
3478,2008-02-06 18:16:37,116.41189,39.89557
3478,2008-02-06 18:18:33,116.4162,39.89576
3478,2008-02-06 18:22:33,116.42936,39.89785
3478,2008-02-06 18:23:03,116.4293,39.89788
3478,2008-02-06 18:28:02,116.41246,39.89572
3478,2008-02-06 18:28:31,116.41227,39.89467
3478,2008-02-06 18:32:32,116.41444,39.88303
3478,2008-02-06 18:36:31,116.41918,39.86978
3478,2008-02-06 18:40:31,116.42676,39.86002
3478,2008-02-06 18:41:42,116.4287,39.86085
3478,2008-02-06 18:44:42,116.43173,39.86444
3478,2008-02-06 18:48:42,116.42498,39.85727
3478,2008-02-06 18:52:41,116.39363,39.85466
3478,2008-02-06 18:56:42,116.3953,39.82709
3478,2008-02-06 19:00:41,116.39552,39.81501
3478,2008-02-06 19:04:42,116.40785,39.80383
3478,2008-02-06 19:08:41,116.41273,39.79597
3478,2008-02-06 19:16:42,116.41679,39.78421
3478,2008-02-06 19:20:41,116.43987,39.76827
3478,2008-02-06 19:24:41,116.44735,39.74703
3478,2008-02-06 19:27:31,116.45704,39.74058
3478,2008-02-06 19:32:31,116.44563,39.75219
3478,2008-02-06 19:37:32,116.44567,39.78497
3478,2008-02-06 19:40:11,116.44532,39.80135
3478,2008-02-06 19:44:11,116.42425,39.8024
3478,2008-02-06 19:48:10,116.40504,39.80376
3478,2008-02-06 19:52:11,116.39458,39.81217
3478,2008-02-06 19:53:55,116.3908,39.81277
3478,2008-02-06 19:56:45,116.39587,39.81179
3478,2008-02-06 20:00:45,116.4093,39.80393
3478,2008-02-06 20:04:44,116.40935,39.80404
3478,2008-02-06 20:05:09,116.40904,39.80408
3478,2008-02-06 20:10:09,116.39639,39.8122
3478,2008-02-06 20:10:48,116.39635,39.81369
3478,2008-02-06 20:14:48,116.39504,39.83471
3478,2008-02-06 20:18:48,116.39381,39.86109
3478,2008-02-06 20:22:48,116.40969,39.87048
3478,2008-02-06 20:26:48,116.43867,39.88721
3478,2008-02-06 20:30:48,116.43475,39.91188
3478,2008-02-06 20:32:20,116.43475,39.91664
3478,2008-02-06 20:37:20,116.45134,39.90687
3478,2008-02-06 20:42:21,116.45511,39.89246
3478,2008-02-06 20:42:21,116.45511,39.89246
3478,2008-02-06 20:45:02,116.45514,39.88383
3478,2008-02-06 20:47:21,116.45462,39.87096
3478,2008-02-06 20:52:21,116.46379,39.87637
3478,2008-02-06 20:57:20,116.4639,39.87646
3478,2008-02-06 21:02:20,116.4635,39.87622
3478,2008-02-06 21:12:20,116.46329,39.87641
3478,2008-02-06 21:17:20,116.46356,39.87644
3478,2008-02-06 21:22:20,116.46356,39.87646
3478,2008-02-06 21:27:19,116.46372,39.87656
3478,2008-02-06 21:32:19,116.46373,39.87655
3478,2008-02-06 21:37:20,116.46379,39.87654
3478,2008-02-06 21:42:20,116.46359,39.87637
3478,2008-02-06 21:47:20,116.46362,39.87639
3478,2008-02-06 21:52:20,116.46359,39.87637
3478,2008-02-06 21:57:20,116.46362,39.87638
3478,2008-02-06 22:02:20,116.46362,39.87638
3478,2008-02-06 22:07:21,116.46359,39.87637
3478,2008-02-06 22:12:20,116.46357,39.87636
3478,2008-02-06 22:17:21,116.46391,39.8765
3478,2008-02-06 22:22:20,116.46381,39.87645
3478,2008-02-06 22:27:20,116.46391,39.8765
3478,2008-02-06 22:32:19,116.46395,39.87649
3478,2008-02-06 22:37:19,116.46423,39.87677
3478,2008-02-06 22:42:19,116.46424,39.87679
3478,2008-02-06 22:47:20,116.46423,39.87679
3478,2008-02-06 22:52:19,116.46393,39.87658
3478,2008-02-06 22:57:19,116.46407,39.87667
3478,2008-02-06 23:02:19,116.46398,39.87667
3478,2008-02-06 23:07:19,116.46369,39.87647
3478,2008-02-06 23:07:19,116.46369,39.87647
3478,2008-02-06 23:10:14,116.4617,39.88016
3478,2008-02-06 23:14:14,116.47148,39.88829
3478,2008-02-06 23:18:14,116.47178,39.90498
3478,2008-02-06 23:22:14,116.47687,39.9216
3478,2008-02-06 23:24:36,116.47872,39.91945
3478,2008-02-06 23:29:35,116.46554,39.91502
3478,2008-02-06 23:34:36,116.45529,39.91583
3478,2008-02-06 23:34:46,116.45543,39.91532
3478,2008-02-06 23:38:47,116.4549,39.88384
3478,2008-02-06 23:42:47,116.46662,39.88054
3478,2008-02-06 23:43:45,116.467,39.87986
3478,2008-02-06 23:48:45,116.46404,39.87561
3478,2008-02-06 23:53:44,116.46413,39.87558
3478,2008-02-06 23:58:44,116.46414,39.87558
3478,2008-02-07 00:03:44,116.46391,39.87549
3478,2008-02-07 00:08:44,116.46393,39.87549
3478,2008-02-07 00:13:45,116.4616,39.87488
3478,2008-02-07 00:18:45,116.4571,39.8665
3478,2008-02-07 00:22:18,116.46155,39.87418
3478,2008-02-07 00:26:18,116.45073,39.8832
3478,2008-02-07 00:30:17,116.42589,39.88277
3478,2008-02-07 00:33:23,116.40958,39.88691
3478,2008-02-07 00:35:46,116.41442,39.88282
3478,2008-02-07 00:39:46,116.41501,39.86975
3478,2008-02-07 00:42:35,116.42981,39.86703
3478,2008-02-07 00:47:35,116.4517,39.87475
3478,2008-02-07 00:50:28,116.46152,39.87706
3478,2008-02-07 00:54:29,116.47313,39.86987
3478,2008-02-07 00:58:29,116.49646,39.85969
3478,2008-02-07 01:01:05,116.49635,39.85656
3478,2008-02-07 01:02:53,116.49672,39.85902
3478,2008-02-07 01:06:53,116.49383,39.87001
3478,2008-02-07 01:10:53,116.46634,39.87003
3478,2008-02-07 01:12:47,116.46772,39.86755
3478,2008-02-07 01:15:19,116.46918,39.87014
3478,2008-02-07 01:19:19,116.44866,39.87014
3478,2008-02-07 01:23:19,116.43811,39.89282
3478,2008-02-07 01:27:18,116.40754,39.89161
3478,2008-02-07 01:32:41,116.37858,39.89017
3478,2008-02-07 01:35:19,116.3886,39.8887
3478,2008-02-07 01:39:19,116.39187,39.88956
3478,2008-02-07 01:43:19,116.42093,39.89175
3478,2008-02-07 01:46:21,116.44841,39.89186
3478,2008-02-07 01:53:13,116.46156,39.88047
3478,2008-02-07 01:57:12,116.43969,39.88328
3478,2008-02-07 02:01:13,116.42872,39.91739
3478,2008-02-07 02:11:48,116.4039,39.93967
3478,2008-02-07 02:16:48,116.41688,39.93238
3478,2008-02-07 02:18:49,116.42758,39.93223
3478,2008-02-07 02:22:50,116.43805,39.92217
3478,2008-02-07 02:23:13,116.43804,39.92217
3478,2008-02-07 02:27:22,116.45145,39.91867
3478,2008-02-07 02:31:22,116.44412,39.90838
3478,2008-02-07 02:35:22,116.40932,39.90701
3478,2008-02-07 02:37:16,116.40826,39.90871
3478,2008-02-07 02:39:22,116.41214,39.90993
3478,2008-02-07 02:43:22,116.41139,39.92282
3478,2008-02-07 02:47:22,116.41186,39.93941
3478,2008-02-07 02:49:39,116.42419,39.93964
3478,2008-02-07 02:49:39,116.42419,39.93964
3478,2008-02-07 02:51:23,116.43246,39.9397
3478,2008-02-07 02:55:21,116.44047,39.94869
3478,2008-02-07 02:59:21,116.4381,39.95619
3478,2008-02-07 02:59:21,116.4381,39.95619
3478,2008-02-07 03:04:12,116.43467,39.94756
3478,2008-02-07 03:07:23,116.41814,39.94819
3478,2008-02-07 03:11:22,116.36912,39.94747
3478,2008-02-07 03:15:22,116.36817,39.93781
3478,2008-02-07 03:16:48,116.37012,39.93762
3478,2008-02-07 03:21:22,116.36987,39.93376
3478,2008-02-07 03:25:22,116.37385,39.94707
3478,2008-02-07 03:29:22,116.42199,39.94821
3478,2008-02-07 03:33:22,116.44567,39.95932
3478,2008-02-07 03:35:27,116.44263,39.96484
3478,2008-02-07 03:40:28,116.45291,39.95314
3478,2008-02-07 03:45:27,116.45527,39.92418
3478,2008-02-07 03:46:13,116.45543,39.92232
3478,2008-02-07 03:52:47,116.47872,39.93188
3478,2008-02-07 03:57:47,116.47191,39.92202
3478,2008-02-07 04:02:48,116.47159,39.90732
3478,2008-02-07 04:07:47,116.47176,39.88679
3478,2008-02-07 04:17:47,116.46473,39.87615
3478,2008-02-07 04:22:47,116.46454,39.8761
3478,2008-02-07 04:27:47,116.46441,39.87608
3478,2008-02-07 04:32:47,116.46441,39.87608
3478,2008-02-07 04:37:47,116.46492,39.87621
3478,2008-02-07 04:42:47,116.46493,39.87618
3478,2008-02-07 04:47:47,116.46524,39.87617
3478,2008-02-07 04:52:47,116.46486,39.87617
3478,2008-02-07 04:57:47,116.46477,39.87612
3478,2008-02-07 05:02:47,116.46454,39.87603
3478,2008-02-07 05:07:47,116.46453,39.87604
3478,2008-02-07 05:12:47,116.46453,39.87604
3478,2008-02-07 05:17:47,116.46456,39.87595
3478,2008-02-07 05:22:48,116.46418,39.87603
3478,2008-02-07 05:27:47,116.46456,39.87607
3478,2008-02-07 05:32:47,116.46458,39.87607
3478,2008-02-07 05:37:47,116.4646,39.87604
3478,2008-02-07 05:47:48,116.46447,39.87597
3478,2008-02-07 05:52:48,116.46457,39.87607
3478,2008-02-07 06:02:46,116.46438,39.876
3478,2008-02-07 06:07:46,116.46441,39.87598
3478,2008-02-07 06:07:46,116.46441,39.87598
3478,2008-02-07 06:12:46,116.46451,39.87608
3478,2008-02-07 06:17:46,116.46443,39.87595
3478,2008-02-07 06:22:46,116.4645,39.87586
3478,2008-02-07 06:27:46,116.4645,39.87588
3478,2008-02-07 06:32:46,116.46418,39.87584
3478,2008-02-07 06:37:47,116.46433,39.87591
3478,2008-02-07 06:42:46,116.46437,39.87594
3478,2008-02-07 06:47:47,116.46403,39.87593
3478,2008-02-07 06:52:46,116.46413,39.87593
3478,2008-02-07 06:57:48,116.4644,39.87602
3478,2008-02-07 07:02:47,116.46457,39.87613
3478,2008-02-07 07:07:48,116.46455,39.87615
3478,2008-02-07 07:12:48,116.46446,39.87605
3478,2008-02-07 07:17:47,116.4646,39.87593
3478,2008-02-07 07:22:46,116.4646,39.87599
3478,2008-02-07 07:27:47,116.46461,39.87604
3478,2008-02-07 07:32:46,116.46463,39.87607
3478,2008-02-07 07:37:46,116.46463,39.87609
3478,2008-02-07 07:42:46,116.4646,39.87607
3478,2008-02-07 07:52:47,116.46401,39.87589
3478,2008-02-07 07:57:47,116.46461,39.87622
3478,2008-02-07 08:02:47,116.46464,39.87579
3478,2008-02-07 08:07:47,116.46456,39.87619
3478,2008-02-07 08:12:46,116.46468,39.87585
3478,2008-02-07 08:17:47,116.46457,39.87587
3478,2008-02-07 08:22:47,116.46459,39.8759
3478,2008-02-07 08:27:47,116.46458,39.87593
3478,2008-02-07 08:32:46,116.46459,39.87594
3478,2008-02-07 08:32:46,116.46459,39.87594
3478,2008-02-07 08:37:47,116.46458,39.87594
3478,2008-02-07 08:42:46,116.46468,39.87606
3478,2008-02-07 08:47:46,116.46483,39.87609
3478,2008-02-07 08:52:47,116.46454,39.87606
3478,2008-02-07 08:57:47,116.46459,39.87601
3478,2008-02-07 09:02:46,116.46451,39.87595
3478,2008-02-07 09:07:46,116.46418,39.87604
3478,2008-02-07 09:12:46,116.46369,39.87542
3478,2008-02-07 09:17:46,116.46382,39.87554
3478,2008-02-07 09:27:46,116.46454,39.87589
3478,2008-02-07 09:32:46,116.4646,39.87599
3478,2008-02-07 09:37:46,116.46466,39.87591
3478,2008-02-07 09:42:45,116.46456,39.87595
3478,2008-02-07 09:46:29,116.46166,39.87528
3478,2008-02-07 09:50:29,116.47091,39.8698
3478,2008-02-07 09:54:29,116.48385,39.88748
3478,2008-02-07 09:58:29,116.48385,39.93408
3478,2008-02-07 10:02:28,116.46372,39.97107
3478,2008-02-07 10:06:28,116.48183,39.98731
3478,2008-02-07 10:10:28,116.51058,40.01463
3478,2008-02-07 10:13:49,116.50386,40.02252
3478,2008-02-07 10:18:49,116.46804,40.02338
3478,2008-02-07 10:23:50,116.46144,40.00505
3478,2008-02-07 10:28:49,116.45835,39.98391
3478,2008-02-07 10:28:49,116.45835,39.98391
3478,2008-02-07 10:33:50,116.46022,39.97919
3478,2008-02-07 10:38:50,116.46022,39.97916
3478,2008-02-07 10:43:49,116.46028,39.97914
3478,2008-02-07 10:48:50,116.46007,39.97916
3478,2008-02-07 10:53:49,116.46013,39.97909
3478,2008-02-07 10:58:49,116.46012,39.97909
3478,2008-02-07 11:03:50,116.46014,39.97903
3478,2008-02-07 11:13:42,116.42054,39.98798
3478,2008-02-07 11:17:42,116.38137,39.98672
3478,2008-02-07 11:21:42,116.37158,39.98637
3478,2008-02-07 11:27:07,116.37158,39.98637
3478,2008-02-07 11:31:07,116.37158,39.98637
3478,2008-02-07 11:35:07,116.44577,39.98143
3478,2008-02-07 11:39:07,116.4459,39.98147
3478,2008-02-07 11:41:50,116.46812,39.99727
3478,2008-02-07 11:45:05,116.46233,39.99321
3478,2008-02-07 11:49:05,116.46747,39.97428
3478,2008-02-07 11:53:05,116.46485,39.97046
3478,2008-02-07 11:57:05,116.46485,39.97046
3478,2008-02-07 12:01:05,116.46485,39.97046
3478,2008-02-07 12:04:30,116.58668,40.07778
3478,2008-02-07 12:09:30,116.58208,40.06494
3478,2008-02-07 12:14:31,116.55484,40.054
3478,2008-02-07 12:19:30,116.56379,40.03605
3478,2008-02-07 12:24:30,116.55169,40.02119
3478,2008-02-07 12:29:30,116.56374,39.9881
3478,2008-02-07 12:34:30,116.54144,39.96726
3478,2008-02-07 12:39:30,116.53694,39.9403
3478,2008-02-07 12:41:49,116.53132,39.94012
3478,2008-02-07 12:45:46,116.53721,39.93237
3478,2008-02-07 12:50:43,116.51871,39.92263
3478,2008-02-07 12:58:43,116.48295,39.91684
3478,2008-02-07 12:58:43,116.48295,39.91684
3478,2008-02-07 12:59:15,116.48297,39.91668
3478,2008-02-07 13:02:42,116.47147,39.91764
3478,2008-02-07 13:05:32,116.47221,39.9287
3478,2008-02-07 13:09:48,116.4719,39.91789
3478,2008-02-07 13:13:48,116.47228,39.93183
3478,2008-02-07 13:17:48,116.46552,39.94281
3478,2008-02-07 13:18:42,116.46463,39.94294
3478,2008-02-07 13:25:48,116.42704,39.96786
3478,2008-02-07 13:29:49,116.39597,39.9684
3478,2008-02-07 13:30:13,116.39595,39.96839
3478,2008-02-07 13:34:23,116.39377,39.96723
3478,2008-02-07 13:42:23,116.40155,39.97129
3478,2008-02-07 13:46:23,116.40155,39.97129
3478,2008-02-07 13:55:01,116.41056,40.00507
3478,2008-02-07 14:00:01,116.41166,39.97085
3478,2008-02-07 14:05:01,116.43981,39.96216
3478,2008-02-07 14:10:02,116.45542,39.91476
3478,2008-02-07 14:15:01,116.45449,39.88328
3478,2008-02-07 14:20:02,116.46393,39.87609
3478,2008-02-07 14:25:02,116.46383,39.87596
3478,2008-02-07 14:30:02,116.46386,39.87588
3478,2008-02-07 14:35:02,116.46344,39.87545
3478,2008-02-07 14:40:01,116.46342,39.87543
3478,2008-02-07 14:45:01,116.46303,39.87541
3478,2008-02-07 14:45:01,116.46303,39.87541
3478,2008-02-07 14:50:02,116.46395,39.87547
3478,2008-02-07 14:55:01,116.46388,39.87552
3478,2008-02-07 15:00:01,116.46394,39.87565
3478,2008-02-07 15:05:01,116.46398,39.87563
3478,2008-02-07 15:10:01,116.46398,39.87563
3478,2008-02-07 15:15:01,116.46398,39.87563
3478,2008-02-07 15:20:01,116.46398,39.87563
3478,2008-02-07 15:25:01,116.46398,39.87563
3478,2008-02-07 15:30:01,116.46398,39.87563
3478,2008-02-07 15:35:01,116.46398,39.87563
3478,2008-02-07 15:40:01,116.46398,39.87563
3478,2008-02-07 15:45:01,116.46398,39.87563
3478,2008-02-07 15:50:01,116.46398,39.87563
3478,2008-02-07 15:55:01,116.46398,39.87563
3478,2008-02-07 16:00:01,116.46398,39.87563
3478,2008-02-07 16:05:01,116.46398,39.87563
3478,2008-02-07 16:10:00,116.46398,39.87563
3478,2008-02-07 16:15:00,116.46397,39.87512
3478,2008-02-07 16:20:01,116.46409,39.87507
3478,2008-02-07 16:25:01,116.46413,39.87527
3478,2008-02-07 16:30:01,116.46401,39.87501
3478,2008-02-07 16:35:01,116.46401,39.87501
3478,2008-02-07 16:40:00,116.46401,39.87501
3478,2008-02-07 16:45:00,116.46401,39.87501
3478,2008-02-07 16:55:00,116.46401,39.87501
3478,2008-02-07 17:00:00,116.46401,39.87501
3478,2008-02-07 17:05:00,116.46401,39.87501
3478,2008-02-07 17:08:06,116.46207,39.86719
3478,2008-02-07 17:10:00,116.46156,39.87227
3478,2008-02-07 17:10:00,116.46156,39.87227
3478,2008-02-07 17:10:24,116.46157,39.8737
3478,2008-02-07 17:14:24,116.47138,39.88693
3478,2008-02-07 17:18:25,116.47189,39.9069
3478,2008-02-07 17:22:24,116.47188,39.914
3478,2008-02-07 17:26:24,116.48891,39.92155
3478,2008-02-07 17:28:41,116.49946,39.92088
3478,2008-02-07 17:33:42,116.47259,39.92174
3478,2008-02-07 17:38:42,116.46368,39.91541
3478,2008-02-07 17:43:42,116.45263,39.91674
3478,2008-02-07 17:43:42,116.45263,39.91674
3478,2008-02-07 17:48:41,116.45219,39.91644
3478,2008-02-07 17:48:41,116.45219,39.91644
3478,2008-02-07 17:53:41,116.45204,39.91625
3478,2008-02-07 17:58:42,116.45103,39.91611
3478,2008-02-07 18:02:43,116.45085,39.91506
3478,2008-02-07 18:06:43,116.44438,39.92408
3478,2008-02-07 18:10:13,116.45578,39.93836
3478,2008-02-07 18:15:13,116.4493,39.92728
3478,2008-02-07 18:20:13,116.45528,39.89747
3478,2008-02-07 18:25:12,116.4615,39.88168
3478,2008-02-07 18:26:18,116.46182,39.87752
3478,2008-02-07 18:30:18,116.44413,39.8766
3478,2008-02-07 18:33:16,116.44198,39.88134
3478,2008-02-07 18:38:16,116.46087,39.87499
3478,2008-02-07 18:43:16,116.46442,39.87802
3478,2008-02-07 18:48:16,116.46375,39.87728
3478,2008-02-07 18:53:16,116.46375,39.87728
3478,2008-02-07 18:58:16,116.46375,39.87728
3478,2008-02-07 19:03:16,116.46375,39.87728
3478,2008-02-07 19:08:16,116.46375,39.87728
3478,2008-02-07 19:13:16,116.46375,39.87728
3478,2008-02-07 19:18:16,116.46375,39.87728
3478,2008-02-07 19:23:15,116.46375,39.87728
3478,2008-02-07 19:28:15,116.46375,39.87728
3478,2008-02-07 19:33:15,116.46375,39.87728
3478,2008-02-07 19:38:16,116.46375,39.87728
3478,2008-02-07 19:43:16,116.46469,39.87572
3478,2008-02-07 19:48:16,116.46473,39.87572
3478,2008-02-07 19:53:15,116.46405,39.87579
3478,2008-02-07 19:58:16,116.46385,39.87578
3478,2008-02-07 20:03:17,116.46355,39.87602
3478,2008-02-07 20:08:16,116.46349,39.87604
3478,2008-02-07 20:13:16,116.46349,39.87604
3478,2008-02-07 20:18:16,116.46293,39.87606
3478,2008-02-07 20:23:16,116.46311,39.876
3478,2008-02-07 20:23:16,116.46311,39.876
3478,2008-02-07 20:28:16,116.46368,39.87584
3478,2008-02-07 20:33:15,116.46364,39.87584
3478,2008-02-07 20:38:15,116.46364,39.87584
3478,2008-02-07 20:43:15,116.46364,39.87584
3478,2008-02-07 20:48:15,116.46364,39.87584
3478,2008-02-07 20:53:15,116.46364,39.87584
3478,2008-02-07 20:58:15,116.46364,39.87584
3478,2008-02-07 21:03:15,116.46364,39.87584
3478,2008-02-07 21:08:15,116.4534,39.87484
3478,2008-02-07 21:09:40,116.4504,39.87241
3478,2008-02-07 21:13:41,116.45558,39.89716
3478,2008-02-07 21:17:29,116.45465,39.9074
3478,2008-02-07 21:22:29,116.455,39.91132
3478,2008-02-07 21:27:29,116.45498,39.89281
3478,2008-02-07 21:30:04,116.45493,39.88514
3478,2008-02-07 21:36:53,116.44699,39.87482
3478,2008-02-07 21:40:54,116.44432,39.85872
3478,2008-02-07 21:44:53,116.40652,39.85564
3478,2008-02-07 21:47:47,116.37548,39.85649
3478,2008-02-07 21:51:28,116.3776,39.85856
3478,2008-02-07 21:55:29,116.38296,39.87051
3478,2008-02-07 21:59:28,116.35642,39.87134
3478,2008-02-07 22:00:47,116.3559,39.87107
3478,2008-02-07 22:03:29,116.35816,39.8691
3478,2008-02-07 22:07:30,116.33136,39.86691
3478,2008-02-07 22:11:28,116.33025,39.88063
3478,2008-02-07 22:12:09,116.33046,39.88116
3478,2008-02-07 22:15:29,116.34028,39.88828
3478,2008-02-07 22:19:29,116.3623,39.86827
3478,2008-02-07 22:23:29,116.38062,39.86198
3478,2008-02-07 22:23:42,116.38064,39.86186
3478,2008-02-07 22:33:41,116.42958,39.8692
3478,2008-02-07 22:33:41,116.42958,39.8692
3478,2008-02-07 22:37:41,116.43808,39.89382
3478,2008-02-07 22:41:14,116.45423,39.90343
3478,2008-02-07 22:46:13,116.45457,39.87747
3478,2008-02-07 22:51:13,116.4609,39.8748
3478,2008-02-07 22:52:08,116.46154,39.87323
3478,2008-02-07 22:56:08,116.47344,39.86983
3478,2008-02-07 22:56:18,116.47344,39.86983
3478,2008-02-07 23:01:18,116.47119,39.86782
3478,2008-02-07 23:04:42,116.46344,39.87004
3478,2008-02-07 23:08:43,116.45545,39.90046
3478,2008-02-07 23:12:44,116.4556,39.94395
3478,2008-02-07 23:15:46,116.44318,39.9549
3478,2008-02-07 23:20:45,116.45281,39.95329
3478,2008-02-07 23:25:46,116.45541,39.93897
3478,2008-02-07 23:30:46,116.45494,39.91929
3478,2008-02-07 23:35:46,116.45501,39.9027
3478,2008-02-07 23:36:20,116.45541,39.90149
3478,2008-02-07 23:40:46,116.47087,39.89928
3478,2008-02-07 23:43:58,116.47114,39.88799
3478,2008-02-07 23:47:58,116.47203,39.88219
3478,2008-02-07 23:51:55,116.4992,39.86801
3478,2008-02-07 23:53:12,116.49991,39.86868
3478,2008-02-07 23:57:13,116.47182,39.87023
3478,2008-02-08 00:01:12,116.4617,39.87681
3478,2008-02-08 00:06:30,116.46386,39.87548
3478,2008-02-08 00:11:30,116.46385,39.8755
3478,2008-02-08 00:16:30,116.46385,39.8755
3478,2008-02-08 00:21:30,116.4638,39.87548
3478,2008-02-08 00:26:30,116.46383,39.87554
3478,2008-02-08 00:31:30,116.46376,39.87558
3478,2008-02-08 00:36:31,116.4637,39.87565
3478,2008-02-08 00:41:32,116.46374,39.87563
3478,2008-02-08 00:46:32,116.46391,39.87535
3478,2008-02-08 00:51:31,116.46391,39.87546
3478,2008-02-08 00:56:31,116.46391,39.87543
3478,2008-02-08 01:01:31,116.4629,39.87589
3478,2008-02-08 01:06:31,116.46391,39.87555
3478,2008-02-08 01:11:31,116.46387,39.87556
3478,2008-02-08 01:16:30,116.46388,39.87555
3478,2008-02-08 01:21:30,116.46388,39.87555
3478,2008-02-08 01:26:31,116.46374,39.87592
3478,2008-02-08 01:31:31,116.46385,39.87526
3478,2008-02-08 01:36:31,116.4639,39.87607
3478,2008-02-08 01:41:30,116.46378,39.87576
3478,2008-02-08 01:46:31,116.46388,39.87548
3478,2008-02-08 01:51:31,116.46388,39.8755
3478,2008-02-08 01:56:31,116.46352,39.87583
3478,2008-02-08 02:01:31,116.46358,39.87578
3478,2008-02-08 02:21:30,116.46389,39.87649
3478,2008-02-08 02:46:30,116.46446,39.87624
3478,2008-02-08 02:51:31,116.46455,39.87619
3478,2008-02-08 02:56:30,116.46391,39.87571
3478,2008-02-08 03:01:31,116.46385,39.8757
3478,2008-02-08 03:06:30,116.46487,39.87586
3478,2008-02-08 03:11:30,116.4655,39.8753
3478,2008-02-08 03:16:30,116.46476,39.87569
3478,2008-02-08 03:21:30,116.46374,39.87611
3478,2008-02-08 03:26:29,116.46397,39.87563
3478,2008-02-08 03:31:29,116.46392,39.87558
3478,2008-02-08 03:36:29,116.46394,39.87557
3478,2008-02-08 03:41:30,116.46388,39.87556
3478,2008-02-08 03:46:30,116.46387,39.87556
3478,2008-02-08 03:51:31,116.46382,39.87557
3478,2008-02-08 03:56:31,116.46389,39.8754
3478,2008-02-08 04:01:30,116.46392,39.87547
3478,2008-02-08 04:06:31,116.46382,39.87559
3478,2008-02-08 04:11:30,116.4638,39.87554
3478,2008-02-08 04:16:30,116.46384,39.87553
3478,2008-02-08 04:21:30,116.46385,39.87554
3478,2008-02-08 04:31:29,116.46376,39.8755
3478,2008-02-08 04:31:29,116.46376,39.8755
3478,2008-02-08 04:41:29,116.46406,39.87509
3478,2008-02-08 04:46:29,116.46406,39.87509
3478,2008-02-08 04:51:29,116.46406,39.87509
3478,2008-02-08 04:56:29,116.46406,39.87509
3478,2008-02-08 05:01:29,116.46406,39.87509
3478,2008-02-08 05:06:30,116.46406,39.87509
3478,2008-02-08 05:11:30,116.46406,39.87509
3478,2008-02-08 05:16:30,116.46406,39.87509
3478,2008-02-08 05:21:29,116.46394,39.87566
3478,2008-02-08 05:26:31,116.46389,39.87565
3478,2008-02-08 05:31:31,116.46388,39.87565
3478,2008-02-08 05:36:31,116.46387,39.8757
3478,2008-02-08 05:41:30,116.46391,39.87565
3478,2008-02-08 05:46:29,116.46391,39.87564
3478,2008-02-08 05:51:29,116.46391,39.87564
3478,2008-02-08 05:56:29,116.46391,39.87564
3478,2008-02-08 06:01:29,116.46383,39.87557
3478,2008-02-08 06:06:29,116.46386,39.87583
3478,2008-02-08 06:11:29,116.4639,39.87573
3478,2008-02-08 06:16:29,116.46381,39.87573
3478,2008-02-08 06:21:29,116.46385,39.87568
3478,2008-02-08 06:26:29,116.46385,39.87573
3478,2008-02-08 06:31:29,116.46386,39.87571
3478,2008-02-08 06:36:29,116.46385,39.87571
3478,2008-02-08 06:41:30,116.46385,39.87569
3478,2008-02-08 06:46:29,116.46386,39.87563
3478,2008-02-08 06:51:29,116.46394,39.87557
3478,2008-02-08 06:56:29,116.46395,39.87558
3478,2008-02-08 06:56:29,116.46395,39.87558
3478,2008-02-08 07:01:30,116.46389,39.87566
3478,2008-02-08 07:06:29,116.46374,39.87546
3478,2008-02-08 07:11:29,116.46382,39.87552
3478,2008-02-08 07:16:29,116.46394,39.87553
3478,2008-02-08 07:21:30,116.46393,39.87561
3478,2008-02-08 07:26:28,116.46397,39.87557
3478,2008-02-08 07:31:28,116.46371,39.87599
3478,2008-02-08 07:36:28,116.46372,39.87585
3478,2008-02-08 07:41:28,116.46372,39.87585
3478,2008-02-08 07:46:29,116.46395,39.87496
3478,2008-02-08 07:51:30,116.46395,39.87502
3478,2008-02-08 07:56:29,116.4639,39.87565
3478,2008-02-08 08:01:29,116.46377,39.87573
3478,2008-02-08 08:06:28,116.46389,39.8755
3478,2008-02-08 08:11:29,116.46394,39.87542
3478,2008-02-08 08:16:28,116.46406,39.87524
3478,2008-02-08 08:21:28,116.46379,39.87557
3478,2008-02-08 08:26:29,116.46388,39.87547
3478,2008-02-08 08:31:29,116.4639,39.8754
3478,2008-02-08 08:36:28,116.46391,39.87548
3478,2008-02-08 08:41:28,116.46397,39.87567
3478,2008-02-08 08:46:29,116.46381,39.87562
3478,2008-02-08 08:51:28,116.46385,39.87567
3478,2008-02-08 08:56:28,116.46384,39.8756
3478,2008-02-08 09:01:28,116.46384,39.8756
3478,2008-02-08 09:06:29,116.46384,39.8756
3478,2008-02-08 09:11:29,116.46384,39.8756
3478,2008-02-08 09:13:13,116.46384,39.8756
3478,2008-02-08 09:17:13,116.45533,39.86993
3478,2008-02-08 09:20:45,116.42715,39.85709
3478,2008-02-08 09:21:37,116.42715,39.85709
3478,2008-02-08 09:25:37,116.43535,39.86765
3478,2008-02-08 09:26:05,116.43346,39.86778
3478,2008-02-08 09:31:05,116.43828,39.87033
3478,2008-02-08 09:31:05,116.43828,39.87033
3478,2008-02-08 09:36:05,116.43828,39.87033
3478,2008-02-08 09:38:29,116.43828,39.87033
3478,2008-02-08 09:42:29,116.43828,39.87033
3478,2008-02-08 09:43:38,116.43828,39.87033
3478,2008-02-08 09:48:38,116.44956,39.87197
3478,2008-02-08 09:51:16,116.45062,39.87278
3478,2008-02-08 09:55:17,116.47577,39.8683
3478,2008-02-08 09:55:17,116.47577,39.8683
3478,2008-02-08 09:56:04,116.47565,39.86706
3478,2008-02-08 09:59:16,116.48292,39.86949
3478,2008-02-08 10:03:16,116.48385,39.89081
3478,2008-02-08 10:07:16,116.48466,39.90846
3478,2008-02-08 10:11:16,116.49276,39.91515
3478,2008-02-08 10:15:17,116.49438,39.91791
3478,2008-02-08 10:19:16,116.49533,39.91821
3478,2008-02-08 10:23:16,116.49408,39.91638
3478,2008-02-08 10:27:16,116.46337,39.92181
3478,2008-02-08 10:31:16,116.45456,39.92947
3478,2008-02-08 10:35:01,116.45456,39.92947
3478,2008-02-08 10:40:02,116.45192,39.91881
3478,2008-02-08 10:46:06,116.45105,39.91537
3478,2008-02-08 10:50:01,116.45136,39.91446
3478,2008-02-08 10:55:01,116.4508,39.91527
3478,2008-02-08 11:00:01,116.45217,39.91704
3478,2008-02-08 11:05:01,116.45191,39.916
3478,2008-02-08 11:10:01,116.45167,39.91612
3478,2008-02-08 11:15:01,116.45238,39.91586
3478,2008-02-08 11:20:01,116.45229,39.91625
3478,2008-02-08 11:25:01,116.45229,39.91625
3478,2008-02-08 11:26:30,116.45175,39.91554
3478,2008-02-08 11:30:30,116.43517,39.90723
3478,2008-02-08 11:34:30,116.42032,39.91394
3478,2008-02-08 11:38:30,116.41317,39.91443
3478,2008-02-08 11:42:30,116.41072,39.93852
3478,2008-02-08 11:46:31,116.4102,39.94939
3478,2008-02-08 11:47:56,116.41274,39.95198
3478,2008-02-08 11:52:56,116.41945,39.94386
3478,2008-02-08 11:56:38,116.4196,39.93397
3478,2008-02-08 12:00:38,116.41117,39.9236
3478,2008-02-08 12:04:37,116.41163,39.90872
3478,2008-02-08 12:08:37,116.41229,39.90038
3478,2008-02-08 12:12:36,116.41449,39.88316
3478,2008-02-08 12:16:37,116.41567,39.85666
3478,2008-02-08 12:20:37,116.40809,39.84939
3478,2008-02-08 12:23:43,116.41221,39.84666
3478,2008-02-08 12:27:25,116.40828,39.84858
3478,2008-02-08 12:31:25,116.41296,39.85532
3478,2008-02-08 12:35:25,116.41603,39.86382
3478,2008-02-08 12:36:33,116.41902,39.86422
3478,2008-02-08 12:41:33,116.43404,39.86457
3478,2008-02-08 12:46:33,116.43437,39.86448
3478,2008-02-08 12:51:33,116.44432,39.87015
3478,2008-02-08 12:58:01,116.46181,39.88161
3478,2008-02-08 13:01:32,116.45958,39.88284
3478,2008-02-08 13:05:32,116.45553,39.89186
3478,2008-02-08 13:09:32,116.43005,39.8963
3478,2008-02-08 13:10:09,116.42987,39.89784
3478,2008-02-08 13:13:32,116.42444,39.89514
3478,2008-02-08 13:17:33,116.4133,39.89185
3478,2008-02-08 13:21:33,116.41356,39.88501
3478,2008-02-08 13:25:32,116.41523,39.86846
3478,2008-02-08 13:29:32,116.39358,39.85587
3478,2008-02-08 13:33:33,116.35865,39.84951
3478,2008-02-08 13:36:00,116.35368,39.84473
3478,2008-02-08 13:41:00,116.36493,39.84584
3478,2008-02-08 13:46:00,116.37233,39.85552
3478,2008-02-08 13:51:01,116.42535,39.85724
3478,2008-02-08 13:56:00,116.45928,39.875
3478,2008-02-08 14:01:00,116.46389,39.87614
3478,2008-02-08 14:06:00,116.46385,39.87607
3478,2008-02-08 14:11:01,116.46371,39.87587
3478,2008-02-08 14:16:01,116.46383,39.87601
3478,2008-02-08 14:21:01,116.46385,39.87606
3478,2008-02-08 14:21:01,116.46385,39.87606
3478,2008-02-08 14:26:02,116.46381,39.876
3478,2008-02-08 14:31:01,116.46379,39.87597
3478,2008-02-08 14:36:02,116.46378,39.87593
3478,2008-02-08 14:41:01,116.46381,39.87568
3478,2008-02-08 14:46:01,116.46391,39.87573
3478,2008-02-08 14:51:00,116.46396,39.87563
3478,2008-02-08 14:56:00,116.46411,39.87634
3478,2008-02-08 15:01:00,116.46411,39.87637
3478,2008-02-08 15:06:00,116.46411,39.87637
3478,2008-02-08 15:11:00,116.46411,39.87637
3478,2008-02-08 15:16:00,116.46411,39.87637
3478,2008-02-08 15:21:00,116.46411,39.87637
3478,2008-02-08 15:26:00,116.4637,39.87636
3478,2008-02-08 15:31:01,116.46405,39.87576
3478,2008-02-08 15:36:01,116.46405,39.87576
3478,2008-02-08 15:41:01,116.4641,39.87553
3478,2008-02-08 15:46:01,116.46385,39.87583
3478,2008-02-08 15:51:01,116.46373,39.87624
3478,2008-02-08 15:56:00,116.46378,39.87618
3478,2008-02-08 16:01:00,116.4638,39.87614
3478,2008-02-08 16:06:00,116.46387,39.87559
3478,2008-02-08 16:11:00,116.46396,39.87551
3478,2008-02-08 16:16:00,116.46396,39.87551
3478,2008-02-08 16:21:00,116.46396,39.87551
3478,2008-02-08 16:26:00,116.46396,39.87551
3478,2008-02-08 16:31:00,116.46396,39.87551
3478,2008-02-08 16:36:00,116.46396,39.87551
3478,2008-02-08 16:41:00,116.46396,39.87551
3478,2008-02-08 16:46:00,116.46396,39.87551
3478,2008-02-08 16:46:00,116.46396,39.87551
3478,2008-02-08 16:51:00,116.46396,39.87551
3478,2008-02-08 16:56:00,116.46396,39.87551
3478,2008-02-08 17:01:00,116.46396,39.87551
3478,2008-02-08 17:06:00,116.46396,39.87551
3478,2008-02-08 17:08:26,116.46396,39.87551
3478,2008-02-08 17:11:00,116.46396,39.87551
3478,2008-02-08 17:16:00,116.46396,39.87551
3478,2008-02-08 17:21:00,116.46409,39.87617
3478,2008-02-08 17:26:00,116.46381,39.87591
3478,2008-02-08 17:31:00,116.46419,39.87659
3478,2008-02-08 17:35:59,116.46387,39.87643
