taxi_id,time,lon,lat
4844,2008-02-02 13:35:40,116.4202,39.91862
4844,2008-02-02 13:40:40,116.42008,39.91864
4844,2008-02-02 13:45:40,116.42011,39.91859
4844,2008-02-02 13:50:40,116.42012,39.91861
4844,2008-02-02 13:55:40,116.42022,39.91884
4844,2008-02-02 14:00:40,116.42682,39.91453
4844,2008-02-02 14:05:40,116.42667,39.91443
4844,2008-02-02 14:15:40,116.42676,39.91452
4844,2008-02-02 14:20:40,116.42678,39.91452
4844,2008-02-02 14:25:40,116.42683,39.91458
4844,2008-02-02 14:30:40,116.42679,39.91455
4844,2008-02-02 14:35:40,116.42677,39.91456
4844,2008-02-02 14:40:40,116.42684,39.91457
4844,2008-02-02 14:45:40,116.42688,39.91458
4844,2008-02-02 14:50:40,116.42685,39.91454
4844,2008-02-02 14:55:40,116.42687,39.91464
4844,2008-02-02 15:00:40,116.42679,39.91454
4844,2008-02-02 15:05:40,116.42686,39.91457
4844,2008-02-02 15:10:40,116.42694,39.91458
4844,2008-02-02 15:15:39,116.42692,39.91459
4844,2008-02-02 15:20:39,116.4269,39.9146
4844,2008-02-02 15:25:39,116.4269,39.91457
4844,2008-02-02 15:30:39,116.42677,39.91452
4844,2008-02-02 15:35:39,116.42689,39.91459
4844,2008-02-02 15:40:39,116.42681,39.9145
4844,2008-02-02 15:45:39,116.42688,39.91458
4844,2008-02-02 15:50:39,116.42679,39.91451
4844,2008-02-02 15:50:39,116.42679,39.91451
4844,2008-02-02 16:00:39,116.42681,39.91449
4844,2008-02-02 16:00:39,116.42681,39.91449
4844,2008-02-02 16:01:12,116.4268,39.91448
4844,2008-02-02 16:05:39,116.42679,39.9146
4844,2008-02-02 16:10:39,116.42676,39.91467
4844,2008-02-02 16:15:39,116.42669,39.91465
4844,2008-02-02 16:20:39,116.42682,39.91459
4844,2008-02-02 16:25:39,116.42686,39.91451
4844,2008-02-02 16:35:39,116.4267,39.9147
4844,2008-02-02 16:40:39,116.42687,39.91461
4844,2008-02-02 16:45:39,116.42689,39.91461
4844,2008-02-02 16:50:39,116.42678,39.91464
4844,2008-02-02 16:55:39,116.42678,39.9146
4844,2008-02-02 17:00:39,116.4268,39.91453
4844,2008-02-02 17:05:39,116.42674,39.91449
4844,2008-02-02 17:10:39,116.42678,39.91455
4844,2008-02-02 17:15:39,116.42681,39.91453
4844,2008-02-02 17:25:39,116.42683,39.91461
4844,2008-02-02 17:30:39,116.42681,39.91454
4844,2008-02-02 17:30:39,116.42681,39.91454
4844,2008-02-02 17:35:39,116.42682,39.91456
4844,2008-02-02 17:40:39,116.42678,39.91452
4844,2008-02-02 17:45:39,116.42678,39.9145
4844,2008-02-02 17:55:39,116.42681,39.91452
4844,2008-02-02 18:05:39,116.42684,39.91454
4844,2008-02-02 18:15:39,116.42684,39.91452
4844,2008-02-02 18:20:39,116.42686,39.91452
4844,2008-02-02 18:25:39,116.42684,39.91455
4844,2008-02-02 18:35:39,116.4268,39.91453
4844,2008-02-02 18:40:39,116.42681,39.91452
4844,2008-02-02 18:45:39,116.4268,39.91451
4844,2008-02-02 18:50:42,116.4268,39.91453
4844,2008-02-02 18:55:39,116.42681,39.91456
4844,2008-02-02 19:00:39,116.41209,39.91422
4844,2008-02-02 19:05:39,116.40778,39.91435
4844,2008-02-02 19:10:39,116.40466,39.92219
4844,2008-02-02 19:15:39,116.4179,39.92283
4844,2008-02-02 19:20:39,116.42897,39.92302
4844,2008-02-02 19:25:39,116.42785,39.93439
4844,2008-02-02 19:30:38,116.44712,39.95533
4844,2008-02-02 19:35:38,116.46091,39.9717
4844,2008-02-02 19:40:38,116.45049,39.98168
4844,2008-02-02 19:50:38,116.46621,39.97515
4844,2008-02-02 19:55:38,116.4491,39.95872
4844,2008-02-02 20:00:38,116.4508,39.95411
4844,2008-02-02 20:05:38,116.44767,39.94753
4844,2008-02-02 20:10:38,116.43981,39.94325
4844,2008-02-02 20:15:38,116.43011,39.93976
4844,2008-02-02 20:20:38,116.41995,39.93507
4844,2008-02-02 20:30:38,116.4105,39.94177
4844,2008-02-02 20:35:38,116.42057,39.94821
4844,2008-02-02 20:40:38,116.46345,39.96995
4844,2008-02-02 20:45:38,116.45411,39.97635
4844,2008-02-02 20:50:38,116.46483,39.97609
4844,2008-02-02 20:50:38,116.46483,39.97609
4844,2008-02-02 20:55:38,116.44632,39.95795
4844,2008-02-02 21:05:38,116.39577,39.97362
4844,2008-02-02 21:10:38,116.40161,39.9588
4844,2008-02-02 21:15:38,116.42258,39.94826
4844,2008-02-02 21:20:38,116.45549,39.94911
4844,2008-02-02 21:25:38,116.4668,39.94155
4844,2008-02-02 21:30:38,116.45694,39.9325
4844,2008-02-02 21:40:38,116.44383,39.96453
4844,2008-02-02 21:45:38,116.45133,39.95439
4844,2008-02-02 21:50:38,116.45575,39.93851
4844,2008-02-02 21:55:38,116.44471,39.93243
4844,2008-02-02 22:00:38,116.42785,39.92729
4844,2008-02-02 22:05:38,116.42676,39.91451
4844,2008-02-02 22:10:38,116.42669,39.91454
4844,2008-02-02 22:15:38,116.42677,39.9145
4844,2008-02-02 22:20:38,116.42667,39.91444
4844,2008-02-02 22:25:38,116.42686,39.91446
4844,2008-02-02 22:30:38,116.42694,39.91458
4844,2008-02-02 22:35:38,116.42036,39.91512
4844,2008-02-02 22:40:38,116.43289,39.92279
4844,2008-02-02 22:45:38,116.43728,39.92244
4844,2008-02-02 22:50:38,116.43447,39.92462
4844,2008-02-02 22:55:38,116.41194,39.92304
4844,2008-02-02 23:00:38,116.37999,39.92116
4844,2008-02-02 23:05:38,116.35934,39.92256
4844,2008-02-02 23:10:38,116.32913,39.92178
4844,2008-02-02 23:15:38,116.30519,39.92295
4844,2008-02-02 23:15:38,116.30519,39.92295
4844,2008-02-02 23:20:36,116.30385,39.91921
4844,2008-02-02 23:25:38,116.30412,39.89387
4844,2008-02-02 23:30:38,116.29437,39.89001
4844,2008-02-02 23:35:38,116.30589,39.89566
4844,2008-02-02 23:40:37,116.31761,39.90604
4844,2008-02-02 23:45:37,116.3462,39.90579
4844,2008-02-02 23:50:37,116.35572,39.90579
4844,2008-02-02 23:55:37,116.37405,39.9058
4844,2008-02-03 00:00:37,116.37799,39.89829
4844,2008-02-03 00:05:37,116.37847,39.8891
4844,2008-02-03 00:17:52,116.38051,39.85565
4844,2008-02-03 00:22:52,116.3738,39.84446
4844,2008-02-03 00:32:52,116.38068,39.84852
4844,2008-02-03 00:37:52,116.38142,39.87422
4844,2008-02-03 00:37:52,116.38142,39.87422
4844,2008-02-03 00:42:52,116.3836,39.88828
4844,2008-02-03 00:47:52,116.4122,39.89161
4844,2008-02-03 00:52:52,116.41901,39.90341
4844,2008-02-03 00:57:52,116.42055,39.91392
4844,2008-02-03 01:02:52,116.42855,39.91261
4844,2008-02-03 01:07:52,116.39273,39.90636
4844,2008-02-03 01:17:52,116.34207,39.89354
4844,2008-02-03 01:22:52,116.34276,39.89599
4844,2008-02-03 01:27:52,116.33855,39.9087
4844,2008-02-03 01:32:52,116.34162,39.917
4844,2008-02-03 01:37:52,116.36077,39.91719
4844,2008-02-03 01:42:51,116.38474,39.92098
4844,2008-02-03 01:52:51,116.42681,39.91438
4844,2008-02-03 01:57:51,116.42681,39.91449
4844,2008-02-03 02:02:51,116.42683,39.91456
4844,2008-02-03 02:17:51,116.42688,39.9145
4844,2008-02-03 02:22:51,116.42688,39.91454
4844,2008-02-03 02:32:51,116.42681,39.91453
4844,2008-02-03 02:37:51,116.42678,39.91448
4844,2008-02-03 03:47:51,116.42691,39.9145
4844,2008-02-03 03:52:51,116.4269,39.91454
4844,2008-02-03 03:57:51,116.4269,39.91454
4844,2008-02-03 04:02:51,116.42686,39.9145
4844,2008-02-03 04:12:51,116.42682,39.91452
4844,2008-02-03 04:17:51,116.42687,39.91452
4844,2008-02-03 04:22:51,116.42689,39.91454
4844,2008-02-03 04:27:51,116.42692,39.91455
4844,2008-02-03 04:32:51,116.42692,39.91451
4844,2008-02-03 04:37:51,116.4269,39.91448
4844,2008-02-03 04:47:51,116.42688,39.91452
4844,2008-02-03 04:52:51,116.4269,39.91449
4844,2008-02-03 04:57:51,116.42686,39.91447
4844,2008-02-03 05:02:51,116.4268,39.91449
4844,2008-02-03 05:07:51,116.42684,39.91447
4844,2008-02-03 05:12:51,116.42681,39.91447
4844,2008-02-03 05:17:51,116.42685,39.91448
4844,2008-02-03 05:27:51,116.42682,39.91448
4844,2008-02-03 05:27:51,116.42682,39.91448
4844,2008-02-03 05:32:51,116.42686,39.91448
4844,2008-02-03 05:37:51,116.42677,39.91448
4844,2008-02-03 05:42:51,116.42675,39.91447
4844,2008-02-03 05:47:51,116.42681,39.91447
4844,2008-02-03 05:52:50,116.42684,39.9145
4844,2008-02-03 05:57:50,116.4268,39.91446
4844,2008-02-03 06:02:50,116.4268,39.91447
4844,2008-02-03 06:07:50,116.42684,39.91445
4844,2008-02-03 06:12:50,116.42683,39.91447
4844,2008-02-03 06:17:50,116.42685,39.9145
4844,2008-02-03 06:22:50,116.4268,39.91446
4844,2008-02-03 06:27:50,116.42698,39.91453
4844,2008-02-03 06:32:50,116.42688,39.9145
4844,2008-02-03 06:37:50,116.42686,39.91451
4844,2008-02-03 06:42:50,116.42685,39.91451
4844,2008-02-03 06:47:50,116.42684,39.9145
4844,2008-02-03 06:52:50,116.42683,39.91453
4844,2008-02-03 06:57:50,116.42681,39.91449
4844,2008-02-03 07:02:50,116.42689,39.9145
4844,2008-02-03 07:07:50,116.4269,39.91448
4844,2008-02-03 07:12:50,116.42685,39.91449
4844,2008-02-03 07:17:50,116.42686,39.91449
4844,2008-02-03 07:22:50,116.42676,39.91446
4844,2008-02-03 07:27:50,116.42685,39.91447
4844,2008-02-03 07:32:50,116.42682,39.91447
4844,2008-02-03 07:37:50,116.42684,39.91444
4844,2008-02-03 07:42:50,116.4269,39.91445
4844,2008-02-03 07:47:50,116.42683,39.91447
4844,2008-02-03 07:52:50,116.42677,39.91445
4844,2008-02-03 07:52:50,116.42677,39.91445
4844,2008-02-03 07:57:50,116.4268,39.91444
4844,2008-02-03 08:02:50,116.42685,39.91444
4844,2008-02-03 08:07:50,116.42678,39.91443
4844,2008-02-03 08:12:50,116.42686,39.91441
4844,2008-02-03 08:17:50,116.42684,39.91446
4844,2008-02-03 08:27:50,116.42686,39.91446
4844,2008-02-03 08:37:50,116.42692,39.91452
4844,2008-02-03 08:42:50,116.4269,39.91447
4844,2008-02-03 08:52:50,116.42018,39.91892
4844,2008-02-03 09:07:50,116.36721,39.92322
4844,2008-02-03 09:22:50,116.31518,39.90316
4844,2008-02-03 09:42:50,116.36489,39.91305
4844,2008-02-03 09:47:50,116.3757,39.90977
4844,2008-02-03 09:52:50,116.39243,39.90624
4844,2008-02-03 10:02:52,116.46734,39.90676
4844,2008-02-03 10:07:49,116.47137,39.89356
4844,2008-02-03 10:12:49,116.4833,39.89179
4844,2008-02-03 10:17:49,116.51692,39.89148
4844,2008-02-03 10:17:49,116.51692,39.89148
4844,2008-02-03 10:22:49,116.51688,39.89151
4844,2008-02-03 10:27:49,116.51699,39.89123
4844,2008-02-03 10:32:49,116.51507,39.89196
4844,2008-02-03 10:37:49,116.51324,39.89036
4844,2008-02-03 10:42:49,116.51319,39.89037
4844,2008-02-03 10:47:49,116.51322,39.89038
4844,2008-02-03 10:52:49,116.51319,39.8904
4844,2008-02-03 10:57:49,116.51321,39.89041
4844,2008-02-03 11:02:49,116.51323,39.8904
4844,2008-02-03 11:07:49,116.5132,39.89042
4844,2008-02-03 11:12:49,116.51323,39.89043
4844,2008-02-03 11:17:49,116.5132,39.89043
4844,2008-02-03 11:22:49,116.51319,39.89043
4844,2008-02-03 11:27:49,116.5132,39.89045
4844,2008-02-03 11:32:49,116.5132,39.89041
4844,2008-02-03 11:37:49,116.51316,39.8904
4844,2008-02-03 11:42:49,116.5132,39.8904
4844,2008-02-03 11:47:49,116.51315,39.89044
4844,2008-02-03 11:52:49,116.51317,39.8904
4844,2008-02-03 11:57:49,116.5132,39.89038
4844,2008-02-03 12:02:49,116.51322,39.89038
4844,2008-02-03 12:07:49,116.51325,39.89039
4844,2008-02-03 12:12:49,116.51323,39.89038
4844,2008-02-03 12:17:49,116.51406,39.89122
4844,2008-02-03 12:22:49,116.49069,39.892
4844,2008-02-03 12:27:49,116.47215,39.89205
4844,2008-02-03 12:37:49,116.4408,39.89253
4844,2008-02-03 12:42:49,116.43821,39.89248
4844,2008-02-03 12:42:49,116.43821,39.89248
4844,2008-02-03 12:47:49,116.438,39.87221
4844,2008-02-03 12:57:49,116.41538,39.87448
4844,2008-02-03 13:02:49,116.41532,39.87448
4844,2008-02-03 13:07:49,116.41535,39.87448
4844,2008-02-03 13:12:49,116.41534,39.8745
4844,2008-02-03 13:17:49,116.41535,39.87447
4844,2008-02-03 13:22:49,116.41534,39.87447
4844,2008-02-03 13:27:49,116.41536,39.87447
4844,2008-02-03 13:32:49,116.41538,39.87444
4844,2008-02-03 13:37:49,116.41536,39.87449
4844,2008-02-03 13:42:49,116.41503,39.87582
4844,2008-02-03 13:47:49,116.43304,39.88293
4844,2008-02-03 13:52:49,116.45333,39.892
4844,2008-02-03 13:57:49,116.46661,39.89231
4844,2008-02-03 14:02:49,116.46061,39.89221
4844,2008-02-03 14:07:49,116.43674,39.89736
4844,2008-02-03 14:12:49,116.42863,39.92058
4844,2008-02-03 14:17:48,116.42828,39.91425
4844,2008-02-03 14:22:48,116.42683,39.91451
4844,2008-02-03 14:27:48,116.42686,39.9145
4844,2008-02-03 14:32:48,116.42681,39.9145
4844,2008-02-03 14:37:48,116.42676,39.91449
4844,2008-02-03 14:42:48,116.42685,39.91459
4844,2008-02-03 14:47:48,116.42683,39.91456
4844,2008-02-03 14:52:48,116.42687,39.91451
4844,2008-02-03 14:57:48,116.42679,39.91451
4844,2008-02-03 15:02:48,116.42674,39.91444
4844,2008-02-03 15:07:48,116.42681,39.91453
4844,2008-02-03 15:07:48,116.42681,39.91453
4844,2008-02-03 15:12:48,116.42684,39.91451
4844,2008-02-03 15:17:48,116.42687,39.91451
4844,2008-02-03 15:22:48,116.42677,39.91442
4844,2008-02-03 15:27:48,116.42705,39.91446
4844,2008-02-03 15:32:48,116.4272,39.9144
4844,2008-02-03 15:37:48,116.42699,39.9146
4844,2008-02-03 15:42:48,116.42684,39.91448
4844,2008-02-03 15:47:48,116.42685,39.91444
4844,2008-02-03 15:52:48,116.4269,39.9145
4844,2008-02-03 15:57:48,116.42675,39.91419
4844,2008-02-03 16:02:48,116.42684,39.91445
4844,2008-02-03 16:02:55,116.42684,39.91445
4844,2008-02-03 16:07:48,116.42679,39.91422
4844,2008-02-03 16:12:48,116.42701,39.91442
4844,2008-02-03 16:17:48,116.42691,39.9144
4844,2008-02-03 16:22:48,116.42702,39.91439
4844,2008-02-03 16:27:48,116.42693,39.91442
4844,2008-02-03 16:32:48,116.4269,39.91447
4844,2008-02-03 16:37:48,116.42679,39.91432
4844,2008-02-03 16:42:48,116.42678,39.91418
4844,2008-02-03 16:47:48,116.4269,39.91449
4844,2008-02-03 16:52:48,116.42686,39.91449
4844,2008-02-03 16:57:48,116.42688,39.91444
4844,2008-02-03 17:02:48,116.42683,39.91447
4844,2008-02-03 17:07:48,116.42684,39.91448
4844,2008-02-03 17:12:48,116.42684,39.91447
4844,2008-02-03 17:17:48,116.4268,39.9145
4844,2008-02-03 17:22:48,116.42678,39.91447
4844,2008-02-03 17:32:48,116.43029,39.9077
4844,2008-02-03 17:32:48,116.43029,39.9077
4844,2008-02-03 17:37:48,116.42874,39.91911
4844,2008-02-03 17:42:48,116.4361,39.92442
4844,2008-02-03 17:52:48,116.43614,39.92384
4844,2008-02-03 17:57:48,116.43606,39.92373
4844,2008-02-03 18:02:48,116.43616,39.92378
4844,2008-02-03 18:12:48,116.44331,39.92144
4844,2008-02-03 18:17:48,116.4548,39.92189
4844,2008-02-03 18:22:48,116.46946,39.92165
4844,2008-02-03 18:32:47,116.47407,39.91794
4844,2008-02-03 18:37:47,116.4741,39.91793
4844,2008-02-03 18:42:47,116.4741,39.91796
4844,2008-02-03 18:47:47,116.47407,39.91794
4844,2008-02-03 18:52:47,116.47406,39.91792
4844,2008-02-03 18:57:47,116.47406,39.91792
4844,2008-02-03 19:02:47,116.46172,39.92198
4844,2008-02-03 19:07:47,116.44589,39.92191
4844,2008-02-03 19:12:47,116.4318,39.92311
4844,2008-02-03 19:17:47,116.4277,39.9427
4844,2008-02-03 19:22:47,116.41938,39.94832
4844,2008-02-03 19:27:47,116.42806,39.93942
4844,2008-02-03 19:32:47,116.43762,39.9347
4844,2008-02-03 19:37:47,116.43744,39.92621
4844,2008-02-03 19:42:47,116.42864,39.92366
4844,2008-02-03 19:47:47,116.4283,39.9314
4844,2008-02-03 19:52:47,116.42788,39.94496
4844,2008-02-03 19:57:47,116.42646,39.94953
4844,2008-02-03 19:57:47,116.42646,39.94953
4844,2008-02-03 20:02:47,116.42746,39.9358
4844,2008-02-03 20:07:47,116.42082,39.93507
4844,2008-02-03 20:12:47,116.42056,39.93871
4844,2008-02-03 20:17:47,116.42778,39.92858
4844,2008-02-03 20:22:47,116.42813,39.92009
4844,2008-02-03 20:27:47,116.42841,39.91545
4844,2008-02-03 20:32:47,116.43188,39.89837
4844,2008-02-03 20:37:47,116.43771,39.87084
4844,2008-02-03 20:42:47,116.43283,39.86921
4844,2008-02-03 20:47:47,116.42819,39.86458
4844,2008-02-03 20:52:47,116.42238,39.86446
4844,2008-02-03 20:57:47,116.41787,39.86431
4844,2008-02-03 21:02:47,116.41514,39.85629
4844,2008-02-03 21:07:47,116.3711,39.85577
4844,2008-02-03 21:12:47,116.33885,39.83098
4844,2008-02-03 21:17:47,116.30546,39.83606
4844,2008-02-03 21:22:47,116.29204,39.84137
4844,2008-02-03 21:27:47,116.29134,39.84126
4844,2008-02-03 21:37:47,116.28476,39.84824
4844,2008-02-03 21:47:47,116.27741,39.85434
4844,2008-02-03 21:52:47,116.29608,39.8653
4844,2008-02-03 22:02:47,116.3394,39.84988
4844,2008-02-03 22:07:47,116.30661,39.86461
4844,2008-02-03 22:12:47,116.30444,39.90031
4844,2008-02-03 22:17:47,116.32939,39.90756
4844,2008-02-03 22:22:47,116.34088,39.91267
4844,2008-02-03 22:22:47,116.34088,39.91267
4844,2008-02-03 22:27:47,116.35099,39.9127
4844,2008-02-03 22:32:47,116.36741,39.91365
4844,2008-02-03 22:37:47,116.38374,39.92089
4844,2008-02-03 22:42:46,116.39972,39.92291
4844,2008-02-03 22:47:46,116.42128,39.92292
4844,2008-02-03 22:52:46,116.42694,39.91441
4844,2008-02-03 22:57:46,116.42703,39.9145
4844,2008-02-03 23:02:46,116.42699,39.91447
4844,2008-02-03 23:07:46,116.427,39.91445
4844,2008-02-03 23:12:46,116.42701,39.91447
4844,2008-02-03 23:22:46,116.42708,39.91454
4844,2008-02-03 23:27:46,116.42701,39.91449
4844,2008-02-03 23:32:46,116.427,39.91449
4844,2008-02-03 23:37:46,116.42701,39.91454
4844,2008-02-03 23:42:46,116.42705,39.91459
4844,2008-02-03 23:52:46,116.42696,39.91447
4844,2008-02-03 23:57:46,116.42702,39.91452
4844,2008-02-04 00:02:46,116.42696,39.91457
4844,2008-02-04 00:07:46,116.42696,39.91449
4844,2008-02-04 00:12:46,116.42694,39.91446
4844,2008-02-04 00:17:46,116.42694,39.91435
4844,2008-02-04 00:22:46,116.42697,39.91426
4844,2008-02-04 00:27:46,116.42702,39.91445
4844,2008-02-04 00:32:46,116.42696,39.91444
4844,2008-02-04 00:37:46,116.42696,39.9145
4844,2008-02-04 00:42:46,116.42699,39.91449
4844,2008-02-04 00:47:46,116.427,39.91448
4844,2008-02-04 00:47:46,116.427,39.91448
4844,2008-02-04 00:52:46,116.42699,39.91445
4844,2008-02-04 00:57:46,116.42696,39.91443
4844,2008-02-04 01:02:46,116.42696,39.91433
4844,2008-02-04 01:07:46,116.42698,39.91441
4844,2008-02-04 01:12:46,116.42695,39.91453
4844,2008-02-04 01:17:46,116.42693,39.91435
4844,2008-02-04 01:22:46,116.42702,39.91453
4844,2008-02-04 01:27:46,116.42698,39.91442
4844,2008-02-04 01:32:46,116.42704,39.91455
4844,2008-02-04 01:37:46,116.42701,39.91456
4844,2008-02-04 01:47:46,116.42698,39.91397
4844,2008-02-04 01:52:46,116.42672,39.91348
4844,2008-02-04 01:57:46,116.42704,39.91453
4844,2008-02-04 02:02:46,116.42694,39.91405
4844,2008-02-04 02:17:46,116.42696,39.91418
4844,2008-02-04 02:22:46,116.42702,39.9142
4844,2008-02-04 02:27:46,116.42694,39.91446
4844,2008-02-04 02:32:46,116.42702,39.91444
4844,2008-02-04 02:37:46,116.42704,39.91443
4844,2008-02-04 02:42:46,116.42702,39.91445
4844,2008-02-04 02:47:46,116.42712,39.91428
4844,2008-02-04 02:52:46,116.42712,39.91411
4844,2008-02-04 02:57:45,116.42705,39.91426
4844,2008-02-04 02:57:45,116.42705,39.91426
4844,2008-02-04 03:02:45,116.42706,39.91431
4844,2008-02-04 03:07:45,116.42707,39.91425
4844,2008-02-04 03:12:45,116.42709,39.91419
4844,2008-02-04 03:12:45,116.42709,39.91419
4844,2008-02-04 03:17:45,116.42703,39.91429
4844,2008-02-04 03:22:45,116.42702,39.91444
4844,2008-02-04 03:27:45,116.42705,39.91447
4844,2008-02-04 03:32:45,116.42703,39.91448
4844,2008-02-04 03:37:45,116.42699,39.9145
4844,2008-02-04 03:42:45,116.42697,39.91449
4844,2008-02-04 03:47:45,116.42696,39.91445
4844,2008-02-04 03:52:45,116.42696,39.9145
4844,2008-02-04 03:57:45,116.42698,39.91452
4844,2008-02-04 04:02:45,116.42696,39.91441
4844,2008-02-04 04:07:45,116.42687,39.91427
4844,2008-02-04 04:12:45,116.42696,39.91442
4844,2008-02-04 04:17:45,116.42698,39.91441
4844,2008-02-04 04:22:45,116.42696,39.91438
4844,2008-02-04 04:27:45,116.427,39.91444
4844,2008-02-04 04:32:45,116.42706,39.91449
4844,2008-02-04 04:37:45,116.42703,39.91454
4844,2008-02-04 04:42:45,116.42705,39.91459
4844,2008-02-04 04:47:45,116.4271,39.9146
4844,2008-02-04 04:52:45,116.42703,39.91462
4844,2008-02-04 04:57:45,116.42705,39.91465
4844,2008-02-04 05:02:45,116.42702,39.91454
4844,2008-02-04 05:07:45,116.42701,39.9145
4844,2008-02-04 05:12:45,116.42697,39.91444
4844,2008-02-04 05:17:45,116.42695,39.91441
4844,2008-02-04 05:22:45,116.42691,39.91427
4844,2008-02-04 05:27:45,116.42687,39.91426
4844,2008-02-04 05:32:45,116.427,39.91442
4844,2008-02-04 05:37:45,116.42702,39.91439
4844,2008-02-04 05:37:45,116.42702,39.91439
4844,2008-02-04 05:42:45,116.42699,39.91427
4844,2008-02-04 05:47:45,116.42695,39.91436
4844,2008-02-04 05:52:45,116.42695,39.91422
4844,2008-02-04 05:57:45,116.42695,39.91434
4844,2008-02-04 06:02:45,116.42706,39.91425
4844,2008-02-04 06:07:45,116.42721,39.91419
4844,2008-02-04 06:12:45,116.42712,39.91435
4844,2008-02-04 06:17:45,116.427,39.91444
4844,2008-02-04 06:22:45,116.42693,39.91438
4844,2008-02-04 06:27:45,116.42673,39.91427
4844,2008-02-04 06:32:45,116.4265,39.9143
4844,2008-02-04 06:37:45,116.42688,39.91441
4844,2008-02-04 06:42:45,116.42688,39.91443
4844,2008-02-04 06:52:45,116.41443,39.86992
4844,2008-02-04 07:17:44,116.40803,39.85531
4844,2008-02-04 07:22:44,116.40738,39.87175
4844,2008-02-04 07:27:44,116.36419,39.86925
4844,2008-02-04 07:32:44,116.35745,39.88514
4844,2008-02-04 07:37:44,116.35881,39.89811
4844,2008-02-04 07:42:44,116.30325,39.89644
4844,2008-02-04 07:52:44,116.30442,39.9001
4844,2008-02-04 08:02:44,116.33918,39.91709
4844,2008-02-04 08:02:44,116.33918,39.91709
4844,2008-02-04 08:07:44,116.36696,39.92257
4844,2008-02-04 08:12:44,116.36213,39.93101
4844,2008-02-04 08:22:44,116.35039,39.90205
4844,2008-02-04 08:27:44,116.30748,39.89597
4844,2008-02-04 08:32:44,116.3165,39.89526
4844,2008-02-04 08:37:44,116.32245,39.90604
4844,2008-02-04 08:42:44,116.34664,39.91256
4844,2008-02-04 08:47:44,116.35687,39.91268
4844,2008-02-04 08:52:44,116.37015,39.90776
4844,2008-02-04 08:57:44,116.37549,39.91407
4844,2008-02-04 09:02:44,116.39291,39.92198
4844,2008-02-04 09:07:44,116.41393,39.9229
4844,2008-02-04 09:17:44,116.42001,39.92261
4844,2008-02-04 09:22:44,116.41812,39.93963
4844,2008-02-04 09:27:44,116.39017,39.94773
4844,2008-02-04 09:32:44,116.38731,39.95473
4844,2008-02-04 09:37:44,116.38712,39.95519
4844,2008-02-04 09:42:44,116.38712,39.95519
4844,2008-02-04 09:52:44,116.3892,39.94866
4844,2008-02-04 09:57:44,116.40233,39.93982
4844,2008-02-04 10:02:44,116.42699,39.93944
4844,2008-02-04 10:07:44,116.42847,39.91521
4844,2008-02-04 10:12:44,116.43989,39.87861
4844,2008-02-04 10:17:44,116.41567,39.86029
4844,2008-02-04 10:22:44,116.39436,39.85854
4844,2008-02-04 10:27:44,116.39415,39.87546
4844,2008-02-04 10:27:44,116.39415,39.87546
4844,2008-02-04 10:32:44,116.40224,39.8912
4844,2008-02-04 10:37:44,116.41265,39.8956
4844,2008-02-04 10:42:44,116.41189,39.90734
4844,2008-02-04 10:47:44,116.41128,39.92207
4844,2008-02-04 10:52:44,116.41088,39.93354
4844,2008-02-04 10:57:44,116.42129,39.93961
4844,2008-02-04 11:02:44,116.42845,39.91884
4844,2008-02-04 11:07:44,116.42978,39.90267
4844,2008-02-04 11:12:44,116.47149,39.90237
4844,2008-02-04 11:17:44,116.45824,39.89938
4844,2008-02-04 11:22:43,116.45587,39.90257
4844,2008-02-04 11:32:43,116.44752,39.90725
4844,2008-02-04 11:37:43,116.44424,39.92163
4844,2008-02-04 11:42:43,116.44434,39.9398
4844,2008-02-04 11:47:43,116.4478,39.94736
4844,2008-02-04 11:52:43,116.44417,39.94553
4844,2008-02-04 11:57:43,116.43248,39.93982
4844,2008-02-04 12:02:43,116.42903,39.92152
4844,2008-02-04 12:07:43,116.42935,39.90965
4844,2008-02-04 12:12:43,116.45256,39.90679
4844,2008-02-04 12:17:43,116.45881,39.90645
4844,2008-02-04 12:22:43,116.46348,39.90923
4844,2008-02-04 12:27:43,116.45649,39.91218
4844,2008-02-04 12:32:43,116.4551,39.91434
4844,2008-02-04 12:37:43,116.45543,39.95067
4844,2008-02-04 12:42:43,116.41678,39.96791
4844,2008-02-04 12:47:43,116.38438,39.9671
4844,2008-02-04 12:52:43,116.36843,39.98641
4844,2008-02-04 12:52:43,116.36843,39.98641
4844,2008-02-04 13:02:43,116.36513,39.99252
4844,2008-02-04 13:07:43,116.36492,40.00015
4844,2008-02-04 13:12:43,116.36901,39.99723
4844,2008-02-04 13:17:43,116.38073,39.99576
4844,2008-02-04 13:22:43,116.37474,39.97169
4844,2008-02-04 13:27:43,116.373,39.95496
4844,2008-02-04 13:32:43,116.37306,39.95147
4844,2008-02-04 13:37:43,116.3695,39.94758
4844,2008-02-04 13:42:43,116.37521,39.94625
4844,2008-02-04 13:47:43,116.38933,39.93892
4844,2008-02-04 13:52:43,116.38749,39.92291
4844,2008-02-04 13:57:43,116.37544,39.91427
4844,2008-02-04 14:02:43,116.37024,39.90974
4844,2008-02-04 14:07:43,116.37546,39.91445
4844,2008-02-04 14:12:43,116.39309,39.92196
4844,2008-02-04 14:17:43,116.41958,39.92287
4844,2008-02-04 14:22:43,116.42674,39.91453
4844,2008-02-04 14:27:43,116.4264,39.91449
4844,2008-02-04 14:32:43,116.42633,39.9144
4844,2008-02-04 14:37:43,116.42643,39.91457
4844,2008-02-04 14:42:43,116.42641,39.91457
4844,2008-02-04 14:47:43,116.42639,39.91451
4844,2008-02-04 14:52:43,116.4264,39.9145
4844,2008-02-04 14:57:43,116.42645,39.91451
4844,2008-02-04 15:02:43,116.42643,39.91457
4844,2008-02-04 15:07:43,116.42647,39.9146
4844,2008-02-04 15:12:43,116.42649,39.91459
4844,2008-02-04 15:17:43,116.42646,39.9146
4844,2008-02-04 15:17:43,116.42646,39.9146
4844,2008-02-04 15:22:43,116.42648,39.91463
4844,2008-02-04 15:22:43,116.42648,39.91463
4844,2008-02-04 15:32:42,116.42649,39.91461
4844,2008-02-04 15:37:42,116.42646,39.91463
4844,2008-02-04 15:42:42,116.42643,39.91464
4844,2008-02-04 15:47:42,116.42642,39.91462
4844,2008-02-04 15:52:42,116.42646,39.91459
4844,2008-02-04 15:57:42,116.42649,39.91461
4844,2008-02-04 16:02:42,116.42652,39.91461
4844,2008-02-04 16:02:59,116.42654,39.9146
4844,2008-02-04 16:07:42,116.42652,39.91462
4844,2008-02-04 16:12:42,116.42648,39.91464
4844,2008-02-04 16:17:42,116.4265,39.91461
4844,2008-02-04 16:22:42,116.42652,39.91452
4844,2008-02-04 16:27:42,116.42649,39.91455
4844,2008-02-04 16:32:42,116.4265,39.91456
4844,2008-02-04 16:37:42,116.42652,39.91457
4844,2008-02-04 16:42:42,116.42648,39.91456
4844,2008-02-04 16:47:42,116.42652,39.91462
4844,2008-02-04 16:52:42,116.42651,39.91466
4844,2008-02-04 16:57:42,116.42656,39.91465
4844,2008-02-04 17:02:42,116.42655,39.91461
4844,2008-02-04 17:07:42,116.42655,39.91466
4844,2008-02-04 17:12:42,116.42653,39.91465
4844,2008-02-04 17:17:42,116.42659,39.9146
4844,2008-02-04 17:22:42,116.42646,39.91461
4844,2008-02-04 17:27:42,116.42655,39.91466
4844,2008-02-04 17:32:42,116.42646,39.91458
4844,2008-02-04 17:37:42,116.42647,39.9146
4844,2008-02-04 17:42:42,116.42659,39.91463
4844,2008-02-04 17:47:42,116.42654,39.91464
4844,2008-02-04 17:47:42,116.42654,39.91464
4844,2008-02-04 17:52:42,116.42654,39.91461
4844,2008-02-04 17:57:42,116.42656,39.91462
4844,2008-02-04 18:02:42,116.42652,39.9146
4844,2008-02-04 18:07:42,116.42653,39.91461
4844,2008-02-04 18:12:42,116.42651,39.91458
4844,2008-02-04 18:17:42,116.42651,39.91455
4844,2008-02-04 18:22:42,116.42669,39.91761
4844,2008-02-04 18:27:42,116.42829,39.9171
4844,2008-02-04 18:32:42,116.42874,39.90757
4844,2008-02-04 18:37:42,116.42091,39.90501
4844,2008-02-04 18:42:42,116.41216,39.9043
4844,2008-02-04 18:47:42,116.41176,39.91043
4844,2008-02-04 18:52:42,116.41121,39.92427
4844,2008-02-04 18:57:42,116.41092,39.93104
4844,2008-02-04 19:02:42,116.41091,39.93186
4844,2008-02-04 19:07:42,116.39687,39.93339
4844,2008-02-04 19:12:42,116.40243,39.93623
4844,2008-02-04 19:17:42,116.42469,39.93963
4844,2008-02-04 19:22:42,116.43579,39.94692
4844,2008-02-04 19:27:42,116.43852,39.94122
4844,2008-02-04 19:32:42,116.42982,39.93975
4844,2008-02-04 19:37:42,116.44319,39.9398
4844,2008-02-04 19:42:41,116.45538,39.92883
4844,2008-02-04 19:47:41,116.45225,39.91889
4844,2008-02-04 19:52:41,116.45119,39.91888
4844,2008-02-04 19:57:41,116.46544,39.91474
4844,2008-02-04 20:02:42,116.48367,39.91297
4844,2008-02-04 20:07:41,116.48935,39.91052
4844,2008-02-04 20:12:41,116.48339,39.91145
4844,2008-02-04 20:12:41,116.48339,39.91145
4844,2008-02-04 20:17:41,116.44257,39.9025
4844,2008-02-04 20:22:41,116.42794,39.90734
4844,2008-02-04 20:27:41,116.42683,39.91417
4844,2008-02-04 20:32:41,116.4294,39.9089
4844,2008-02-04 20:37:41,116.471,39.90383
4844,2008-02-04 20:42:41,116.4878,39.93268
4844,2008-02-04 20:47:41,116.49588,39.92781
4844,2008-02-04 20:52:41,116.47526,39.92165
4844,2008-02-04 20:57:41,116.45559,39.92931
4844,2008-02-04 21:02:41,116.46232,39.94695
4844,2008-02-04 21:07:41,116.44468,39.94638
4844,2008-02-04 21:12:41,116.43389,39.93996
4844,2008-02-04 21:17:41,116.42748,39.93546
4844,2008-02-04 21:22:41,116.4291,39.91085
4844,2008-02-04 21:27:41,116.4397,39.87909
4844,2008-02-04 21:32:41,116.39665,39.87061
4844,2008-02-04 21:47:41,116.36833,39.88856
4844,2008-02-04 21:52:41,116.36831,39.89799
4844,2008-02-04 21:57:41,116.36791,39.90536
4844,2008-02-04 22:02:41,116.3711,39.9132
4844,2008-02-04 22:07:41,116.38371,39.92087
4844,2008-02-04 22:12:41,116.39957,39.92296
4844,2008-02-04 22:17:41,116.41928,39.92294
4844,2008-02-04 22:22:41,116.43731,39.9224
4844,2008-02-04 22:27:41,116.45693,39.92194
4844,2008-02-04 22:32:41,116.47799,39.92162
4844,2008-02-04 22:37:41,116.51113,39.92205
4844,2008-02-04 22:37:41,116.51113,39.92205
4844,2008-02-04 22:42:41,116.5074,39.92971
4844,2008-02-04 22:47:41,116.50985,39.92
4844,2008-02-04 22:52:41,116.5069,39.91501
4844,2008-02-04 23:02:41,116.49589,39.92384
4844,2008-02-04 23:07:41,116.48362,39.9159
4844,2008-02-04 23:12:41,116.48296,39.87283
4844,2008-02-04 23:17:41,116.50788,39.86241
4844,2008-02-04 23:22:41,116.51855,39.85409
4844,2008-02-04 23:27:41,116.50788,39.86908
4844,2008-02-04 23:32:41,116.48687,39.8804
4844,2008-02-04 23:37:41,116.4757,39.90712
4844,2008-02-04 23:42:41,116.44702,39.90719
4844,2008-02-04 23:47:41,116.43949,39.90721
4844,2008-02-04 23:52:41,116.42055,39.91394
4844,2008-02-04 23:57:40,116.42708,39.91432
4844,2008-02-05 00:02:40,116.42707,39.91434
4844,2008-02-05 00:07:40,116.42707,39.91431
4844,2008-02-05 00:12:40,116.42708,39.91433
4844,2008-02-05 00:17:40,116.42709,39.91431
4844,2008-02-05 00:22:40,116.42705,39.91434
4844,2008-02-05 00:27:40,116.42711,39.91432
4844,2008-02-05 00:32:40,116.42708,39.91433
4844,2008-02-05 00:37:41,116.42708,39.91433
4844,2008-02-05 00:47:40,116.42709,39.91431
4844,2008-02-05 00:52:40,116.42707,39.91431
4844,2008-02-05 00:57:40,116.4271,39.91432
4844,2008-02-05 01:02:40,116.42705,39.9143
4844,2008-02-05 01:02:40,116.42705,39.9143
4844,2008-02-05 01:07:40,116.42706,39.9143
4844,2008-02-05 01:12:40,116.42708,39.91432
4844,2008-02-05 01:17:40,116.42711,39.91436
4844,2008-02-05 01:22:40,116.42712,39.91447
4844,2008-02-05 01:27:40,116.42707,39.91429
4844,2008-02-05 01:32:40,116.42704,39.91421
4844,2008-02-05 01:37:40,116.42704,39.9143
4844,2008-02-05 01:42:40,116.42707,39.91439
4844,2008-02-05 01:52:40,116.4271,39.91441
4844,2008-02-05 01:57:40,116.42714,39.91447
4844,2008-02-05 02:02:40,116.42712,39.91444
4844,2008-02-05 02:32:40,116.42704,39.91437
4844,2008-02-05 02:47:40,116.42707,39.91438
4844,2008-02-05 02:52:40,116.42708,39.91438
4844,2008-02-05 02:57:40,116.42709,39.91435
4844,2008-02-05 03:02:40,116.42706,39.91437
4844,2008-02-05 03:07:40,116.42712,39.91434
4844,2008-02-05 03:12:40,116.4271,39.91435
4844,2008-02-05 03:12:40,116.4271,39.91435
4844,2008-02-05 03:17:40,116.42712,39.91438
4844,2008-02-05 03:22:40,116.42708,39.91437
4844,2008-02-05 03:27:40,116.42705,39.91441
4844,2008-02-05 03:27:40,116.42705,39.91441
4844,2008-02-05 03:32:40,116.42705,39.91439
4844,2008-02-05 03:37:40,116.42712,39.91436
4844,2008-02-05 03:42:40,116.4271,39.91437
4844,2008-02-05 03:47:40,116.42707,39.91441
4844,2008-02-05 03:52:40,116.42709,39.91442
4844,2008-02-05 04:02:39,116.4271,39.91436
4844,2008-02-05 04:07:39,116.4271,39.91435
4844,2008-02-05 04:07:39,116.4271,39.91435
4844,2008-02-05 04:12:39,116.42707,39.91437
4844,2008-02-05 04:17:39,116.42707,39.91439
4844,2008-02-05 04:22:39,116.42707,39.9144
4844,2008-02-05 04:27:39,116.42709,39.91437
4844,2008-02-05 04:32:39,116.42715,39.91437
4844,2008-02-05 04:37:39,116.42709,39.91435
4844,2008-02-05 04:42:39,116.42712,39.91444
4844,2008-02-05 04:52:39,116.42715,39.91443
4844,2008-02-05 04:57:39,116.4271,39.91443
4844,2008-02-05 05:02:39,116.42712,39.91445
4844,2008-02-05 05:07:39,116.42717,39.91456
4844,2008-02-05 05:12:39,116.42718,39.9144
4844,2008-02-05 05:17:39,116.42725,39.91437
4844,2008-02-05 05:22:39,116.4272,39.91439
4844,2008-02-05 05:27:39,116.4272,39.91439
4844,2008-02-05 05:37:39,116.42712,39.91436
4844,2008-02-05 05:42:39,116.42711,39.91438
4844,2008-02-05 05:47:39,116.42707,39.91436
4844,2008-02-05 05:52:39,116.42708,39.91433
4844,2008-02-05 05:52:39,116.42708,39.91433
4844,2008-02-05 05:57:39,116.42704,39.91435
4844,2008-02-05 06:02:39,116.42698,39.9143
4844,2008-02-05 06:07:39,116.42706,39.91432
4844,2008-02-05 06:12:39,116.42702,39.91433
4844,2008-02-05 06:17:39,116.42709,39.91433
4844,2008-02-05 06:22:39,116.42707,39.91432
4844,2008-02-05 06:27:39,116.42716,39.91428
4844,2008-02-05 06:32:39,116.4271,39.91432
4844,2008-02-05 06:37:39,116.42707,39.91434
4844,2008-02-05 06:42:39,116.42708,39.91432
4844,2008-02-05 06:47:39,116.42707,39.91432
4844,2008-02-05 06:52:39,116.42707,39.91435
4844,2008-02-05 06:57:39,116.42709,39.91434
4844,2008-02-05 07:02:39,116.42711,39.91432
4844,2008-02-05 07:07:39,116.42712,39.91432
4844,2008-02-05 07:12:39,116.42706,39.91427
4844,2008-02-05 07:22:39,116.42703,39.91432
4844,2008-02-05 07:27:39,116.42709,39.91429
4844,2008-02-05 07:32:39,116.42708,39.91432
4844,2008-02-05 07:37:39,116.4271,39.91432
4844,2008-02-05 07:42:39,116.42707,39.91431
4844,2008-02-05 07:47:39,116.42708,39.91433
4844,2008-02-05 07:52:39,116.42706,39.91435
4844,2008-02-05 08:02:39,116.42708,39.91438
4844,2008-02-05 08:12:39,116.42713,39.9144
4844,2008-02-05 08:17:38,116.42712,39.91435
4844,2008-02-05 08:22:38,116.42711,39.91433
4844,2008-02-05 08:27:38,116.42703,39.91435
4844,2008-02-05 08:32:38,116.42708,39.91437
4844,2008-02-05 08:37:38,116.42705,39.91436
4844,2008-02-05 08:42:38,116.42705,39.91442
4844,2008-02-05 08:47:38,116.42704,39.91433
4844,2008-02-05 08:52:38,116.42709,39.9143
4844,2008-02-05 08:57:38,116.42719,39.91423
4844,2008-02-05 09:02:38,116.42704,39.91432
4844,2008-02-05 09:07:38,116.42712,39.91428
4844,2008-02-05 09:12:38,116.42712,39.9143
4844,2008-02-05 09:17:38,116.42714,39.91429
4844,2008-02-05 09:22:38,116.42715,39.91431
4844,2008-02-05 09:27:38,116.42711,39.9143
4844,2008-02-05 09:32:38,116.42691,39.91454
4844,2008-02-05 09:37:38,116.42697,39.9146
4844,2008-02-05 09:42:38,116.42697,39.91454
4844,2008-02-05 09:47:38,116.42685,39.91454
4844,2008-02-05 09:52:38,116.4268,39.91444
4844,2008-02-05 09:57:38,116.42689,39.91449
4844,2008-02-05 10:07:38,116.42178,39.91424
4844,2008-02-05 10:12:38,116.4197,39.93162
4844,2008-02-05 10:17:38,116.42824,39.9891
4844,2008-02-05 10:17:38,116.42824,39.9891
4844,2008-02-05 10:22:38,116.42041,39.9172
4844,2008-02-05 10:27:38,116.41968,39.93317
4844,2008-02-05 10:32:38,116.419,39.95208
4844,2008-02-05 10:37:38,116.41001,39.9487
4844,2008-02-05 10:42:38,116.41943,39.94075
4844,2008-02-05 10:42:38,116.41943,39.94075
4844,2008-02-05 10:47:38,116.42593,39.92609
4844,2008-02-05 10:52:38,116.41868,39.91418
4844,2008-02-05 10:57:38,116.41412,39.9084
4844,2008-02-05 11:02:38,116.41129,39.92314
4844,2008-02-05 11:07:38,116.42002,39.92377
4844,2008-02-05 11:12:38,116.42231,39.9157
4844,2008-02-05 11:17:38,116.42864,39.92403
4844,2008-02-05 11:22:38,116.44074,39.94955
4844,2008-02-05 11:27:38,116.45137,39.95709
4844,2008-02-05 11:32:38,116.43946,39.94935
4844,2008-02-05 11:37:38,116.43827,39.94003
4844,2008-02-05 11:42:38,116.42586,39.94817
4844,2008-02-05 11:47:38,116.38895,39.95486
4844,2008-02-05 11:57:38,116.39503,39.93944
4844,2008-02-05 12:02:38,116.38361,39.94353
4844,2008-02-05 12:07:38,116.38843,39.94754
4844,2008-02-05 12:12:38,116.38116,39.95004
4844,2008-02-05 12:17:38,116.38821,39.95005
4844,2008-02-05 12:22:38,116.40203,39.94455
4844,2008-02-05 12:27:38,116.40233,39.93963
4844,2008-02-05 12:32:38,116.4279,39.93947
4844,2008-02-05 12:37:37,116.45539,39.93406
4844,2008-02-05 12:42:37,116.47216,39.92874
4844,2008-02-05 12:47:37,116.4723,39.92875
4844,2008-02-05 12:52:37,116.46119,39.93254
4844,2008-02-05 12:57:37,116.44715,39.9221
4844,2008-02-05 13:02:37,116.43825,39.92214
4844,2008-02-05 13:07:37,116.42062,39.92305
4844,2008-02-05 13:07:37,116.42062,39.92305
4844,2008-02-05 13:12:37,116.42004,39.92067
4844,2008-02-05 13:17:37,116.4268,39.91451
4844,2008-02-05 13:22:37,116.42682,39.91452
4844,2008-02-05 13:27:37,116.42676,39.91454
4844,2008-02-05 13:32:37,116.42667,39.91452
4844,2008-02-05 13:37:37,116.42677,39.91452
4844,2008-02-05 13:42:40,116.42683,39.91452
4844,2008-02-05 13:47:37,116.42683,39.91455
4844,2008-02-05 13:52:37,116.42673,39.91447
4844,2008-02-05 13:57:37,116.42675,39.91452
4844,2008-02-05 14:02:37,116.42675,39.91451
4844,2008-02-05 14:07:37,116.42672,39.91453
4844,2008-02-05 14:12:37,116.42683,39.91459
4844,2008-02-05 14:17:37,116.42695,39.91469
4844,2008-02-05 14:22:37,116.42683,39.91462
4844,2008-02-05 14:32:37,116.42678,39.91451
4844,2008-02-05 14:37:37,116.42679,39.91456
4844,2008-02-05 14:42:37,116.42684,39.91462
4844,2008-02-05 14:47:37,116.42676,39.91458
4844,2008-02-05 14:52:37,116.42689,39.91466
4844,2008-02-05 14:57:37,116.42683,39.91458
4844,2008-02-05 15:02:37,116.42687,39.91462
4844,2008-02-05 15:07:37,116.42681,39.91456
4844,2008-02-05 15:07:37,116.42681,39.91456
4844,2008-02-05 15:12:37,116.42688,39.91457
4844,2008-02-05 15:22:37,116.42687,39.91455
4844,2008-02-05 15:22:37,116.42687,39.91455
4844,2008-02-05 15:27:37,116.42684,39.91453
4844,2008-02-05 15:32:37,116.42687,39.91454
4844,2008-02-05 15:32:37,116.42687,39.91454
4844,2008-02-05 15:37:37,116.42687,39.91448
4844,2008-02-05 15:42:37,116.42686,39.91453
4844,2008-02-05 15:47:37,116.42681,39.91456
4844,2008-02-05 15:52:37,116.42671,39.91457
4844,2008-02-05 15:57:37,116.42679,39.9146
4844,2008-02-05 16:02:37,116.4268,39.91457
4844,2008-02-05 16:03:04,116.42678,39.91457
4844,2008-02-05 16:07:37,116.43357,39.91173
4844,2008-02-05 16:12:37,116.42685,39.91453
4844,2008-02-05 16:17:37,116.42679,39.91455
4844,2008-02-05 16:22:37,116.42673,39.91463
4844,2008-02-05 16:27:37,116.42687,39.91465
4844,2008-02-05 16:32:37,116.42686,39.91459
4844,2008-02-05 16:37:37,116.42679,39.91462
4844,2008-02-05 16:42:36,116.42675,39.91455
4844,2008-02-05 16:47:36,116.42051,39.91474
4844,2008-02-05 16:52:36,116.42735,39.92293
4844,2008-02-05 16:57:36,116.42791,39.93274
4844,2008-02-05 17:02:36,116.43001,39.94808
4844,2008-02-05 17:17:53,116.45934,39.98695
4844,2008-02-05 17:22:36,116.46117,39.97803
4844,2008-02-05 17:27:36,116.41691,39.98755
4844,2008-02-05 17:32:36,116.39642,39.97388
4844,2008-02-05 17:37:36,116.39432,39.9703
4844,2008-02-05 17:37:36,116.39432,39.9703
4844,2008-02-05 17:37:36,116.39432,39.9703
4844,2008-02-05 17:42:36,116.40074,39.96732
4844,2008-02-05 17:47:36,116.40164,39.95694
4844,2008-02-05 17:52:36,116.40009,39.94824
4844,2008-02-05 17:57:36,116.40197,39.94591
4844,2008-02-05 17:57:36,116.40197,39.94591
4844,2008-02-05 18:02:36,116.41758,39.93956
4844,2008-02-05 18:12:36,116.45596,39.94656
4844,2008-02-05 18:17:36,116.46204,39.95271
4844,2008-02-05 18:22:36,116.46195,39.95348
4844,2008-02-05 18:27:36,116.45578,39.94766
4844,2008-02-05 18:32:36,116.44403,39.94531
4844,2008-02-05 18:37:36,116.43846,39.94228
4844,2008-02-05 18:42:36,116.42769,39.94344
4844,2008-02-05 18:47:36,116.37382,39.94745
4844,2008-02-05 18:52:36,116.33051,39.93699
4844,2008-02-05 18:57:36,116.3264,39.93678
4844,2008-02-05 19:02:36,116.34934,39.93274
4844,2008-02-05 19:07:36,116.35604,39.917
4844,2008-02-05 19:12:36,116.36738,39.91153
4844,2008-02-05 19:17:36,116.37318,39.91308
4844,2008-02-05 19:22:36,116.38312,39.9209
4844,2008-02-05 19:27:36,116.39884,39.92291
4844,2008-02-05 19:32:36,116.4112,39.92289
4844,2008-02-05 19:37:36,116.42951,39.92311
4844,2008-02-05 19:42:36,116.43708,39.92564
4844,2008-02-05 19:47:36,116.4395,39.93518
4844,2008-02-05 19:52:36,116.43509,39.92555
4844,2008-02-05 19:57:36,116.4292,39.92323
4844,2008-02-05 20:02:36,116.42453,39.92134
4844,2008-02-05 20:07:36,116.42625,39.91784
4844,2008-02-05 20:17:36,116.42677,39.91457
4844,2008-02-05 20:22:36,116.42684,39.91448
4844,2008-02-05 20:22:36,116.42684,39.91448
4844,2008-02-05 20:27:36,116.42682,39.91447
4844,2008-02-05 20:32:36,116.42683,39.91449
4844,2008-02-05 20:42:36,116.4268,39.91451
4844,2008-02-05 20:47:36,116.42685,39.91448
4844,2008-02-05 20:52:36,116.42685,39.91447
4844,2008-02-05 20:57:35,116.4268,39.91447
4844,2008-02-05 21:02:35,116.42676,39.91445
4844,2008-02-05 21:07:35,116.42676,39.91449
4844,2008-02-05 21:12:35,116.42676,39.91448
4844,2008-02-05 21:17:35,116.4268,39.91449
4844,2008-02-05 21:22:35,116.42686,39.91457
4844,2008-02-05 21:27:35,116.42692,39.91448
4844,2008-02-05 21:32:35,116.42685,39.91452
4844,2008-02-05 21:37:35,116.42041,39.91507
4844,2008-02-05 21:42:35,116.42839,39.92562
4844,2008-02-05 21:47:35,116.44849,39.93242
4844,2008-02-05 21:52:35,116.44918,39.93814
4844,2008-02-05 21:57:35,116.43755,39.93301
4844,2008-02-05 22:02:35,116.42263,39.92307
4844,2008-02-05 22:07:35,116.42572,39.9218
4844,2008-02-05 22:12:35,116.42024,39.91823
4844,2008-02-05 22:17:35,116.42398,39.93227
4844,2008-02-05 22:22:35,116.42886,39.93242
4844,2008-02-05 22:27:35,116.41105,39.92654
4844,2008-02-05 22:37:35,116.43272,39.92322
4844,2008-02-05 22:42:35,116.42755,39.92294
4844,2008-02-05 22:47:35,116.42001,39.92522
4844,2008-02-05 22:47:35,116.42001,39.92522
4844,2008-02-05 22:52:35,116.4072,39.92427
4844,2008-02-05 22:57:35,116.4106,39.93216
4844,2008-02-05 23:07:35,116.42255,39.92314
4844,2008-02-05 23:12:35,116.39732,39.92335
4844,2008-02-05 23:17:35,116.4025,39.92297
4844,2008-02-05 23:22:35,116.41995,39.92672
4844,2008-02-05 23:27:35,116.42841,39.91497
4844,2008-02-05 23:33:44,116.41107,39.91421
4844,2008-02-05 23:37:35,116.42884,39.91193
4844,2008-02-05 23:42:35,116.47733,39.90685
4844,2008-02-05 23:47:35,116.4874,39.88163
4844,2008-02-05 23:57:35,116.45588,39.91194
4844,2008-02-06 00:02:35,116.44032,39.91608
4844,2008-02-06 00:07:35,116.42914,39.9232
4844,2008-02-06 00:12:35,116.42027,39.91424
4844,2008-02-06 00:17:35,116.41214,39.9142
4844,2008-02-06 00:27:35,116.41263,39.9068
4844,2008-02-06 00:37:35,116.42863,39.91588
4844,2008-02-06 00:42:35,116.42596,39.95573
4844,2008-02-06 00:47:35,116.43887,39.96235
4844,2008-02-06 00:52:35,116.43365,39.95156
4844,2008-02-06 00:57:35,116.4275,39.9358
4844,2008-02-06 01:02:35,116.42188,39.93957
4844,2008-02-06 01:07:34,116.43666,39.93238
4844,2008-02-06 01:12:34,116.41994,39.9219
4844,2008-02-06 01:12:34,116.41994,39.9219
4844,2008-02-06 01:17:34,116.41922,39.91562
4844,2008-02-06 01:22:34,116.41921,39.91556
4844,2008-02-06 01:27:34,116.4192,39.9156
4844,2008-02-06 01:32:34,116.41921,39.91566
4844,2008-02-06 01:37:34,116.41919,39.91567
4844,2008-02-06 01:42:34,116.41919,39.9156
4844,2008-02-06 01:47:34,116.41919,39.9156
4844,2008-02-06 01:52:34,116.41923,39.91562
4844,2008-02-06 01:57:34,116.41919,39.91567
4844,2008-02-06 02:02:34,116.41922,39.91565
4844,2008-02-06 02:12:34,116.41918,39.91563
4844,2008-02-06 02:22:34,116.41926,39.91566
4844,2008-02-06 02:27:34,116.41921,39.91561
4844,2008-02-06 02:32:34,116.41921,39.9156
4844,2008-02-06 02:37:34,116.41917,39.91561
4844,2008-02-06 02:42:34,116.41924,39.91564
4844,2008-02-06 02:47:34,116.41924,39.91566
4844,2008-02-06 02:57:34,116.42687,39.9145
4844,2008-02-06 03:02:34,116.42686,39.91451
4844,2008-02-06 03:07:34,116.42683,39.91449
4844,2008-02-06 03:12:34,116.4268,39.91444
4844,2008-02-06 03:17:34,116.42683,39.91449
4844,2008-02-06 03:22:34,116.42682,39.91449
4844,2008-02-06 03:27:34,116.42684,39.91449
4844,2008-02-06 03:32:34,116.42683,39.91456
4844,2008-02-06 03:37:34,116.42685,39.91455
4844,2008-02-06 03:37:34,116.42685,39.91455
4844,2008-02-06 03:42:34,116.42689,39.91454
4844,2008-02-06 03:42:34,116.42689,39.91454
4844,2008-02-06 03:47:34,116.42682,39.91454
4844,2008-02-06 03:52:34,116.42691,39.91456
4844,2008-02-06 04:02:34,116.42689,40.14994
4844,2008-02-06 04:02:34,116.42689,40.14994
4844,2008-02-06 04:07:34,116.42684,39.91457
4844,2008-02-06 04:12:34,116.42681,39.9145
4844,2008-02-06 04:17:34,116.42673,39.91445
4844,2008-02-06 04:22:34,116.42672,39.91445
4844,2008-02-06 04:27:34,116.42681,39.91449
4844,2008-02-06 04:32:34,116.4269,39.91451
4844,2008-02-06 04:37:34,116.4269,39.91457
4844,2008-02-06 04:42:34,116.42691,39.91456
4844,2008-02-06 04:47:34,116.42689,39.91452
4844,2008-02-06 04:52:34,116.4269,39.91446
4844,2008-02-06 04:57:34,116.4268,39.91444
4844,2008-02-06 05:02:34,116.42686,39.91449
4844,2008-02-06 05:07:34,116.42684,39.91453
4844,2008-02-06 05:12:34,116.42677,39.91448
4844,2008-02-06 05:17:34,116.42673,39.91446
4844,2008-02-06 05:22:33,116.4268,39.91449
4844,2008-02-06 05:27:33,116.42679,39.91449
4844,2008-02-06 05:32:33,116.42674,39.91445
4844,2008-02-06 05:37:33,116.42678,39.91446
4844,2008-02-06 05:42:33,116.42678,39.91445
4844,2008-02-06 05:47:33,116.42677,39.91448
4844,2008-02-06 05:57:33,116.4267,39.91447
4844,2008-02-06 06:02:33,116.4268,39.91446
4844,2008-02-06 06:02:33,116.4268,39.91446
4844,2008-02-06 06:07:33,116.42677,39.91449
4844,2008-02-06 06:07:33,116.42677,39.91449
4844,2008-02-06 06:12:33,116.42685,39.91447
4844,2008-02-06 06:17:33,116.42675,39.9145
4844,2008-02-06 06:22:33,116.42666,39.91449
4844,2008-02-06 06:27:33,116.4268,39.91451
4844,2008-02-06 06:32:33,116.42683,39.91447
4844,2008-02-06 06:37:33,116.42691,39.9145
4844,2008-02-06 06:42:33,116.42687,39.91443
4844,2008-02-06 06:47:33,116.42693,39.91449
4844,2008-02-06 06:52:33,116.42694,39.9145
4844,2008-02-06 06:57:33,116.42691,39.91446
4844,2008-02-06 07:02:33,116.42693,39.91448
4844,2008-02-06 07:12:33,116.4268,39.91448
4844,2008-02-06 07:17:33,116.42677,39.9145
4844,2008-02-06 07:22:33,116.42675,39.91447
4844,2008-02-06 07:27:33,116.42675,39.91441
4844,2008-02-06 07:32:33,116.42673,39.91441
4844,2008-02-06 07:47:33,116.42678,39.91449
4844,2008-02-06 07:52:33,116.42688,39.9145
4844,2008-02-06 07:57:33,116.42688,39.9145
4844,2008-02-06 08:02:33,116.42682,39.91453
4844,2008-02-06 08:12:33,116.42679,39.91449
4844,2008-02-06 08:17:33,116.42683,39.91447
4844,2008-02-06 08:22:33,116.42675,39.91452
4844,2008-02-06 08:27:33,116.42673,39.91449
4844,2008-02-06 08:27:33,116.42673,39.91449
4844,2008-02-06 08:32:33,116.42678,39.91447
4844,2008-02-06 08:37:34,116.42707,39.91452
4844,2008-02-06 08:42:33,116.42709,39.91455
4844,2008-02-06 08:47:33,116.42691,39.91451
4844,2008-02-06 08:52:33,116.42704,39.91453
4844,2008-02-06 08:57:33,116.42697,39.91454
4844,2008-02-06 09:02:33,116.42672,39.91449
4844,2008-02-06 09:07:33,116.42683,39.9145
4844,2008-02-06 09:12:33,116.42675,39.91449
4844,2008-02-06 09:17:33,116.4269,39.91451
4844,2008-02-06 09:22:33,116.4268,39.9145
4844,2008-02-06 09:32:32,116.41961,39.93147
4844,2008-02-06 09:37:32,116.42865,39.93232
4844,2008-02-06 09:42:32,116.43322,39.93238
4844,2008-02-06 09:47:32,116.42118,39.93226
4844,2008-02-06 09:52:32,116.42534,39.91427
4844,2008-02-06 09:57:32,116.41835,39.92303
4844,2008-02-06 10:02:32,116.37195,39.92123
4844,2008-02-06 10:12:32,116.31526,39.92689
4844,2008-02-06 10:17:32,116.30993,39.93106
4844,2008-02-06 10:27:32,116.31406,39.96865
4844,2008-02-06 10:32:32,116.32775,39.97028
4844,2008-02-06 10:37:32,116.32895,39.96612
4844,2008-02-06 10:42:32,116.39169,39.96743
4844,2008-02-06 10:47:32,116.45425,39.95239
4844,2008-02-06 10:52:32,116.45516,39.90707
4844,2008-02-06 10:57:32,116.4869,39.90589
4844,2008-02-06 10:57:32,116.4869,39.90589
4844,2008-02-06 11:02:32,116.49007,39.90651
4844,2008-02-06 11:07:32,116.46483,39.90722
4844,2008-02-06 11:12:32,116.45586,39.9205
4844,2008-02-06 11:17:32,116.43989,39.92222
4844,2008-02-06 11:22:32,116.43157,39.91795
4844,2008-02-06 11:27:32,116.42845,39.92228
4844,2008-02-06 11:32:32,116.39892,39.94771
4844,2008-02-06 11:37:32,116.34884,39.94103
4844,2008-02-06 11:47:32,116.34438,39.93884
4844,2008-02-06 11:52:32,116.30369,39.94183
4844,2008-02-06 11:57:32,116.30413,39.89661
4844,2008-02-06 12:02:32,116.30986,39.88583
4844,2008-02-06 12:07:32,116.34661,39.88814
4844,2008-02-06 12:12:32,116.36635,39.8879
4844,2008-02-06 12:17:32,116.36794,39.8879
4844,2008-02-06 12:27:32,116.3706,39.91093
4844,2008-02-06 12:32:32,116.37559,39.92046
4844,2008-02-06 12:37:32,116.39948,39.92289
4844,2008-02-06 12:42:32,116.40243,39.93565
4844,2008-02-06 12:47:32,116.40178,39.95815
4844,2008-02-06 12:52:32,116.41173,39.97002
4844,2008-02-06 12:57:32,116.41814,39.9797
4844,2008-02-06 13:02:32,116.42601,39.98215
4844,2008-02-06 13:07:32,116.40325,39.98174
4844,2008-02-06 13:12:32,116.40107,39.96836
4844,2008-02-06 13:17:32,116.40236,39.94723
4844,2008-02-06 13:27:32,116.43843,39.94331
4844,2008-02-06 13:32:32,116.42876,39.93979
4844,2008-02-06 13:37:32,116.43815,39.94813
4844,2008-02-06 13:47:31,116.46205,39.92422
4844,2008-02-06 13:52:31,116.46124,39.92214
4844,2008-02-06 13:57:31,116.44446,39.92145
4844,2008-02-06 14:02:31,116.44135,39.90416
4844,2008-02-06 14:07:31,116.44374,39.90708
4844,2008-02-06 14:12:31,116.47921,39.91406
4844,2008-02-06 14:17:31,116.51077,39.91525
4844,2008-02-06 14:22:31,116.51144,39.92269
4844,2008-02-06 14:27:31,116.50877,39.93353
4844,2008-02-06 14:32:31,116.49085,39.92183
4844,2008-02-06 14:37:31,116.46328,39.92198
4844,2008-02-06 14:42:31,116.44463,39.92162
4844,2008-02-06 14:52:31,116.44294,39.92547
4844,2008-02-06 14:57:31,116.44291,39.92546
4844,2008-02-06 15:02:31,116.44292,39.92551
4844,2008-02-06 15:07:31,116.44289,39.92558
4844,2008-02-06 15:12:31,116.42752,39.92302
4844,2008-02-06 15:17:31,116.42679,39.91457
4844,2008-02-06 15:22:31,116.42682,39.91461
4844,2008-02-06 15:27:31,116.42681,39.91461
4844,2008-02-06 15:32:31,116.42682,39.91462
4844,2008-02-06 15:37:31,116.42686,39.91462
4844,2008-02-06 15:42:31,116.42684,39.91473
4844,2008-02-06 15:47:31,116.42686,39.91467
4844,2008-02-06 15:47:31,116.42686,39.91467
4844,2008-02-06 15:52:31,116.42685,39.91457
4844,2008-02-06 15:57:31,116.42682,39.91469
4844,2008-02-06 16:02:31,116.42667,39.9146
4844,2008-02-06 16:03:36,116.42666,39.91458
4844,2008-02-06 16:07:31,116.4267,39.91454
4844,2008-02-06 16:12:31,116.42671,39.91468
4844,2008-02-06 16:17:31,116.4267,39.91472
4844,2008-02-06 16:22:31,116.42672,39.9147
4844,2008-02-06 16:27:31,116.42671,39.91471
4844,2008-02-06 16:32:31,116.42675,39.91475
4844,2008-02-06 16:37:31,116.42671,39.91466
4844,2008-02-06 16:42:31,116.42672,39.91457
4844,2008-02-06 16:47:31,116.42673,39.91462
4844,2008-02-06 17:02:31,116.42661,39.91446
4844,2008-02-06 17:07:31,116.42672,39.9146
4844,2008-02-06 17:12:31,116.42656,39.91448
4844,2008-02-06 17:17:31,116.42671,39.91461
4844,2008-02-06 17:27:31,116.42674,39.9146
4844,2008-02-06 17:32:31,116.42024,39.91779
4844,2008-02-06 17:37:31,116.42638,39.91424
4844,2008-02-06 17:42:31,116.42341,39.92062
4844,2008-02-06 17:47:31,116.43842,39.92221
4844,2008-02-06 17:52:30,116.42766,39.92328
4844,2008-02-06 17:57:30,116.41366,39.91135
4844,2008-02-06 18:02:30,116.41447,39.92293
4844,2008-02-06 18:07:30,116.43889,39.92184
4844,2008-02-06 18:12:30,116.44761,39.92147
4844,2008-02-06 18:12:30,116.44761,39.92147
4844,2008-02-06 18:17:30,116.4605,39.92196
4844,2008-02-06 18:22:30,116.47191,39.91777
4844,2008-02-06 18:27:30,116.45562,39.9212
4844,2008-02-06 18:32:30,116.44812,39.95659
4844,2008-02-06 18:37:30,116.41616,39.96788
4844,2008-02-06 18:42:32,116.37551,39.97479
4844,2008-02-06 18:47:30,116.37095,39.97912
4844,2008-02-06 18:52:30,116.36906,39.95894
4844,2008-02-06 18:57:30,116.3728,39.94993
4844,2008-02-06 19:02:30,116.41058,39.94787
4844,2008-02-06 19:07:30,116.45269,39.95325
4844,2008-02-06 19:12:30,116.46448,39.93237
4844,2008-02-06 19:17:30,116.48797,39.9143
4844,2008-02-06 19:27:30,116.48733,39.91442
4844,2008-02-06 19:37:30,116.5853,39.90815
4844,2008-02-06 19:42:30,116.63267,39.90137
4844,2008-02-06 19:47:30,116.65132,39.89069
4844,2008-02-06 19:52:30,116.67951,39.88811
4844,2008-02-06 19:57:30,116.66581,39.89129
4844,2008-02-06 20:02:30,116.65143,39.90883
4844,2008-02-06 20:07:30,116.63951,39.9216
4844,2008-02-06 20:12:30,116.60077,39.91161
4844,2008-02-06 20:17:30,116.57132,39.91373
4844,2008-02-06 20:22:30,116.54603,39.91482
4844,2008-02-06 20:27:30,116.51484,39.91665
4844,2008-02-06 20:32:30,116.49588,39.92582
4844,2008-02-06 20:37:30,116.48679,39.93258
4844,2008-02-06 20:37:30,116.48679,39.93258
4844,2008-02-06 20:42:30,116.46219,39.93246
4844,2008-02-06 20:47:30,116.44476,39.93238
4844,2008-02-06 20:52:30,116.42708,39.93228
4844,2008-02-06 20:57:30,116.42692,39.91441
4844,2008-02-06 21:02:30,116.42689,39.91425
4844,2008-02-06 21:12:30,116.42661,39.91313
4844,2008-02-06 21:17:30,116.42688,39.91403
4844,2008-02-06 21:22:30,116.42683,39.91433
4844,2008-02-06 21:27:30,116.42713,39.91367
4844,2008-02-06 21:32:30,116.4269,39.91442
4844,2008-02-06 21:37:30,116.42679,39.91442
4844,2008-02-06 21:42:30,116.42672,39.9144
4844,2008-02-06 21:47:30,116.42679,39.91439
4844,2008-02-06 21:52:30,116.42708,39.91445
4844,2008-02-06 21:57:30,116.42708,39.91451
4844,2008-02-06 22:02:30,116.42694,39.91446
4844,2008-02-06 22:07:29,116.42697,39.91444
4844,2008-02-06 22:17:29,116.427,39.91448
4844,2008-02-06 22:22:29,116.42686,39.91438
4844,2008-02-06 22:27:29,116.42691,39.91441
4844,2008-02-06 22:32:29,116.42696,39.91446
4844,2008-02-06 22:37:29,116.42689,39.91437
4844,2008-02-06 22:42:29,116.42689,39.91437
4844,2008-02-06 22:47:29,116.42693,39.91443
4844,2008-02-06 22:52:29,116.42693,39.91442
4844,2008-02-06 22:57:29,116.42688,39.91434
4844,2008-02-06 23:02:29,116.42696,39.91442
4844,2008-02-06 23:02:29,116.42696,39.91442
4844,2008-02-06 23:07:29,116.42694,39.91441
4844,2008-02-06 23:12:29,116.42694,39.91445
4844,2008-02-06 23:17:29,116.42697,39.91444
4844,2008-02-06 23:22:29,116.42696,39.91445
4844,2008-02-06 23:27:29,116.42703,39.9145
4844,2008-02-06 23:32:29,116.42707,39.9146
4844,2008-02-06 23:42:29,116.42699,39.91444
4844,2008-02-06 23:47:29,116.42698,39.91449
4844,2008-02-06 23:52:29,116.42696,39.91439
4844,2008-02-06 23:57:29,116.42702,39.91443
4844,2008-02-07 00:02:29,116.42693,39.91455
4844,2008-02-07 00:07:29,116.42697,39.91436
4844,2008-02-07 00:12:29,116.42691,39.91447
4844,2008-02-07 00:17:29,116.42694,39.91445
4844,2008-02-07 00:22:29,116.42702,39.91442
4844,2008-02-07 00:27:29,116.42695,39.91446
4844,2008-02-07 00:32:29,116.42698,39.9145
4844,2008-02-07 00:37:29,116.42699,39.91443
4844,2008-02-07 00:42:29,116.42694,39.9144
4844,2008-02-07 00:47:29,116.42694,39.91441
4844,2008-02-07 00:52:29,116.42694,39.91439
4844,2008-02-07 01:02:29,116.42692,39.91442
4844,2008-02-07 01:07:29,116.42691,39.91436
4844,2008-02-07 01:12:29,116.42688,39.91417
4844,2008-02-07 01:17:29,116.42697,39.91439
4844,2008-02-07 01:22:29,116.42698,39.9143
4844,2008-02-07 01:27:29,116.42696,39.91409
4844,2008-02-07 01:27:29,116.42696,39.91409
4844,2008-02-07 01:32:29,116.42695,39.91395
4844,2008-02-07 01:42:29,116.42694,39.91412
4844,2008-02-07 01:47:29,116.42676,39.91375
4844,2008-02-07 01:52:29,116.42674,39.91361
4844,2008-02-07 01:57:29,116.42697,39.91398
4844,2008-02-07 02:12:29,116.42758,39.9143
4844,2008-02-07 02:17:28,116.42724,39.91413
4844,2008-02-07 02:22:27,116.42729,39.91432
4844,2008-02-07 02:27:28,116.4281,39.91437
4844,2008-02-07 02:32:28,116.42776,39.91402
4844,2008-02-07 02:37:28,116.42792,39.91454
4844,2008-02-07 02:42:28,116.42743,39.91424
4844,2008-02-07 02:47:28,116.4274,39.91424
4844,2008-02-07 02:52:28,116.42724,39.91432
4844,2008-02-07 02:57:28,116.42782,39.91426
4844,2008-02-07 03:02:28,116.42695,39.91411
4844,2008-02-07 03:12:28,116.42699,39.91454
4844,2008-02-07 03:17:28,116.427,39.91445
4844,2008-02-07 03:22:28,116.42699,39.9145
4844,2008-02-07 03:27:28,116.42692,39.9145
4844,2008-02-07 03:32:28,116.42683,39.91425
4844,2008-02-07 03:37:28,116.42694,39.91449
4844,2008-02-07 03:42:28,116.42692,39.91447
4844,2008-02-07 03:47:28,116.42695,39.91451
4844,2008-02-07 03:52:28,116.42698,39.91448
4844,2008-02-07 03:52:28,116.42698,39.91448
4844,2008-02-07 03:57:28,116.42697,39.9145
4844,2008-02-07 04:02:28,116.42691,39.91443
4844,2008-02-07 04:12:28,116.42704,39.91446
4844,2008-02-07 04:17:28,116.42694,39.91447
4844,2008-02-07 04:22:28,116.42701,39.91449
4844,2008-02-07 04:27:28,116.42702,39.91455
4844,2008-02-07 04:32:28,116.42701,39.91456
4844,2008-02-07 04:37:28,116.42708,39.91457
4844,2008-02-07 04:42:28,116.42703,39.91461
4844,2008-02-07 04:47:28,116.42701,39.91458
4844,2008-02-07 04:52:28,116.42698,39.91453
4844,2008-02-07 04:57:28,116.42701,39.91448
4844,2008-02-07 05:02:28,116.42702,39.91446
4844,2008-02-07 05:07:28,116.42699,39.91446
4844,2008-02-07 05:12:28,116.42688,39.91447
4844,2008-02-07 05:17:28,116.42683,39.91434
4844,2008-02-07 05:22:28,116.42701,39.91428
4844,2008-02-07 05:27:28,116.42691,39.91432
4844,2008-02-07 05:32:28,116.42687,39.91437
4844,2008-02-07 05:37:28,116.4269,39.91439
4844,2008-02-07 05:47:28,116.42701,39.91425
4844,2008-02-07 05:52:28,116.42696,39.9144
4844,2008-02-07 05:57:28,116.42701,39.9144
4844,2008-02-07 06:02:28,116.42696,39.91439
4844,2008-02-07 06:07:28,116.42684,39.91429
4844,2008-02-07 06:17:28,116.42607,39.91412
4844,2008-02-07 06:17:28,116.42607,39.91412
4844,2008-02-07 06:22:28,116.42548,39.91389
4844,2008-02-07 06:27:28,116.42579,39.91406
4844,2008-02-07 06:32:28,116.42681,39.91438
4844,2008-02-07 06:37:28,116.42688,39.91442
4844,2008-02-07 06:42:27,116.42691,39.91443
4844,2008-02-07 06:47:27,116.42693,39.91443
4844,2008-02-07 06:52:27,116.42694,39.91437
4844,2008-02-07 06:57:27,116.42687,39.91413
4844,2008-02-07 07:02:27,116.42684,39.91418
4844,2008-02-07 07:07:27,116.42693,39.91407
4844,2008-02-07 07:12:27,116.42693,39.91436
4844,2008-02-07 07:17:27,116.42697,39.91438
4844,2008-02-07 07:27:27,116.42689,39.91436
4844,2008-02-07 07:32:27,116.42694,39.91439
4844,2008-02-07 07:37:27,116.42697,39.91428
4844,2008-02-07 07:42:27,116.427,39.91429
4844,2008-02-07 07:47:27,116.42698,39.91403
4844,2008-02-07 07:52:27,116.42701,39.91433
4844,2008-02-07 07:57:27,116.42692,39.91437
4844,2008-02-07 08:02:27,116.42703,39.91441
4844,2008-02-07 08:07:27,116.427,39.91447
4844,2008-02-07 08:12:27,116.42704,39.91446
4844,2008-02-07 08:17:27,116.4271,39.91431
4844,2008-02-07 08:22:27,116.42727,39.91446
4844,2008-02-07 08:27:27,116.42728,39.91446
4844,2008-02-07 08:32:27,116.42724,39.91442
4844,2008-02-07 08:37:27,116.42725,39.91443
4844,2008-02-07 08:42:27,116.42698,39.91438
4844,2008-02-07 08:42:27,116.42698,39.91438
4844,2008-02-07 08:47:27,116.4267,39.91428
4844,2008-02-07 08:52:27,116.42721,39.9143
4844,2008-02-07 08:57:27,116.42705,39.9142
4844,2008-02-07 09:02:27,116.42666,39.91426
4844,2008-02-07 09:07:27,116.42694,39.91444
4844,2008-02-07 09:12:27,116.42693,39.91442
4844,2008-02-07 09:17:27,116.42692,39.91447
4844,2008-02-07 09:22:27,116.42686,39.91438
4844,2008-02-07 09:27:27,116.42711,39.91453
4844,2008-02-07 09:32:27,116.42714,39.91455
4844,2008-02-07 09:37:27,116.42708,39.91448
4844,2008-02-07 09:42:27,116.42714,39.91458
4844,2008-02-07 09:47:27,116.42711,39.91448
4844,2008-02-07 09:52:27,116.42712,39.91456
4844,2008-02-07 09:57:27,116.42708,39.91452
4844,2008-02-07 10:02:27,116.42706,39.91451
4844,2008-02-07 10:07:27,116.42709,39.9145
4844,2008-02-07 10:12:27,116.42713,39.91454
4844,2008-02-07 10:17:27,116.42704,39.91457
4844,2008-02-07 10:22:27,116.42702,39.91446
4844,2008-02-07 10:27:27,116.42712,39.9146
4844,2008-02-07 10:32:27,116.42703,39.91451
4844,2008-02-07 10:37:27,116.42705,39.91452
4844,2008-02-07 10:42:27,116.42701,39.91456
4844,2008-02-07 10:47:27,116.42695,39.91455
4844,2008-02-07 10:52:26,116.42702,39.91454
4844,2008-02-07 10:57:26,116.42696,39.91455
4844,2008-02-07 11:02:26,116.42705,39.91451
4844,2008-02-07 11:07:26,116.42698,39.91443
4844,2008-02-07 11:07:26,116.42698,39.91443
4844,2008-02-07 11:12:26,116.42702,39.91449
4844,2008-02-07 11:17:26,116.42697,39.91444
4844,2008-02-07 11:22:26,116.42705,39.91449
4844,2008-02-07 11:27:26,116.42695,39.91434
4844,2008-02-07 11:32:26,116.42037,39.9158
4844,2008-02-07 11:37:26,116.40778,39.91302
4844,2008-02-07 11:47:26,116.43785,39.89284
4844,2008-02-07 11:52:26,116.45499,39.89219
4844,2008-02-07 12:02:26,116.49471,39.86627
4844,2008-02-07 12:07:26,116.48982,39.87461
4844,2008-02-07 12:12:26,116.47198,39.89201
4844,2008-02-07 12:17:26,116.4736,39.88115
4844,2008-02-07 12:22:26,116.47132,39.88972
4844,2008-02-07 12:27:26,116.47168,39.90636
4844,2008-02-07 12:32:26,116.45529,39.89771
4844,2008-02-07 12:37:26,116.43921,39.88215
4844,2008-02-07 12:42:26,116.43399,39.87278
4844,2008-02-07 12:47:26,116.43996,39.87619
4844,2008-02-07 12:52:26,116.43082,39.8694
4844,2008-02-07 13:03:24,116.43694,39.86972
4844,2008-02-07 13:03:24,116.43694,39.86972
4844,2008-02-07 13:07:26,116.45199,39.89204
4844,2008-02-07 13:12:26,116.46013,39.89199
4844,2008-02-07 13:17:26,116.45579,39.89222
4844,2008-02-07 13:22:26,116.43678,39.88314
4844,2008-02-07 13:27:26,116.43528,39.88313
4844,2008-02-07 13:32:26,116.43429,39.88187
4844,2008-02-07 13:32:26,116.43429,39.88187
4844,2008-02-07 13:37:26,116.44973,39.88313
4844,2008-02-07 13:42:26,116.47057,39.88297
4844,2008-02-07 13:47:26,116.47327,39.88106
4844,2008-02-07 13:52:26,116.46445,39.89221
4844,2008-02-07 13:57:26,116.45551,39.89484
4844,2008-02-07 14:02:26,116.48638,39.90572
4844,2008-02-07 14:07:26,116.48292,39.90881
4844,2008-02-07 14:12:26,116.45877,39.90701
4844,2008-02-07 14:17:26,116.43756,39.90722
4844,2008-02-07 14:22:26,116.43295,39.90435
4844,2008-02-07 14:27:26,116.42864,39.92261
4844,2008-02-07 14:32:26,116.42694,39.91436
4844,2008-02-07 14:37:26,116.42694,39.9143
4844,2008-02-07 14:42:26,116.42699,39.91431
4844,2008-02-07 14:47:26,116.42692,39.91432
4844,2008-02-07 14:52:26,116.42695,39.91445
4844,2008-02-07 14:57:25,116.42698,39.91449
4844,2008-02-07 15:02:25,116.42697,39.91444
4844,2008-02-07 15:07:25,116.42696,39.91445
4844,2008-02-07 15:12:25,116.42694,39.91432
4844,2008-02-07 15:17:25,116.42696,39.91447
4844,2008-02-07 15:22:25,116.42691,39.91447
4844,2008-02-07 15:27:25,116.42694,39.91446
4844,2008-02-07 15:32:25,116.42695,39.91453
4844,2008-02-07 15:37:25,116.42693,39.91452
4844,2008-02-07 15:42:25,116.4269,39.91452
4844,2008-02-07 15:47:25,116.42685,39.9144
4844,2008-02-07 15:52:25,116.4268,39.91432
4844,2008-02-07 15:57:25,116.42685,39.91438
4844,2008-02-07 15:57:25,116.42685,39.91438
4844,2008-02-07 16:02:25,116.42697,39.91449
4844,2008-02-07 16:03:40,116.42697,39.91449
4844,2008-02-07 16:07:25,116.42699,39.91436
4844,2008-02-07 16:12:25,116.42714,39.91393
4844,2008-02-07 16:17:25,116.42693,39.91438
4844,2008-02-07 16:22:25,116.427,39.91443
4844,2008-02-07 16:27:25,116.42701,39.91448
4844,2008-02-07 16:32:25,116.42698,39.91448
4844,2008-02-07 16:37:25,116.42699,39.91446
4844,2008-02-07 16:42:25,116.42699,39.91446
4844,2008-02-07 16:47:25,116.42699,39.91443
4844,2008-02-07 16:52:25,116.42699,39.91446
4844,2008-02-07 16:57:25,116.42695,39.91441
4844,2008-02-07 17:02:25,116.42687,39.91435
4844,2008-02-07 17:07:25,116.42694,39.91431
4844,2008-02-07 17:12:25,116.42689,39.91439
4844,2008-02-07 17:17:25,116.42699,39.91439
4844,2008-02-07 17:22:25,116.427,39.91442
4844,2008-02-07 17:27:25,116.42699,39.91443
4844,2008-02-07 17:32:25,116.42706,39.91437
4844,2008-02-07 17:37:25,116.42703,39.91441
4844,2008-02-07 17:42:25,116.42702,39.91444
4844,2008-02-07 17:47:25,116.42701,39.91443
4844,2008-02-07 17:52:25,116.42696,39.91445
4844,2008-02-07 17:57:25,116.42701,39.91449
4844,2008-02-07 18:02:25,116.42698,39.91445
4844,2008-02-07 18:07:25,116.427,39.91445
4844,2008-02-07 18:12:25,116.42695,39.91446
4844,2008-02-07 18:17:25,116.42695,39.91443
4844,2008-02-07 18:22:25,116.42693,39.9144
4844,2008-02-07 18:22:25,116.42693,39.9144
4844,2008-02-07 18:27:25,116.42692,39.91438
4844,2008-02-07 18:32:25,116.42693,39.91441
4844,2008-02-07 18:37:25,116.42688,39.91439
4844,2008-02-07 18:42:25,116.42696,39.91446
4844,2008-02-07 18:47:25,116.42693,39.91442
4844,2008-02-07 18:52:25,116.42694,39.91443
4844,2008-02-07 18:57:25,116.42704,39.91446
4844,2008-02-07 19:02:25,116.42709,39.91444
4844,2008-02-07 19:07:24,116.42703,39.91452
4844,2008-02-07 19:12:24,116.42707,39.91455
4844,2008-02-07 19:17:24,116.42708,39.91453
4844,2008-02-07 19:22:24,116.42705,39.9145
4844,2008-02-07 19:27:24,116.42707,39.91451
4844,2008-02-07 19:32:24,116.41125,39.92251
4844,2008-02-07 19:37:24,116.39007,39.93227
4844,2008-02-07 19:42:24,116.38746,39.94767
4844,2008-02-07 19:47:24,116.37078,39.96683
4844,2008-02-07 19:52:24,116.36349,39.97895
4844,2008-02-07 19:57:24,116.36416,39.96422
4844,2008-02-07 20:02:24,116.36611,39.94263
4844,2008-02-07 20:07:25,116.37104,39.92151
4844,2008-02-07 20:12:24,116.37668,39.92121
4844,2008-02-07 20:17:24,116.39964,39.92294
4844,2008-02-07 20:22:24,116.42414,39.92302
4844,2008-02-07 20:27:24,116.43955,39.9219
4844,2008-02-07 20:32:24,116.44429,39.9151
4844,2008-02-07 20:37:24,116.43868,39.92209
4844,2008-02-07 20:42:24,116.42754,39.94517
4844,2008-02-07 20:47:24,116.41207,39.96143
4844,2008-02-07 20:47:24,116.41207,39.96143
4844,2008-02-07 20:52:24,116.4109,39.99059
4844,2008-02-07 20:57:24,116.40701,39.99748
4844,2008-02-07 21:02:24,116.37645,39.98645
4844,2008-02-07 21:07:24,116.36771,39.9737
4844,2008-02-07 21:12:24,116.38587,39.96694
4844,2008-02-07 21:17:24,116.40164,39.95805
4844,2008-02-07 21:22:24,116.39944,39.94799
4844,2008-02-07 21:27:24,116.34958,39.94227
4844,2008-02-07 21:32:24,116.32284,39.93707
4844,2008-02-07 21:37:24,116.35326,39.93917
4844,2008-02-07 21:42:24,116.35371,39.9311
4844,2008-02-07 21:47:24,116.34925,39.93483
4844,2008-02-07 21:52:24,116.36579,39.93118
4844,2008-02-07 21:57:24,116.39119,39.93197
4844,2008-02-07 22:02:24,116.40524,39.93801
4844,2008-02-07 22:07:24,116.42534,39.93966
4844,2008-02-07 22:12:24,116.42654,39.91432
4844,2008-02-07 22:17:24,116.42653,39.91439
4844,2008-02-07 22:22:24,116.42651,39.9145
4844,2008-02-07 22:27:24,116.42657,39.91428
4844,2008-02-07 22:32:24,116.41387,39.90708
4844,2008-02-07 22:37:24,116.4167,39.92292
4844,2008-02-07 22:42:24,116.44308,39.92161
4844,2008-02-07 22:47:24,116.46716,39.92174
4844,2008-02-07 22:52:24,116.50956,39.92192
4844,2008-02-07 22:57:24,116.50369,39.92971
4844,2008-02-07 23:02:24,116.51118,39.92946
4844,2008-02-07 23:07:24,116.49142,39.92182
4844,2008-02-07 23:12:24,116.47973,39.92179
4844,2008-02-07 23:12:24,116.47973,39.92179
4844,2008-02-07 23:17:23,116.47978,39.92181
4844,2008-02-07 23:22:23,116.4586,39.922
4844,2008-02-07 23:27:23,116.44615,39.92199
4844,2008-02-07 23:32:23,116.42031,39.92308
4844,2008-02-07 23:37:23,116.39737,39.9258
4844,2008-02-07 23:42:23,116.39713,39.92257
4844,2008-02-07 23:47:23,116.41119,39.92537
4844,2008-02-07 23:52:23,116.41113,39.92497
4844,2008-02-07 23:57:23,116.40038,39.92453
4844,2008-02-08 00:02:23,116.41455,39.92291
4844,2008-02-08 00:07:23,116.42699,39.91438
4844,2008-02-08 00:12:23,116.42699,39.91439
4844,2008-02-08 00:17:23,116.42702,39.91452
4844,2008-02-08 00:22:23,116.42697,39.91451
4844,2008-02-08 00:27:23,116.42701,39.91449
4844,2008-02-08 00:32:23,116.42695,39.91457
4844,2008-02-08 00:37:23,116.42696,39.91455
4844,2008-02-08 00:42:23,116.42695,39.91442
4844,2008-02-08 00:47:23,116.42696,39.91444
4844,2008-02-08 00:52:23,116.42694,39.91446
4844,2008-02-08 00:57:23,116.4269,39.91436
4844,2008-02-08 01:02:23,116.42688,39.91432
4844,2008-02-08 01:07:23,116.4269,39.91428
4844,2008-02-08 01:12:23,116.42692,39.91431
4844,2008-02-08 01:17:23,116.42693,39.91464
4844,2008-02-08 01:22:23,116.42698,39.91455
4844,2008-02-08 01:27:23,116.42698,39.91468
4844,2008-02-08 01:32:23,116.42693,39.91465
4844,2008-02-08 01:37:23,116.427,39.91459
4844,2008-02-08 01:37:23,116.427,39.91459
4844,2008-02-08 01:42:23,116.427,39.91454
4844,2008-02-08 01:47:23,116.427,39.91461
4844,2008-02-08 01:52:23,116.42709,39.91445
4844,2008-02-08 01:57:23,116.42713,39.91428
4844,2008-02-08 02:22:23,116.42701,39.91455
4844,2008-02-08 02:47:23,116.42703,39.91427
4844,2008-02-08 02:52:23,116.42708,39.91431
4844,2008-02-08 02:57:23,116.42703,39.9144
4844,2008-02-08 03:02:23,116.42699,39.9145
4844,2008-02-08 03:07:23,116.427,39.91449
4844,2008-02-08 03:12:23,116.42701,39.9145
4844,2008-02-08 03:17:23,116.42691,39.91437
4844,2008-02-08 03:22:23,116.42696,39.9145
4844,2008-02-08 03:27:23,116.42699,39.91453
4844,2008-02-08 03:32:22,116.42693,39.91447
4844,2008-02-08 03:37:22,116.42697,39.91451
4844,2008-02-08 03:42:22,116.42692,39.91448
4844,2008-02-08 03:47:22,116.427,39.91448
4844,2008-02-08 03:52:22,116.42697,39.91452
4844,2008-02-08 03:57:22,116.42697,39.91453
4844,2008-02-08 04:02:22,116.42702,39.91457
4844,2008-02-08 04:02:22,116.42702,39.91457
4844,2008-02-08 04:07:22,116.42696,39.91448
4844,2008-02-08 04:12:22,116.42705,39.91452
4844,2008-02-08 04:17:22,116.42708,39.91458
4844,2008-02-08 04:22:22,116.42705,39.9146
4844,2008-02-08 04:27:22,116.4271,39.91466
4844,2008-02-08 04:37:22,116.42707,39.91458
4844,2008-02-08 04:42:22,116.42695,39.91448
4844,2008-02-08 04:42:22,116.42695,39.91448
4844,2008-02-08 04:42:22,116.42695,39.91448
4844,2008-02-08 04:42:22,116.42695,39.91448
4844,2008-02-08 04:47:22,116.427,39.91456
4844,2008-02-08 04:52:22,116.42699,39.91456
4844,2008-02-08 04:57:22,116.42704,39.91458
4844,2008-02-08 05:02:22,116.42701,39.91452
4844,2008-02-08 05:07:22,116.42695,39.9146
4844,2008-02-08 05:12:22,116.42685,39.91455
4844,2008-02-08 05:17:22,116.42686,39.91444
4844,2008-02-08 05:22:22,116.42692,39.91445
4844,2008-02-08 05:27:22,116.42678,39.91438
4844,2008-02-08 05:32:22,116.42687,39.91442
4844,2008-02-08 05:37:22,116.42688,39.91438
4844,2008-02-08 05:42:22,116.42688,39.91428
4844,2008-02-08 05:47:22,116.4269,39.91413
4844,2008-02-08 05:52:22,116.42694,39.91441
4844,2008-02-08 05:57:22,116.42686,39.91442
4844,2008-02-08 06:02:22,116.42688,39.91443
4844,2008-02-08 06:07:22,116.42681,39.9144
4844,2008-02-08 06:12:22,116.42684,39.91444
4844,2008-02-08 06:17:22,116.42683,39.91442
4844,2008-02-08 06:22:22,116.4268,39.9144
4844,2008-02-08 06:27:22,116.42684,39.91438
4844,2008-02-08 06:27:22,116.42684,39.91438
4844,2008-02-08 06:32:22,116.42687,39.9144
4844,2008-02-08 06:37:22,116.4269,39.91443
4844,2008-02-08 06:42:22,116.42697,39.91448
4844,2008-02-08 06:47:22,116.42701,39.91449
4844,2008-02-08 06:52:22,116.42694,39.91435
4844,2008-02-08 06:57:22,116.42688,39.91432
4844,2008-02-08 07:02:22,116.42688,39.91431
4844,2008-02-08 07:07:22,116.42692,39.91431
4844,2008-02-08 07:12:22,116.42694,39.91435
4844,2008-02-08 07:17:22,116.42694,39.91434
4844,2008-02-08 07:22:22,116.42695,39.91427
4844,2008-02-08 07:27:22,116.4269,39.91423
4844,2008-02-08 07:32:22,116.42686,39.91392
4844,2008-02-08 07:37:22,116.42674,39.91396
4844,2008-02-08 07:42:22,116.42681,39.91427
4844,2008-02-08 07:47:21,116.42693,39.91444
4844,2008-02-08 07:52:21,116.42691,39.91454
4844,2008-02-08 07:57:21,116.42693,39.91447
4844,2008-02-08 08:02:21,116.42697,39.91442
4844,2008-02-08 08:07:21,116.42703,39.91447
4844,2008-02-08 08:12:25,116.42704,39.91444
4844,2008-02-08 08:17:21,116.42711,39.91448
4844,2008-02-08 08:22:21,116.42736,39.91453
4844,2008-02-08 08:27:21,116.42713,39.91449
4844,2008-02-08 08:32:21,116.42712,39.91455
4844,2008-02-08 08:37:21,116.4272,39.9144
4844,2008-02-08 08:42:21,116.42723,39.91433
4844,2008-02-08 08:47:21,116.42715,39.91432
4844,2008-02-08 08:52:21,116.42766,39.91445
4844,2008-02-08 08:52:21,116.42766,39.91445
4844,2008-02-08 08:57:21,116.42772,39.91431
4844,2008-02-08 09:02:21,116.42691,39.9143
4844,2008-02-08 09:07:21,116.42703,39.91447
4844,2008-02-08 09:12:21,116.4271,39.91451
4844,2008-02-08 09:12:21,116.4271,39.91451
4844,2008-02-08 09:17:21,116.42712,39.91449
4844,2008-02-08 09:22:21,116.42719,39.91456
4844,2008-02-08 09:27:21,116.42728,39.91455
4844,2008-02-08 09:32:21,116.42733,39.91463
4844,2008-02-08 09:37:21,116.4273,39.91462
4844,2008-02-08 09:42:21,116.4273,39.91466
4844,2008-02-08 09:47:21,116.42724,39.91463
4844,2008-02-08 09:52:21,116.42724,39.9146
4844,2008-02-08 09:57:21,116.42714,39.91461
4844,2008-02-08 10:02:21,116.4272,39.9146
4844,2008-02-08 10:07:21,116.42711,39.91456
4844,2008-02-08 10:12:21,116.42721,39.91453
4844,2008-02-08 10:17:21,116.42713,39.91455
4844,2008-02-08 10:22:21,116.42715,39.91459
4844,2008-02-08 10:27:21,116.42706,39.91456
4844,2008-02-08 10:32:21,116.42717,39.91458
4844,2008-02-08 10:37:21,116.42715,39.91456
4844,2008-02-08 10:42:21,116.427,39.91448
4844,2008-02-08 10:47:21,116.42702,39.91447
4844,2008-02-08 10:52:21,116.42702,39.9145
4844,2008-02-08 10:57:21,116.42702,39.91452
4844,2008-02-08 11:02:21,116.42703,39.91438
4844,2008-02-08 11:07:21,116.42707,39.91415
4844,2008-02-08 11:12:21,116.42707,39.91401
4844,2008-02-08 11:17:21,116.42701,39.91444
4844,2008-02-08 11:17:21,116.42701,39.91444
4844,2008-02-08 11:22:21,116.42703,39.91431
4844,2008-02-08 11:27:21,116.427,39.91432
4844,2008-02-08 11:32:21,116.427,39.91432
4844,2008-02-08 11:37:21,116.42704,39.91441
4844,2008-02-08 11:42:21,116.42705,39.9143
4844,2008-02-08 11:47:21,116.42702,39.91434
4844,2008-02-08 11:52:21,116.42707,39.91437
4844,2008-02-08 11:57:21,116.42704,39.91444
4844,2008-02-08 12:02:20,116.42703,39.9144
4844,2008-02-08 12:07:20,116.427,39.91446
4844,2008-02-08 12:12:20,116.42701,39.91443
4844,2008-02-08 12:17:20,116.42704,39.9145
4844,2008-02-08 12:22:20,116.4269,39.91447
4844,2008-02-08 12:27:20,116.42694,39.9145
4844,2008-02-08 12:32:20,116.42689,39.9144
4844,2008-02-08 12:37:20,116.4269,39.91444
4844,2008-02-08 12:42:20,116.42706,39.91452
4844,2008-02-08 12:47:20,116.42702,39.91451
4844,2008-02-08 12:52:20,116.42697,39.91448
4844,2008-02-08 12:57:20,116.42697,39.91449
4844,2008-02-08 13:02:20,116.42698,39.9145
4844,2008-02-08 13:07:20,116.42698,39.9144
4844,2008-02-08 13:12:20,116.427,39.91442
4844,2008-02-08 13:17:20,116.42707,39.91449
4844,2008-02-08 13:22:20,116.4268,39.91408
4844,2008-02-08 13:27:20,116.42677,39.91406
4844,2008-02-08 13:32:20,116.42687,39.91415
4844,2008-02-08 13:37:20,116.42684,39.9141
4844,2008-02-08 13:42:20,116.42689,39.91426
4844,2008-02-08 13:42:20,116.42689,39.91426
4844,2008-02-08 13:47:20,116.42672,39.91398
4844,2008-02-08 13:52:20,116.42663,39.91386
4844,2008-02-08 13:57:20,116.42669,39.91399
4844,2008-02-08 14:02:20,116.42685,39.91413
4844,2008-02-08 14:07:20,116.42684,39.91425
4844,2008-02-08 14:12:20,116.42699,39.91446
4844,2008-02-08 14:17:20,116.42686,39.9136
4844,2008-02-08 14:22:20,116.42742,39.91442
4844,2008-02-08 14:27:20,116.42799,39.91495
4844,2008-02-08 14:32:20,116.42775,39.91494
4844,2008-02-08 14:37:20,116.42683,39.91419
4844,2008-02-08 14:42:20,116.42701,39.91428
4844,2008-02-08 14:47:20,116.42701,39.91453
4844,2008-02-08 14:52:20,116.42696,39.91445
4844,2008-02-08 14:57:20,116.42704,39.91458
4844,2008-02-08 15:02:20,116.42702,39.91454
4844,2008-02-08 15:07:20,116.42696,39.91454
4844,2008-02-08 15:12:20,116.42695,39.91449
4844,2008-02-08 15:17:20,116.42696,39.91452
4844,2008-02-08 15:22:20,116.42697,39.91448
4844,2008-02-08 15:27:20,116.42696,39.91447
4844,2008-02-08 15:32:20,116.42697,39.91449
4844,2008-02-08 15:37:20,116.42011,39.92051
4844,2008-02-08 15:42:20,116.41938,39.94145
4844,2008-02-08 15:47:20,116.41021,39.94928
4844,2008-02-08 15:52:20,116.41273,39.94911
4844,2008-02-08 15:57:20,116.39908,39.94774
4844,2008-02-08 16:02:20,116.37489,39.96962
4844,2008-02-08 16:03:43,116.37514,39.97545
4844,2008-02-08 16:12:25,116.38143,39.96681
4844,2008-02-08 16:17:25,116.40079,39.96066
4844,2008-02-08 16:21:55,116.40202,39.94549
4844,2008-02-08 16:21:55,116.40202,39.94549
4844,2008-02-08 16:22:16,116.40202,39.94549
4844,2008-02-08 16:27:25,116.38977,39.93802
4844,2008-02-08 16:32:25,116.39005,39.93535
4844,2008-02-08 16:37:25,116.39544,39.93705
4844,2008-02-08 16:42:25,116.41052,39.94264
4844,2008-02-08 16:47:25,116.41047,39.9437
4844,2008-02-08 16:52:25,116.42185,39.94791
4844,2008-02-08 16:57:25,116.43248,39.92289
4844,2008-02-08 17:02:25,116.43976,39.92146
4844,2008-02-08 17:07:25,116.42932,39.90725
4844,2008-02-08 17:12:25,116.4141,39.89558
4844,2008-02-08 17:17:25,116.41307,39.89559
4844,2008-02-08 17:22:25,116.41277,39.88799
4844,2008-02-08 17:27:25,116.41818,39.88371
4844,2008-02-08 17:32:25,116.41825,39.88383
4844,2008-02-08 17:37:25,116.4182,39.88383
