taxi_id,time,lon,lat
6378,2008-02-02 13:36:56,116.32765,39.96627
6378,2008-02-02 13:41:58,116.31196,39.97404
6378,2008-02-02 13:47:00,116.30772,39.9804
6378,2008-02-02 13:52:01,116.32632,39.9846
6378,2008-02-02 13:57:03,116.37326,39.98173
6378,2008-02-02 14:26:20,116.30069,39.90644
6378,2008-02-02 14:31:22,116.289,39.90768
6378,2008-02-02 14:36:23,116.29125,39.92819
6378,2008-02-02 14:41:36,116.27465,39.9559
6378,2008-02-02 14:46:27,116.24942,39.98059
6378,2008-02-02 14:50:18,116.24715,39.98342
6378,2008-02-02 14:55:24,116.24713,39.98343
6378,2008-02-02 14:55:24,116.24713,39.98343
6378,2008-02-02 14:55:24,116.24713,39.98343
6378,2008-02-02 15:24:38,116.2214,39.98986
6378,2008-02-02 15:24:38,116.2214,39.98986
6378,2008-02-02 15:24:38,116.2214,39.98986
6378,2008-02-02 15:24:38,116.2214,39.98986
6378,2008-02-02 15:24:38,116.2214,39.98986
6378,2008-02-02 15:24:38,116.2214,39.98986
6378,2008-02-02 15:24:38,116.2214,39.98986
6378,2008-02-02 15:24:38,116.2214,39.98986
6378,2008-02-02 15:24:38,116.2214,39.98986
6378,2008-02-02 15:24:38,116.2214,39.98986
6378,2008-02-02 15:24:38,116.2214,39.98986
6378,2008-02-02 15:24:38,116.2214,39.98986
6378,2008-02-02 15:24:38,116.2214,39.98986
6378,2008-02-02 15:24:38,116.2214,39.98986
6378,2008-02-02 15:24:38,116.2214,39.98986
6378,2008-02-02 15:24:38,116.2214,39.98986
6378,2008-02-02 15:24:38,116.2214,39.98986
6378,2008-02-02 15:24:38,116.2214,39.98986
6378,2008-02-02 16:54:18,116.21858,39.99445
6378,2008-02-02 16:59:20,116.25077,40.00476
6378,2008-02-02 17:04:21,116.28312,39.99956
6378,2008-02-02 17:09:23,116.29831,39.99477
6378,2008-02-02 17:14:25,116.2994,39.98419
6378,2008-02-02 17:24:28,116.31446,39.96712
6378,2008-02-02 17:29:30,116.34111,39.96604
6378,2008-02-02 17:34:32,116.33974,39.96221
6378,2008-02-02 17:39:34,116.34028,39.96593
6378,2008-02-02 17:44:36,116.34595,39.96648
6378,2008-02-02 17:49:37,116.3176,39.96597
6378,2008-02-02 17:54:39,116.30455,39.96222
6378,2008-02-02 17:59:41,116.30098,39.96052
6378,2008-02-02 18:04:43,116.28228,39.9569
6378,2008-02-02 18:09:45,116.29624,39.95847
6378,2008-02-02 18:14:46,116.29958,39.95968
6378,2008-02-02 18:19:48,116.30428,39.96161
6378,2008-02-02 18:24:50,116.34703,39.9663
6378,2008-02-02 18:29:52,116.36389,39.97362
6378,2008-02-02 18:34:54,116.35242,39.97538
6378,2008-02-02 18:55:07,116.32931,39.97526
6378,2008-02-02 19:00:09,116.31961,39.97497
6378,2008-02-02 19:05:11,116.30795,39.97038
6378,2008-02-02 19:10:12,116.29976,39.98092
6378,2008-02-02 19:15:14,116.29932,39.98673
6378,2008-02-02 19:20:16,116.312,40.0049
6378,2008-02-02 19:25:18,116.30836,40.01872
6378,2008-02-02 19:30:20,116.29873,40.03874
6378,2008-02-02 19:35:21,116.27724,40.05437
6378,2008-02-02 19:40:23,116.26751,40.06701
6378,2008-02-02 19:45:25,116.26009,40.08062
6378,2008-02-02 19:50:27,116.22504,40.06829
6378,2008-02-02 19:55:29,116.23457,40.05696
6378,2008-02-02 20:00:30,116.23697,40.04461
6378,2008-02-02 20:05:32,116.25827,40.0369
6378,2008-02-02 20:10:34,116.27207,40.0247
6378,2008-02-02 20:15:36,116.28453,40.02228
6378,2008-02-02 20:20:37,116.30402,40.02459
6378,2008-02-02 20:25:39,116.31793,40.01193
6378,2008-02-02 20:25:39,116.31793,40.01193
6378,2008-02-02 20:30:40,116.33105,39.99745
6378,2008-02-02 20:35:42,116.3384,39.98493
6378,2008-02-02 20:40:44,116.34636,39.98522
6378,2008-02-02 20:45:45,116.34939,39.94984
6378,2008-02-02 20:45:45,116.34939,39.94984
6378,2008-02-02 20:50:47,116.34944,39.93399
6378,2008-02-02 20:55:49,116.34985,39.92138
6378,2008-02-02 21:00:51,116.35303,39.9127
6378,2008-02-02 21:05:53,116.3662,39.91237
6378,2008-02-02 21:10:54,116.35801,39.91277
6378,2008-02-02 21:15:56,116.34719,39.91262
6378,2008-02-02 21:26:00,116.32856,39.92097
6378,2008-02-02 21:31:02,116.3271,39.93131
6378,2008-02-02 21:36:06,116.31942,39.93956
6378,2008-02-02 21:41:08,116.32853,39.95085
6378,2008-02-02 21:41:53,116.32853,39.95085
6378,2008-02-02 21:41:53,116.32853,39.95085
6378,2008-02-02 21:50:42,116.33048,39.96645
6378,2008-02-02 21:57:43,116.32986,39.96785
6378,2008-02-02 21:57:43,116.32986,39.96785
6378,2008-02-02 21:57:43,116.32986,39.96785
6378,2008-02-02 22:17:04,116.32981,39.96775
6378,2008-02-02 22:22:06,116.32502,39.9664
6378,2008-02-02 22:27:07,116.31504,39.97154
6378,2008-02-02 22:32:08,116.298,39.95929
6378,2008-02-02 22:32:08,116.298,39.95929
6378,2008-02-02 22:37:10,116.29237,39.97308
6378,2008-02-02 22:42:12,116.30941,39.97486
6378,2008-02-02 22:47:14,116.29594,39.97358
6378,2008-02-02 22:52:15,116.30236,39.95816
6378,2008-02-02 22:57:17,116.30303,39.95519
6378,2008-02-02 23:02:19,116.30328,39.95175
6378,2008-02-02 23:07:21,116.30403,39.91754
6378,2008-02-02 23:12:23,116.30416,39.8949
6378,2008-02-02 23:17:24,116.30474,39.88002
6378,2008-02-02 23:22:26,116.33823,39.84798
6378,2008-02-02 23:27:28,116.37458,39.85156
6378,2008-02-02 23:32:30,116.3763,39.85086
6378,2008-02-02 23:37:31,116.35894,39.85379
6378,2008-02-02 23:42:33,116.33182,39.84621
6378,2008-02-02 23:47:35,116.3282,39.84792
6378,2008-02-02 23:52:40,116.31325,39.8541
6378,2008-02-02 23:57:42,116.30455,39.90152
6378,2008-02-03 00:02:28,116.30454,39.91122
6378,2008-02-03 00:16:43,116.34016,39.93103
6378,2008-02-03 00:21:44,116.37289,39.9315
6378,2008-02-03 00:31:47,116.41132,39.91407
6378,2008-02-03 00:36:49,116.42939,39.90835
6378,2008-02-03 00:41:50,116.46256,39.90678
6378,2008-02-03 00:46:52,116.47215,39.90967
6378,2008-02-03 00:51:54,116.45602,39.91165
6378,2008-02-03 00:56:56,116.45588,39.93195
6378,2008-02-03 01:01:58,116.42427,39.9682
6378,2008-02-03 01:01:58,116.42427,39.9682
6378,2008-02-03 01:06:59,116.36428,39.96682
6378,2008-02-03 01:12:01,116.31758,39.96593
6378,2008-02-03 01:17:03,116.28389,39.95639
6378,2008-02-03 01:22:05,116.25653,39.97216
6378,2008-02-03 01:27:07,116.22005,39.98716
6378,2008-02-03 01:32:08,116.20499,39.99252
6378,2008-02-03 01:37:10,116.22137,39.98993
6378,2008-02-03 01:40:06,116.22135,39.99003
6378,2008-02-03 01:45:13,116.22134,39.99001
6378,2008-02-03 01:45:13,116.22134,39.99001
6378,2008-02-03 01:45:13,116.22134,39.99001
6378,2008-02-03 01:45:13,116.22134,39.99001
6378,2008-02-03 01:45:13,116.22134,39.99001
6378,2008-02-03 01:45:13,116.22134,39.99001
6378,2008-02-03 01:45:13,116.22134,39.99001
6378,2008-02-03 01:45:13,116.22134,39.99001
6378,2008-02-03 01:45:13,116.22134,39.99001
6378,2008-02-03 01:45:13,116.22134,39.99001
6378,2008-02-03 01:45:13,116.22134,39.99001
6378,2008-02-03 07:46:26,116.22133,39.9901
6378,2008-02-03 07:51:28,116.21718,39.98931
6378,2008-02-03 08:00:22,116.20203,39.97288
6378,2008-02-03 08:06:36,116.2034,39.96623
6378,2008-02-03 08:11:38,116.2034,39.96623
6378,2008-02-03 08:21:44,116.20335,39.9662
6378,2008-02-03 08:36:49,116.21153,39.99236
6378,2008-02-03 08:51:55,116.20464,39.90627
6378,2008-02-03 08:56:57,116.22857,39.90612
6378,2008-02-03 09:01:58,116.247,39.90624
6378,2008-02-03 09:07:00,116.24695,39.92569
6378,2008-02-03 09:12:02,116.26577,39.92756
6378,2008-02-03 09:17:04,116.26518,39.92758
6378,2008-02-03 09:22:06,116.27432,39.94531
6378,2008-02-03 09:32:09,116.34397,39.93836
6378,2008-02-03 09:42:13,116.34947,39.949
6378,2008-02-03 09:47:15,116.34573,39.94
6378,2008-02-03 10:02:19,116.32901,39.91699
6378,2008-02-03 10:07:21,116.32919,39.90406
6378,2008-02-03 10:12:22,116.3295,39.89609
6378,2008-02-03 10:17:24,116.30125,39.88994
6378,2008-02-03 10:22:26,116.30451,39.88588
6378,2008-02-03 10:27:28,116.30715,39.89546
6378,2008-02-03 10:27:28,116.30715,39.89546
6378,2008-02-03 11:05:37,116.29605,39.90235
6378,2008-02-03 11:05:37,116.29605,39.90235
6378,2008-02-03 12:30:16,116.28489,39.91171
6378,2008-02-03 12:40:19,116.30405,39.9044
6378,2008-02-03 12:45:21,116.30416,39.89446
6378,2008-02-03 12:55:25,116.30429,39.88359
6378,2008-02-03 13:00:26,116.30751,39.88475
6378,2008-02-03 13:05:28,116.31048,39.88599
6378,2008-02-03 13:10:30,116.31439,39.88286
6378,2008-02-03 13:20:34,116.30439,39.89964
6378,2008-02-03 13:25:35,116.30423,39.91997
6378,2008-02-03 13:30:37,116.29374,39.94479
6378,2008-02-03 13:40:41,116.28133,39.95667
6378,2008-02-03 14:00:48,116.3127,39.96478
6378,2008-02-03 14:05:50,116.3237,39.96637
6378,2008-02-03 14:10:51,116.31595,39.96604
6378,2008-02-03 14:25:14,116.30974,39.96412
6378,2008-02-03 14:30:15,116.30391,39.9343
6378,2008-02-03 14:35:17,116.30405,39.9191
6378,2008-02-03 14:40:19,116.30416,39.90022
6378,2008-02-03 14:45:21,116.31027,39.88581
6378,2008-02-03 14:50:23,116.31152,39.877
6378,2008-02-03 14:55:24,116.31026,39.86677
6378,2008-02-03 15:00:26,116.30623,39.87019
6378,2008-02-03 15:05:28,116.30595,39.87228
6378,2008-02-03 15:10:30,116.3058,39.87374
6378,2008-02-03 15:15:32,116.30558,39.87559
6378,2008-02-03 15:20:33,116.30541,39.87777
6378,2008-02-03 15:25:35,116.30496,39.87796
6378,2008-02-03 15:30:37,116.31023,39.85698
6378,2008-02-03 15:35:39,116.3251,39.85745
6378,2008-02-03 15:40:40,116.3275,39.85608
6378,2008-02-03 15:45:45,116.31858,39.85743
6378,2008-02-03 15:50:46,116.30841,39.86471
6378,2008-02-03 15:55:48,116.30893,39.86523
6378,2008-02-03 16:00:50,116.30441,39.8671
6378,2008-02-03 16:05:52,116.27701,39.86272
6378,2008-02-03 16:05:52,116.27701,39.86272
6378,2008-02-03 16:10:54,116.27735,39.84781
6378,2008-02-03 16:15:55,116.27986,39.83494
6378,2008-02-03 16:20:57,116.27911,39.83121
6378,2008-02-03 16:31:01,116.28072,39.83837
6378,2008-02-03 16:36:02,116.27785,39.84968
6378,2008-02-03 16:41:04,116.27753,39.86037
6378,2008-02-03 16:46:06,116.27161,39.87705
6378,2008-02-03 16:51:08,116.26975,39.89525
6378,2008-02-03 16:56:10,116.26123,39.89903
6378,2008-02-03 17:01:11,116.25867,39.90566
6378,2008-02-03 17:06:13,116.25871,39.91542
6378,2008-02-03 17:11:18,116.25865,39.92257
6378,2008-02-03 17:16:19,116.26987,39.9236
6378,2008-02-03 17:21:21,116.28585,39.9462
6378,2008-02-03 17:26:23,116.30392,39.9459
6378,2008-02-03 17:31:25,116.33733,39.96622
6378,2008-02-03 17:36:26,116.37799,39.96677
6378,2008-02-03 17:41:28,116.41123,39.96749
6378,2008-02-03 17:46:30,116.41775,39.97403
6378,2008-02-03 17:52:45,116.42463,39.98077
6378,2008-02-03 17:57:49,116.43767,39.98596
6378,2008-02-03 18:02:50,116.46122,40.01366
6378,2008-02-03 18:07:52,116.46103,40.01718
6378,2008-02-03 18:12:54,116.46091,40.02013
6378,2008-02-03 18:17:56,116.46153,39.99951
6378,2008-02-03 18:22:58,116.46057,39.98639
6378,2008-02-03 18:27:59,116.44905,39.97989
6378,2008-02-03 18:33:01,116.44182,39.97194
6378,2008-02-03 18:38:03,116.44235,39.96332
6378,2008-02-03 18:43:05,116.44919,39.95567
6378,2008-02-03 18:48:06,116.45546,39.93911
6378,2008-02-03 18:53:08,116.44502,39.93245
6378,2008-02-03 18:58:10,116.42735,39.93281
6378,2008-02-03 19:03:12,116.40362,39.93208
6378,2008-02-03 19:08:14,116.38219,39.93201
6378,2008-02-03 19:13:15,116.37322,39.93778
6378,2008-02-03 19:18:17,116.37722,39.94998
6378,2008-02-03 19:23:19,116.3874,39.95178
6378,2008-02-03 19:28:21,116.37715,39.95
6378,2008-02-03 19:33:23,116.37782,39.96144
6378,2008-02-03 19:38:24,116.37564,39.96144
6378,2008-02-03 19:43:26,116.36514,39.96694
6378,2008-02-03 19:48:28,116.37038,39.97535
6378,2008-02-03 19:53:30,116.37409,39.96811
6378,2008-02-03 19:58:31,116.37831,39.9616
6378,2008-02-03 20:03:33,116.36813,39.96686
6378,2008-02-03 20:08:35,116.34499,39.96648
6378,2008-02-03 20:13:37,116.32927,39.96632
6378,2008-02-03 20:18:39,116.30346,39.94863
6378,2008-02-03 20:23:40,116.30373,39.93311
6378,2008-02-03 20:28:42,116.30405,39.92012
6378,2008-02-03 20:33:44,116.30407,39.90828
6378,2008-02-03 20:38:46,116.30406,39.89233
6378,2008-02-03 20:43:48,116.28217,39.87726
6378,2008-02-03 20:53:51,116.28425,39.83526
6378,2008-02-03 20:58:53,116.28394,39.83115
6378,2008-02-03 21:03:58,116.28013,39.84044
6378,2008-02-03 21:08:59,116.27744,39.86029
6378,2008-02-03 21:14:01,116.26809,39.88902
6378,2008-02-03 21:19:03,116.26902,39.93103
6378,2008-02-03 21:24:05,116.28821,39.94637
6378,2008-02-03 21:29:06,116.33165,39.93687
6378,2008-02-03 21:34:08,116.343,39.94661
6378,2008-02-03 21:39:10,116.34489,39.95666
6378,2008-02-03 21:44:12,116.34892,39.94019
6378,2008-02-03 21:44:12,116.34892,39.94019
6378,2008-02-03 21:49:13,116.3511,39.93926
6378,2008-02-03 21:54:47,116.351,39.93961
6378,2008-02-03 21:54:47,116.351,39.93961
6378,2008-02-03 22:09:09,116.33934,39.94444
6378,2008-02-03 22:14:11,116.32859,39.96246
6378,2008-02-03 22:25:10,116.32779,39.96642
6378,2008-02-03 22:30:12,116.30371,39.9464
6378,2008-02-03 22:35:14,116.34281,39.93825
6378,2008-02-03 22:40:15,116.34271,39.93884
6378,2008-02-03 22:50:20,116.31956,39.9387
6378,2008-02-03 22:55:21,116.31739,39.95528
6378,2008-02-03 23:00:23,116.31035,39.96435
6378,2008-02-03 23:05:25,116.2948,39.97761
6378,2008-02-03 23:10:27,116.31002,39.98818
6378,2008-02-03 23:15:29,116.33119,39.99158
6378,2008-02-03 23:25:32,116.35038,39.98543
6378,2008-02-03 23:30:34,116.40205,39.98685
6378,2008-02-03 23:35:36,116.39997,39.99733
6378,2008-02-03 23:40:38,116.40714,39.98743
6378,2008-02-04 00:12:28,116.414,39.98198
6378,2008-02-04 00:17:29,116.4186,39.96824
6378,2008-02-04 00:22:31,116.41911,39.94801
6378,2008-02-04 00:27:33,116.42272,39.9387
6378,2008-02-04 00:32:35,116.41043,39.94743
6378,2008-02-04 00:37:37,116.45945,39.96635
6378,2008-02-04 00:42:38,116.45135,39.98747
6378,2008-02-04 00:47:40,116.45497,39.98537
6378,2008-02-04 00:52:42,116.44571,39.97616
6378,2008-02-04 00:52:42,116.44571,39.97616
6378,2008-02-04 00:57:44,116.43036,39.96818
6378,2008-02-04 01:02:48,116.4303,39.96815
6378,2008-02-04 01:07:53,116.39186,39.96732
6378,2008-02-04 01:12:54,116.33641,39.96637
6378,2008-02-04 01:17:56,116.32846,39.96095
6378,2008-02-04 01:22:58,116.33398,39.94688
6378,2008-02-04 01:28:00,116.32818,39.96572
6378,2008-02-04 01:32:44,116.31067,39.96429
6378,2008-02-04 01:41:58,116.29743,39.95914
6378,2008-02-04 01:47:00,116.29332,39.95833
6378,2008-02-04 01:52:02,116.26917,39.96233
6378,2008-02-04 01:57:03,116.26301,39.95284
6378,2008-02-04 02:02:05,116.25326,39.94548
6378,2008-02-04 02:24:24,116.26924,39.95159
6378,2008-02-04 02:24:24,116.26924,39.95159
6378,2008-02-04 02:29:26,116.26749,39.90627
6378,2008-02-04 02:34:27,116.24575,39.91046
6378,2008-02-04 02:39:29,116.24698,39.92353
6378,2008-02-04 02:44:31,116.26602,39.9273
6378,2008-02-04 02:49:33,116.26852,39.91734
6378,2008-02-04 02:54:34,116.26796,39.90611
6378,2008-02-04 02:59:36,116.27742,39.90186
6378,2008-02-04 03:04:38,116.27581,39.92325
6378,2008-02-04 03:09:40,116.26013,39.94576
6378,2008-02-04 03:14:42,116.23742,39.96219
6378,2008-02-04 03:19:43,116.25463,39.97209
6378,2008-02-04 03:24:45,116.2687,39.95991
6378,2008-02-04 03:29:50,116.26877,39.95969
6378,2008-02-04 03:39:56,116.26894,39.94979
6378,2008-02-04 03:44:58,116.26857,39.93999
6378,2008-02-04 03:50:00,116.26762,39.90987
6378,2008-02-04 03:55:01,116.25857,39.8961
6378,2008-02-04 04:00:03,116.25848,39.89501
6378,2008-02-04 04:05:05,116.26148,39.91637
6378,2008-02-04 04:10:07,116.26767,39.91334
6378,2008-02-04 04:15:08,116.25873,39.91797
6378,2008-02-04 04:20:10,116.266,39.92733
6378,2008-02-04 04:25:12,116.25427,39.93113
6378,2008-02-04 04:30:04,116.25139,39.93173
6378,2008-02-04 04:30:04,116.25139,39.93173
6378,2008-02-04 04:35:18,116.26841,39.92713
6378,2008-02-04 04:40:20,116.26931,39.96096
6378,2008-02-04 04:45:22,116.27102,39.94535
6378,2008-02-04 04:50:23,116.29999,39.94237
6378,2008-02-04 04:55:25,116.35012,39.9418
6378,2008-02-04 05:00:27,116.41449,39.94797
6378,2008-02-04 05:05:29,116.4373,39.93229
6378,2008-02-04 05:10:30,116.45436,39.92185
6378,2008-02-04 05:15:32,116.45511,39.9071
6378,2008-02-04 05:20:34,116.44969,39.89462
6378,2008-02-04 05:25:36,116.42198,39.89222
6378,2008-02-04 05:35:39,116.36241,39.88801
6378,2008-02-04 05:45:43,116.32253,39.88328
6378,2008-02-04 05:55:47,116.38039,39.86921
6378,2008-02-04 06:00:48,116.37798,39.86236
6378,2008-02-04 06:05:50,116.35174,39.85193
6378,2008-02-04 06:10:52,116.32331,39.84801
6378,2008-02-04 06:15:54,116.30896,39.86697
6378,2008-02-04 06:20:56,116.30511,39.89719
6378,2008-02-04 06:25:57,116.296,39.91315
6378,2008-02-04 06:30:59,116.30405,39.90433
6378,2008-02-04 06:30:59,116.30405,39.90433
6378,2008-02-04 06:36:01,116.28906,39.90319
6378,2008-02-04 06:41:03,116.29579,39.91442
6378,2008-02-04 06:45:53,116.28976,39.92306
6378,2008-02-04 06:51:09,116.28983,39.92301
6378,2008-02-04 06:54:55,116.28983,39.92301
6378,2008-02-04 07:00:01,116.28978,39.92305
6378,2008-02-04 07:00:01,116.28978,39.92305
6378,2008-02-04 07:00:01,116.28978,39.92305
6378,2008-02-04 07:00:01,116.28978,39.92305
6378,2008-02-04 07:14:14,116.2818,39.92307
6378,2008-02-04 07:19:16,116.26955,39.95075
6378,2008-02-04 07:19:16,116.26955,39.95075
6378,2008-02-04 07:24:17,116.24813,39.98208
6378,2008-02-04 07:29:19,116.22189,39.99168
6378,2008-02-04 07:37:18,116.22124,39.99028
6378,2008-02-04 07:37:18,116.22124,39.99028
6378,2008-02-04 07:42:37,116.2212,39.99025
6378,2008-02-04 07:42:37,116.2212,39.99025
6378,2008-02-04 07:42:37,116.2212,39.99025
6378,2008-02-04 07:42:37,116.2212,39.99025
6378,2008-02-04 07:42:37,116.2212,39.99025
6378,2008-02-04 08:11:55,116.22118,39.9903
6378,2008-02-04 08:16:57,116.23068,39.97788
6378,2008-02-04 08:21:58,116.2072,39.97193
6378,2008-02-04 08:32:04,116.20137,39.97187
6378,2008-02-04 08:37:06,116.20368,39.9923
6378,2008-02-04 08:48:09,116.22289,39.99606
6378,2008-02-04 08:53:11,116.25074,40.00655
6378,2008-02-04 08:58:16,116.26861,40.00181
6378,2008-02-04 09:03:17,116.28949,39.9924
6378,2008-02-04 09:08:19,116.30276,39.95635
6378,2008-02-04 09:13:21,116.30108,39.92296
6378,2008-02-04 09:18:14,116.29546,39.9306
6378,2008-02-04 09:23:27,116.30438,39.93842
6378,2008-02-04 09:53:36,116.34312,40.02784
6378,2008-02-04 09:58:37,116.32751,40.04863
6378,2008-02-04 10:03:39,116.32414,40.05474
6378,2008-02-04 10:03:39,116.32414,40.05474
6378,2008-02-04 10:08:41,116.33435,40.03816
6378,2008-02-04 10:13:43,116.347,40.02033
6378,2008-02-04 10:18:44,116.36808,39.99432
6378,2008-02-04 10:23:46,116.38709,39.98192
6378,2008-02-04 10:28:48,116.38845,39.96039
6378,2008-02-04 10:33:50,116.38696,39.96728
6378,2008-02-04 10:38:52,116.35982,39.96666
6378,2008-02-04 10:40:47,116.35488,39.96666
6378,2008-02-04 10:47:51,116.33565,39.96646
6378,2008-02-04 11:21:56,116.30366,39.94481
6378,2008-02-04 11:26:57,116.29103,39.95214
6378,2008-02-04 11:32:02,116.30326,39.95166
6378,2008-02-04 11:37:04,116.30123,39.92305
6378,2008-02-04 11:42:06,116.30436,39.93054
6378,2008-02-04 11:47:08,116.30331,39.94979
6378,2008-02-04 11:52:10,116.29031,39.94725
6378,2008-02-04 11:57:11,116.30383,39.94546
6378,2008-02-04 12:02:13,116.34385,39.93833
6378,2008-02-04 12:07:15,116.34645,39.93615
6378,2008-02-04 12:12:17,116.33776,39.92902
6378,2008-02-04 12:17:19,116.3311,39.92188
6378,2008-02-04 12:21:32,116.32692,39.9313
6378,2008-02-04 12:27:25,116.31963,39.93756
6378,2008-02-04 12:32:27,116.31556,39.96517
6378,2008-02-04 12:37:29,116.30898,39.97468
6378,2008-02-04 12:42:30,116.3016,39.97771
6378,2008-02-04 12:47:32,116.3098,39.97466
6378,2008-02-04 12:57:36,116.30171,39.96127
6378,2008-02-04 12:57:36,116.30171,39.96127
6378,2008-02-04 13:02:38,116.30374,39.94503
6378,2008-02-04 13:07:39,116.30404,39.91725
6378,2008-02-04 13:12:41,116.30003,39.90625
6378,2008-02-04 13:17:43,116.29108,39.90643
6378,2008-02-04 13:22:45,116.29049,39.90627
6378,2008-02-04 13:27:46,116.28898,39.90509
6378,2008-02-04 13:32:48,116.27738,39.89913
6378,2008-02-04 13:37:50,116.26951,39.90653
6378,2008-02-04 13:42:51,116.26952,39.92746
6378,2008-02-04 13:47:53,116.26932,39.94477
6378,2008-02-04 13:52:54,116.26233,39.96868
6378,2008-02-04 13:57:56,116.25564,39.97313
6378,2008-02-04 14:02:58,116.26864,39.96293
6378,2008-02-04 14:08:00,116.28633,39.94641
6378,2008-02-04 14:13:02,116.33939,39.93735
6378,2008-02-04 14:18:04,116.35352,39.93918
6378,2008-02-04 14:23:05,116.34222,39.94885
6378,2008-02-04 14:33:09,116.31752,39.96607
6378,2008-02-04 14:38:10,116.30182,39.96352
6378,2008-02-04 14:43:12,116.28097,39.97121
6378,2008-02-04 14:48:14,116.24982,39.98014
6378,2008-02-04 14:53:16,116.22188,39.99168
6378,2008-02-04 14:55:26,116.22125,39.99019
6378,2008-02-04 15:00:33,116.22127,39.99017
6378,2008-02-04 15:00:33,116.22127,39.99017
6378,2008-02-04 15:00:33,116.22127,39.99017
6378,2008-02-04 15:00:33,116.22127,39.99017
6378,2008-02-04 15:00:33,116.22127,39.99017
6378,2008-02-04 15:00:33,116.22127,39.99017
6378,2008-02-04 15:00:33,116.22127,39.99017
6378,2008-02-04 15:00:33,116.22127,39.99017
6378,2008-02-04 15:00:33,116.22127,39.99017
6378,2008-02-04 15:00:33,116.22127,39.99017
6378,2008-02-04 15:00:33,116.22127,39.99017
6378,2008-02-04 15:00:33,116.22127,39.99017
6378,2008-02-04 15:00:33,116.22127,39.99017
6378,2008-02-04 15:00:33,116.22127,39.99017
6378,2008-02-04 15:00:33,116.22127,39.99017
6378,2008-02-04 15:00:33,116.22127,39.99017
6378,2008-02-04 15:00:33,116.22127,39.99017
6378,2008-02-04 15:00:33,116.22127,39.99017
6378,2008-02-04 15:00:33,116.22127,39.99017
6378,2008-02-04 15:00:33,116.22127,39.99017
6378,2008-02-04 16:50:20,116.22073,39.99141
6378,2008-02-04 16:55:21,116.23182,39.99835
6378,2008-02-04 17:00:23,116.25875,40.00466
6378,2008-02-04 17:05:24,116.28334,39.99779
6378,2008-02-04 17:10:26,116.28926,39.99571
6378,2008-02-04 17:15:28,116.29668,39.97122
6378,2008-02-04 17:20:30,116.30392,39.93633
6378,2008-02-04 17:25:31,116.30397,39.92309
6378,2008-02-04 17:30:33,116.30408,39.91032
6378,2008-02-04 17:35:35,116.30421,39.8886
6378,2008-02-04 17:40:37,116.317,39.85002
6378,2008-02-04 17:45:39,116.33937,39.82463
6378,2008-02-04 17:50:40,116.33857,39.78135
6378,2008-02-04 17:55:42,116.3321,39.75689
6378,2008-02-04 18:00:44,116.33211,39.74795
6378,2008-02-04 18:05:46,116.33434,39.76012
6378,2008-02-04 18:10:48,116.34164,39.78587
6378,2008-02-04 18:15:49,116.33981,39.83729
6378,2008-02-04 18:20:51,116.3123,39.85509
6378,2008-02-04 18:25:53,116.3052,39.87719
6378,2008-02-04 18:30:55,116.30519,39.87734
6378,2008-02-04 18:35:56,116.30577,39.89509
6378,2008-02-04 18:35:56,116.30577,39.89509
6378,2008-02-04 18:40:58,116.33533,39.89608
6378,2008-02-04 18:46:00,116.33649,39.90157
6378,2008-02-04 18:51:04,116.33331,39.90193
6378,2008-02-04 18:56:06,116.32142,39.9062
6378,2008-02-04 19:01:08,116.3108,39.90633
6378,2008-02-04 19:06:10,116.3042,39.9253
6378,2008-02-04 19:11:12,116.30258,39.95834
6378,2008-02-04 19:16:13,116.31468,39.96529
6378,2008-02-04 19:26:17,116.31879,39.9818
6378,2008-02-04 19:31:19,116.32544,39.9751
6378,2008-02-04 19:36:20,116.34632,39.96614
6378,2008-02-04 19:59:06,116.31166,39.97425
6378,2008-02-04 20:04:08,116.30872,39.98123
6378,2008-02-04 20:09:09,116.31463,39.96667
6378,2008-02-04 20:14:11,116.34326,39.96623
6378,2008-02-04 20:19:13,116.35538,39.95284
6378,2008-02-04 20:24:15,116.3506,39.95095
6378,2008-02-04 20:29:16,116.34901,39.95773
6378,2008-02-04 20:39:20,116.31362,39.97492
6378,2008-02-04 20:49:26,116.30192,39.97778
6378,2008-02-04 20:54:28,116.31323,39.97476
6378,2008-02-04 21:09:33,116.37867,39.94999
6378,2008-02-04 21:14:35,116.37438,39.96689
6378,2008-02-04 21:24:39,116.31314,39.97078
6378,2008-02-04 21:29:40,116.31884,39.979
6378,2008-02-04 22:09:32,116.30599,39.979
6378,2008-02-04 22:19:35,116.31915,39.97095
6378,2008-02-04 22:23:54,116.3192,39.96611
6378,2008-02-04 22:29:46,116.31729,39.96616
6378,2008-02-04 22:34:47,116.31841,39.95555
6378,2008-02-04 22:39:49,116.32475,39.95849
6378,2008-02-04 22:44:51,116.32828,39.96488
6378,2008-02-04 22:49:53,116.32572,39.96672
6378,2008-02-04 22:54:54,116.35726,39.96637
6378,2008-02-04 22:59:56,116.38605,39.9866
6378,2008-02-04 23:04:58,116.45229,39.97706
6378,2008-02-04 23:10:00,116.50301,40.00581
6378,2008-02-04 23:15:02,116.57519,40.04337
6378,2008-02-04 23:20:02,116.58664,40.07891
6378,2008-02-04 23:25:04,116.57943,40.04753
6378,2008-02-04 23:30:06,116.51927,40.01737
6378,2008-02-04 23:40:10,116.44204,39.96083
6378,2008-02-04 23:45:11,116.43154,39.96713
6378,2008-02-04 23:50:13,116.42202,39.96846
6378,2008-02-04 23:50:13,116.42202,39.96846
6378,2008-02-04 23:55:15,116.41094,39.98822
6378,2008-02-05 00:00:17,116.41157,40.0213
6378,2008-02-05 00:05:18,116.40684,40.04624
6378,2008-02-05 00:10:20,116.42253,40.06493
6378,2008-02-05 00:15:22,116.43213,40.06715
6378,2008-02-05 00:20:24,116.41096,40.06032
6378,2008-02-05 00:25:26,116.40332,40.02779
6378,2008-02-05 00:56:40,116.40344,40.0079
6378,2008-02-05 01:01:41,116.40128,39.99262
6378,2008-02-05 01:06:43,116.43609,39.98623
6378,2008-02-05 01:11:45,116.45966,39.98693
6378,2008-02-05 01:16:47,116.47395,40.00073
6378,2008-02-05 01:26:50,116.45149,39.98323
6378,2008-02-05 01:26:50,116.45149,39.98323
6378,2008-02-05 01:31:52,116.44555,39.97601
6378,2008-02-05 01:36:54,116.40035,39.96769
6378,2008-02-05 01:41:56,116.33527,39.96643
6378,2008-02-05 01:45:49,116.31068,39.96433
6378,2008-02-05 01:50:55,116.31077,39.96431
6378,2008-02-05 01:50:55,116.31077,39.96431
6378,2008-02-05 02:00:09,116.31052,39.96426
6378,2008-02-05 02:05:11,116.29581,39.95858
6378,2008-02-05 02:30:14,116.22135,39.98992
6378,2008-02-05 02:30:14,116.22135,39.98992
6378,2008-02-05 02:30:14,116.22135,39.98992
6378,2008-02-05 02:30:14,116.22135,39.98992
6378,2008-02-05 02:30:14,116.22135,39.98992
6378,2008-02-05 02:30:14,116.22135,39.98992
6378,2008-02-05 02:30:14,116.22135,39.98992
6378,2008-02-05 02:30:14,116.22135,39.98992
6378,2008-02-05 02:30:14,116.22135,39.98992
6378,2008-02-05 02:30:14,116.22135,39.98992
6378,2008-02-05 02:30:14,116.22135,39.98992
6378,2008-02-05 02:30:14,116.22135,39.98992
6378,2008-02-05 02:30:14,116.22135,39.98992
6378,2008-02-05 02:30:14,116.22135,39.98992
6378,2008-02-05 02:30:14,116.22135,39.98992
6378,2008-02-05 02:30:14,116.22135,39.98992
6378,2008-02-05 02:30:14,116.22135,39.98992
6378,2008-02-05 02:30:14,116.22135,39.98992
6378,2008-02-05 02:30:14,116.22135,39.98992
6378,2008-02-05 02:30:14,116.22135,39.98992
6378,2008-02-05 02:30:14,116.22135,39.98992
6378,2008-02-05 02:30:14,116.22135,39.98992
6378,2008-02-05 07:51:13,116.21919,39.99144
6378,2008-02-05 07:56:15,116.23146,39.97605
6378,2008-02-05 08:01:16,116.20205,39.97286
6378,2008-02-05 08:31:28,116.20384,39.99173
6378,2008-02-05 08:56:37,116.30002,39.92255
6378,2008-02-05 09:01:39,116.31464,39.90605
6378,2008-02-05 09:06:41,116.30697,39.89601
6378,2008-02-05 09:11:43,116.30583,39.89501
6378,2008-02-05 09:52:04,116.36871,39.94725
6378,2008-02-05 10:01:56,116.36951,39.96731
6378,2008-02-05 10:11:18,116.36719,39.96648
6378,2008-02-05 10:16:19,116.42237,39.96795
6378,2008-02-05 10:21:21,116.45551,39.94241
6378,2008-02-05 10:26:22,116.46038,39.90683
6378,2008-02-05 10:31:24,116.47185,39.9083
6378,2008-02-05 10:36:26,116.47159,39.90726
6378,2008-02-05 10:41:28,116.4715,39.89985
6378,2008-02-05 10:46:30,116.46785,39.88313
6378,2008-02-05 10:56:33,116.43783,39.89627
6378,2008-02-05 11:01:35,116.42642,39.90721
6378,2008-02-05 11:06:37,116.40531,39.90849
6378,2008-02-05 11:11:39,116.40047,39.91449
6378,2008-02-05 11:11:39,116.40047,39.91449
6378,2008-02-05 11:16:40,116.39966,39.93176
6378,2008-02-05 11:21:42,116.3866,39.92182
6378,2008-02-05 11:26:44,116.37582,39.90921
6378,2008-02-05 11:31:46,116.37754,39.90378
6378,2008-02-05 11:37:46,116.3782,39.8948
6378,2008-02-05 11:42:48,116.38126,39.87887
6378,2008-02-05 11:47:49,116.38061,39.8602
6378,2008-02-05 11:52:51,116.3806,39.84811
6378,2008-02-05 11:57:53,116.36674,39.8493
6378,2008-02-05 12:02:55,116.36786,39.86428
6378,2008-02-05 12:07:57,116.40674,39.87071
6378,2008-02-05 12:12:58,116.41468,39.88203
6378,2008-02-05 12:18:00,116.41207,39.89573
6378,2008-02-05 12:23:02,116.39606,39.89084
6378,2008-02-05 12:28:04,116.38013,39.88826
6378,2008-02-05 12:38:07,116.34699,39.8908
6378,2008-02-05 12:43:09,116.34648,39.90437
6378,2008-02-05 12:48:11,116.34684,39.91206
6378,2008-02-05 12:53:13,116.33553,39.91271
6378,2008-02-05 12:53:13,116.33553,39.91271
6378,2008-02-05 12:58:14,116.3291,39.91274
6378,2008-02-05 13:03:16,116.3096,39.90991
6378,2008-02-05 13:08:18,116.29189,39.92289
6378,2008-02-05 13:13:20,116.26964,39.92554
6378,2008-02-05 13:18:22,116.26286,39.94581
6378,2008-02-05 13:23:23,116.23937,39.95786
6378,2008-02-05 13:28:12,116.23767,39.94687
6378,2008-02-05 13:37:29,116.24517,39.94597
6378,2008-02-05 13:42:30,116.26783,39.93689
6378,2008-02-05 13:47:32,116.26929,39.94488
6378,2008-02-05 13:52:34,116.26866,39.95981
6378,2008-02-05 13:58:31,116.26862,39.95985
6378,2008-02-05 14:12:45,116.26816,39.94631
6378,2008-02-05 14:17:46,116.27978,39.94832
6378,2008-02-05 14:27:40,116.28056,39.95631
6378,2008-02-05 14:32:54,116.27782,39.96192
6378,2008-02-05 14:37:56,116.27446,39.97124
6378,2008-02-05 14:42:58,116.31593,39.98408
6378,2008-02-05 14:48:00,116.31444,39.98461
6378,2008-02-05 14:53:01,116.29503,39.98424
6378,2008-02-05 14:58:07,116.28555,39.98402
6378,2008-02-05 15:03:05,116.26449,39.96876
6378,2008-02-05 15:08:07,116.22345,39.97194
6378,2008-02-05 15:13:08,116.20336,39.96631
6378,2008-02-05 15:19:04,116.20343,39.96641
6378,2008-02-05 15:19:04,116.20343,39.96641
6378,2008-02-05 15:19:04,116.20343,39.96641
6378,2008-02-05 16:13:31,116.21295,39.97181
6378,2008-02-05 16:18:33,116.25528,39.97208
6378,2008-02-05 16:23:35,116.26867,39.96368
6378,2008-02-05 16:28:37,116.28158,39.95916
6378,2008-02-05 16:33:39,116.26903,39.95922
6378,2008-02-05 16:38:40,116.26426,39.92766
6378,2008-02-05 16:43:42,116.24509,39.92824
6378,2008-02-05 16:48:44,116.22422,39.93095
6378,2008-02-05 16:53:46,116.23778,39.92835
6378,2008-02-05 16:58:48,116.25845,39.92774
6378,2008-02-05 17:03:49,116.26827,39.93979
6378,2008-02-05 17:08:51,116.29072,39.98302
6378,2008-02-05 17:18:55,116.41685,39.98744
6378,2008-02-05 17:18:55,116.41685,39.98744
6378,2008-02-05 17:23:57,116.47297,39.9636
6378,2008-02-05 17:28:58,116.48347,39.93272
6378,2008-02-05 17:34:00,116.49787,39.93023
6378,2008-02-05 17:39:02,116.49629,39.93036
6378,2008-02-05 17:44:04,116.48571,39.93255
6378,2008-02-05 17:49:05,116.47557,39.96208
6378,2008-02-05 17:54:07,116.4502,39.9789
6378,2008-02-05 17:59:09,116.42671,39.98802
6378,2008-02-05 18:04:10,116.39166,39.9869
6378,2008-02-05 18:09:12,116.36295,39.99204
6378,2008-02-05 18:14:13,116.34673,39.99774
6378,2008-02-05 18:19:15,116.32718,39.99443
6378,2008-02-05 18:29:19,116.31029,39.98283
6378,2008-02-05 18:34:21,116.3141,39.96777
6378,2008-02-05 18:39:22,116.32938,39.96604
6378,2008-02-05 18:44:24,116.36817,39.96657
6378,2008-02-05 18:49:26,116.39634,39.966
6378,2008-02-05 18:54:28,116.39624,39.96602
6378,2008-02-05 18:59:32,116.39122,39.96189
6378,2008-02-05 19:04:34,116.3785,39.96699
6378,2008-02-05 19:04:34,116.3785,39.96699
6378,2008-02-05 19:09:36,116.32557,39.96627
6378,2008-02-05 19:14:38,116.3025,39.95595
6378,2008-02-05 19:19:40,116.30142,39.94219
6378,2008-02-05 19:24:41,116.30371,39.93131
6378,2008-02-05 19:24:41,116.30371,39.93131
6378,2008-02-05 19:29:43,116.31342,39.93104
6378,2008-02-05 19:34:45,116.30416,39.94571
6378,2008-02-05 19:37:35,116.30416,39.94574
6378,2008-02-05 19:42:41,116.30408,39.94585
6378,2008-02-05 19:51:53,116.30425,39.94969
6378,2008-02-05 19:56:55,116.31779,39.94954
6378,2008-02-05 20:01:56,116.32411,39.93693
6378,2008-02-05 20:06:58,116.31968,39.93716
6378,2008-02-05 20:12:00,116.31559,39.96509
6378,2008-02-05 20:17:02,116.31303,39.97088
6378,2008-02-05 20:20:54,116.31066,39.96441
6378,2008-02-05 20:28:01,116.3105,39.96436
6378,2008-02-05 20:33:07,116.31052,39.96433
6378,2008-02-05 20:33:07,116.31052,39.96433
6378,2008-02-05 20:47:21,116.30289,39.96155
6378,2008-02-05 20:52:23,116.31119,39.95532
6378,2008-02-05 20:57:25,116.31113,39.95246
6378,2008-02-05 21:06:17,116.31075,39.96445
6378,2008-02-05 21:13:25,116.31063,39.96441
6378,2008-02-05 21:18:31,116.31088,39.96446
6378,2008-02-05 21:18:31,116.31088,39.96446
6378,2008-02-05 21:39:42,116.3105,39.96437
6378,2008-02-05 21:48:53,116.31045,39.96427
6378,2008-02-05 21:54:51,116.3105,39.96426
6378,2008-02-05 22:03:53,116.31036,39.96431
6378,2008-02-05 22:08:59,116.31038,39.96418
6378,2008-02-05 22:08:59,116.31038,39.96418
6378,2008-02-05 22:08:59,116.31038,39.96418
6378,2008-02-05 22:08:59,116.31038,39.96418
6378,2008-02-05 22:08:59,116.31038,39.96418
6378,2008-02-05 22:08:59,116.31038,39.96418
6378,2008-02-05 22:08:59,116.31038,39.96418
6378,2008-02-05 22:33:16,116.30146,39.96551
6378,2008-02-05 22:38:18,116.29145,39.96474
6378,2008-02-05 22:43:20,116.28843,39.9569
6378,2008-02-05 22:48:21,116.26979,39.94555
6378,2008-02-05 22:53:23,116.26763,39.93613
6378,2008-02-05 22:58:25,116.27053,39.94544
6378,2008-02-05 23:03:27,116.31682,39.93769
6378,2008-02-05 23:08:29,116.3549,39.9392
6378,2008-02-05 23:13:30,116.36174,39.93136
6378,2008-02-05 23:18:32,116.35417,39.92249
6378,2008-02-05 23:23:34,116.33947,39.92694
6378,2008-02-05 23:33:37,116.31554,39.94512
6378,2008-02-05 23:38:42,116.31107,39.95176
6378,2008-02-05 23:43:44,116.29768,39.95606
6378,2008-02-05 23:48:45,116.304,39.93061
6378,2008-02-05 23:53:47,116.30444,39.93838
6378,2008-02-05 23:58:49,116.27877,39.94858
6378,2008-02-06 00:03:51,116.26916,39.95724
6378,2008-02-06 00:13:54,116.28792,39.9177
6378,2008-02-06 00:18:56,116.27743,39.91255
6378,2008-02-06 00:23:58,116.26663,39.92472
6378,2008-02-06 00:29:00,116.26934,39.94463
6378,2008-02-06 00:34:01,116.29005,39.94867
6378,2008-02-06 00:34:01,116.29005,39.94867
6378,2008-02-06 00:42:53,116.26872,39.95993
6378,2008-02-06 00:48:54,116.26872,39.9599
6378,2008-02-06 00:54:01,116.26868,39.9599
6378,2008-02-06 01:03:16,116.26871,39.95981
6378,2008-02-06 01:08:18,116.26767,39.92247
6378,2008-02-06 01:13:19,116.30219,39.92251
6378,2008-02-06 01:23:22,116.26863,39.94138
6378,2008-02-06 01:28:24,116.26871,39.95993
6378,2008-02-06 01:35:20,116.26872,39.95987
6378,2008-02-06 01:44:22,116.26869,39.95985
6378,2008-02-06 01:55:41,116.2752,39.94528
6378,2008-02-06 02:00:42,116.2957,39.93618
6378,2008-02-06 02:05:44,116.27184,39.93148
6378,2008-02-06 02:10:45,116.26291,39.94579
6378,2008-02-06 02:20:48,116.20092,39.97606
6378,2008-02-06 02:25:50,116.19912,39.984
6378,2008-02-06 02:30:52,116.20128,39.96636
6378,2008-02-06 02:33:44,116.20315,39.96621
6378,2008-02-06 02:38:51,116.20303,39.96624
6378,2008-02-06 02:38:51,116.20303,39.96624
6378,2008-02-06 02:38:51,116.20303,39.96624
6378,2008-02-06 02:38:51,116.20303,39.96624
6378,2008-02-06 02:38:51,116.20303,39.96624
6378,2008-02-06 02:38:51,116.20303,39.96624
6378,2008-02-06 02:38:51,116.20303,39.96624
6378,2008-02-06 02:38:51,116.20303,39.96624
6378,2008-02-06 02:38:51,116.20303,39.96624
6378,2008-02-06 02:38:51,116.20303,39.96624
6378,2008-02-06 02:38:51,116.20303,39.96624
6378,2008-02-06 02:38:51,116.20303,39.96624
6378,2008-02-06 02:38:51,116.20303,39.96624
6378,2008-02-06 02:38:51,116.20303,39.96624
6378,2008-02-06 02:38:51,116.20303,39.96624
6378,2008-02-06 02:38:51,116.20303,39.96624
6378,2008-02-06 02:38:51,116.20303,39.96624
6378,2008-02-06 02:38:51,116.20303,39.96624
6378,2008-02-06 02:38:51,116.20303,39.96624
6378,2008-02-06 02:38:51,116.20303,39.96624
6378,2008-02-06 02:38:51,116.20303,39.96624
6378,2008-02-06 02:38:51,116.20303,39.96624
6378,2008-02-06 08:04:51,116.21418,39.97183
6378,2008-02-06 08:09:53,116.22801,39.97184
6378,2008-02-06 08:14:55,116.21788,39.99141
6378,2008-02-06 08:17:48,116.22122,39.99028
6378,2008-02-06 08:25:01,116.22469,39.98331
6378,2008-02-06 08:30:03,116.2185,39.97194
6378,2008-02-06 08:33:54,116.20195,39.97279
6378,2008-02-06 08:40:10,116.20143,39.97135
6378,2008-02-06 08:45:11,116.20397,39.99265
6378,2008-02-06 08:55:13,116.21278,39.99218
6378,2008-02-06 08:59:06,116.22235,39.99043
6378,2008-02-06 09:10:57,116.21696,39.99295
6378,2008-02-06 09:15:58,116.24198,40.00189
6378,2008-02-06 09:15:58,116.24198,40.00189
6378,2008-02-06 09:20:17,116.25073,40.00655
6378,2008-02-06 09:26:05,116.26577,40.00419
6378,2008-02-06 09:31:07,116.29331,39.98794
6378,2008-02-06 09:36:08,116.31082,39.97579
6378,2008-02-06 09:41:10,116.31899,39.97466
6378,2008-02-06 09:46:12,116.31732,39.954
6378,2008-02-06 09:51:14,116.3196,39.92834
6378,2008-02-06 09:56:15,116.3285,39.91004
6378,2008-02-06 10:01:17,116.34648,39.90369
6378,2008-02-06 10:06:19,116.34006,39.91273
6378,2008-02-06 10:16:23,116.32196,39.93134
6378,2008-02-06 10:26:26,116.3439,39.94288
6378,2008-02-06 10:31:28,116.3433,39.94545
6378,2008-02-06 10:36:30,116.33054,39.95641
6378,2008-02-06 10:41:31,116.31916,39.96607
6378,2008-02-06 10:46:33,116.34999,39.94614
6378,2008-02-06 10:51:35,116.35642,39.90581
6378,2008-02-06 10:56:37,116.38919,39.90608
6378,2008-02-06 11:01:39,116.42058,39.90424
6378,2008-02-06 11:06:40,116.39395,39.89897
6378,2008-02-06 11:11:42,116.37817,39.89883
6378,2008-02-06 11:16:44,116.36831,39.9097
6378,2008-02-06 11:16:44,116.36831,39.9097
6378,2008-02-06 11:26:48,116.35831,39.91733
6378,2008-02-06 11:36:51,116.34703,39.92536
6378,2008-02-06 11:41:53,116.32741,39.93114
6378,2008-02-06 11:46:55,116.31831,39.94771
6378,2008-02-06 11:51:56,116.31114,39.95417
6378,2008-02-06 11:56:57,116.32842,39.95625
6378,2008-02-06 12:01:59,116.31942,39.96651
6378,2008-02-06 12:07:05,116.31916,39.97295
6378,2008-02-06 12:12:06,116.3188,39.9799
6378,2008-02-06 12:17:08,116.3473,39.98793
6378,2008-02-06 12:27:12,116.30909,39.97954
6378,2008-02-06 12:32:13,116.31896,39.97578
6378,2008-02-06 12:37:15,116.34955,39.97512
6378,2008-02-06 12:42:17,116.37571,39.97541
6378,2008-02-06 12:45:29,116.37617,39.97557
6378,2008-02-06 12:52:23,116.36001,39.97538
6378,2008-02-06 12:57:25,116.34783,39.98011
6378,2008-02-06 13:07:28,116.27181,39.97043
6378,2008-02-06 13:12:30,116.26908,39.92647
6378,2008-02-06 13:17:32,116.27142,39.87484
6378,2008-02-06 13:27:35,116.19,39.85147
6378,2008-02-06 13:32:37,116.16927,39.85936
6378,2008-02-06 13:37:39,116.18958,39.8516
6378,2008-02-06 13:57:46,116.21513,39.98084
6378,2008-02-06 14:02:48,116.22283,39.99055
6378,2008-02-06 14:08:02,116.22282,39.99048
6378,2008-02-06 14:08:02,116.22282,39.99048
6378,2008-02-06 14:08:02,116.22282,39.99048
6378,2008-02-06 14:08:02,116.22282,39.99048
6378,2008-02-06 14:08:02,116.22282,39.99048
6378,2008-02-06 14:08:02,116.22282,39.99048
6378,2008-02-06 14:08:02,116.22282,39.99048
6378,2008-02-06 14:08:02,116.22282,39.99048
6378,2008-02-06 14:08:02,116.22282,39.99048
6378,2008-02-06 14:08:02,116.22282,39.99048
6378,2008-02-06 14:08:02,116.22282,39.99048
6378,2008-02-06 14:08:02,116.22282,39.99048
6378,2008-02-06 14:08:02,116.22282,39.99048
6378,2008-02-06 14:08:02,116.22282,39.99048
6378,2008-02-06 14:08:02,116.22282,39.99048
6378,2008-02-06 14:08:02,116.22282,39.99048
6378,2008-02-06 14:08:02,116.22282,39.99048
6378,2008-02-06 14:08:02,116.22282,39.99048
6378,2008-02-06 14:08:02,116.22282,39.99048
6378,2008-02-06 14:08:02,116.22282,39.99048
6378,2008-02-06 14:08:02,116.22282,39.99048
6378,2008-02-06 15:57:49,116.2228,39.99059
6378,2008-02-06 16:02:51,116.23064,39.99177
6378,2008-02-06 16:07:53,116.2516,39.98186
6378,2008-02-06 16:12:55,116.26381,39.98034
6378,2008-02-06 16:35:10,116.30225,39.97436
6378,2008-02-06 16:40:12,116.31047,39.97947
6378,2008-02-06 16:45:13,116.33048,39.98153
6378,2008-02-06 16:50:15,116.32215,39.97962
6378,2008-02-06 16:50:15,116.32215,39.97962
6378,2008-02-06 16:55:20,116.31698,39.97961
6378,2008-02-06 17:00:28,116.33351,39.97501
6378,2008-02-06 17:05:23,116.35461,39.98031
6378,2008-02-06 17:10:25,116.36353,39.97558
6378,2008-02-06 17:15:27,116.36948,39.96576
6378,2008-02-06 17:20:29,116.37473,39.96627
6378,2008-02-06 17:25:30,116.35193,39.96656
6378,2008-02-06 17:28:15,116.33452,39.96656
6378,2008-02-06 17:40:06,116.31924,39.97048
6378,2008-02-06 17:45:08,116.33379,39.97496
6378,2008-02-06 17:50:10,116.33973,39.97515
6378,2008-02-06 18:00:13,116.29466,39.98418
6378,2008-02-06 18:06:48,116.29921,39.98281
6378,2008-02-06 18:11:50,116.29551,39.97036
6378,2008-02-06 18:16:52,116.28681,39.95689
6378,2008-02-06 18:21:54,116.28225,39.95484
6378,2008-02-06 18:26:55,116.27736,39.94012
6378,2008-02-06 18:26:55,116.27736,39.94012
6378,2008-02-06 18:31:57,116.26998,39.93632
6378,2008-02-06 18:36:59,116.28097,39.97532
6378,2008-02-06 18:42:01,116.31023,39.9846
6378,2008-02-06 18:47:03,116.31041,40.01655
6378,2008-02-06 18:52:04,116.3091,40.03611
6378,2008-02-06 18:57:06,116.32188,40.03915
6378,2008-02-06 19:02:08,116.3303,40.0348
6378,2008-02-06 19:07:10,116.33054,40.0345
6378,2008-02-06 19:17:13,116.33682,40.02938
6378,2008-02-06 19:27:17,116.34605,40.00299
6378,2008-02-06 19:32:19,116.34685,39.98731
6378,2008-02-06 19:37:20,116.32504,39.97966
6378,2008-02-06 19:42:22,116.3189,39.97985
6378,2008-02-06 19:47:24,116.30656,39.98432
6378,2008-02-06 19:52:26,116.25458,39.97453
6378,2008-02-06 19:57:28,116.23617,39.99199
6378,2008-02-06 20:02:29,116.22004,39.9914
6378,2008-02-06 20:07:31,116.22127,39.9901
6378,2008-02-06 20:13:21,116.22122,39.99001
6378,2008-02-06 20:13:21,116.22122,39.99001
6378,2008-02-06 20:13:21,116.22122,39.99001
6378,2008-02-06 20:13:21,116.22122,39.99001
6378,2008-02-06 20:13:21,116.22122,39.99001
6378,2008-02-06 20:13:21,116.22122,39.99001
6378,2008-02-06 20:13:21,116.22122,39.99001
6378,2008-02-06 20:13:21,116.22122,39.99001
6378,2008-02-06 20:13:21,116.22122,39.99001
6378,2008-02-06 20:13:21,116.22122,39.99001
6378,2008-02-06 20:13:21,116.22122,39.99001
6378,2008-02-06 20:13:21,116.22122,39.99001
6378,2008-02-06 20:13:21,116.22122,39.99001
6378,2008-02-06 20:13:21,116.22122,39.99001
6378,2008-02-06 20:13:21,116.22122,39.99001
6378,2008-02-06 20:13:21,116.22122,39.99001
6378,2008-02-06 20:13:21,116.22122,39.99001
6378,2008-02-06 20:13:21,116.22122,39.99001
6378,2008-02-06 20:13:21,116.22122,39.99001
6378,2008-02-06 20:13:21,116.22122,39.99001
6378,2008-02-06 20:13:21,116.22122,39.99001
6378,2008-02-06 20:13:21,116.22122,39.99001
6378,2008-02-06 20:13:21,116.22122,39.99001
6378,2008-02-06 20:13:21,116.22122,39.99001
6378,2008-02-06 20:13:21,116.22122,39.99001
6378,2008-02-06 20:13:21,116.22122,39.99001
6378,2008-02-06 20:13:21,116.22122,39.99001
6378,2008-02-06 20:13:21,116.22122,39.99001
6378,2008-02-06 20:13:21,116.22122,39.99001
6378,2008-02-06 20:13:21,116.22122,39.99001
6378,2008-02-06 20:13:21,116.22122,39.99001
6378,2008-02-06 20:13:21,116.22122,39.99001
6378,2008-02-06 20:13:21,116.22122,39.99001
6378,2008-02-06 20:13:21,116.22122,39.99001
6378,2008-02-06 20:13:21,116.22122,39.99001
6378,2008-02-06 20:13:21,116.22122,39.99001
6378,2008-02-06 20:13:21,116.22122,39.99001
6378,2008-02-06 20:13:21,116.22122,39.99001
6378,2008-02-06 20:13:21,116.22122,39.99001
6378,2008-02-06 20:13:21,116.22122,39.99001
6378,2008-02-07 07:56:34,116.21916,39.99138
6378,2008-02-07 08:01:36,116.22862,39.98042
6378,2008-02-07 08:09:30,116.20074,39.97315
6378,2008-02-07 08:18:43,116.20322,39.9662
6378,2008-02-07 08:23:47,116.20535,39.97047
6378,2008-02-07 08:28:49,116.24,39.97181
6378,2008-02-07 08:33:51,116.26197,39.97482
6378,2008-02-07 08:38:53,116.25607,39.97225
6378,2008-02-07 08:48:56,116.20313,39.96619
6378,2008-02-07 08:55:55,116.20312,39.96619
6378,2008-02-07 08:55:55,116.20312,39.96619
6378,2008-02-07 08:55:55,116.20312,39.96619
6378,2008-02-07 08:55:55,116.20312,39.96619
6378,2008-02-07 08:55:55,116.20312,39.96619
6378,2008-02-07 08:55:55,116.20312,39.96619
6378,2008-02-07 08:55:55,116.20312,39.96619
6378,2008-02-07 08:55:55,116.20312,39.96619
6378,2008-02-07 08:55:55,116.20312,39.96619
6378,2008-02-07 08:55:55,116.20312,39.96619
6378,2008-02-07 08:55:55,116.20312,39.96619
6378,2008-02-07 08:55:55,116.20312,39.96619
6378,2008-02-07 08:55:55,116.20312,39.96619
6378,2008-02-07 08:55:55,116.20312,39.96619
6378,2008-02-07 08:55:55,116.20312,39.96619
6378,2008-02-07 08:55:55,116.20312,39.96619
6378,2008-02-07 08:55:55,116.20312,39.96619
6378,2008-02-07 08:55:55,116.20312,39.96619
6378,2008-02-07 08:55:55,116.20312,39.96619
6378,2008-02-07 08:55:55,116.20312,39.96619
6378,2008-02-07 08:55:55,116.20312,39.96619
6378,2008-02-07 08:55:55,116.20312,39.96619
6378,2008-02-07 08:55:55,116.20312,39.96619
6378,2008-02-07 12:36:19,116.22758,39.97189
6378,2008-02-07 12:41:20,116.26797,39.96662
6378,2008-02-07 12:46:22,116.24888,39.98123
6378,2008-02-07 12:51:24,116.26161,40.00112
6378,2008-02-07 12:56:26,116.28109,40.01155
6378,2008-02-07 13:01:28,116.2771,40.01897
6378,2008-02-07 13:06:29,116.28277,40.00107
6378,2008-02-07 13:11:31,116.29383,39.98489
6378,2008-02-07 13:16:33,116.30181,39.96121
6378,2008-02-07 13:26:36,116.34393,39.96616
6378,2008-02-07 13:31:38,116.3385,39.97058
6378,2008-02-07 13:41:42,116.29357,39.97329
6378,2008-02-07 13:46:44,116.29293,39.95963
6378,2008-02-07 13:51:45,116.2777,39.96305
6378,2008-02-07 13:51:45,116.2777,39.96305
6378,2008-02-07 13:56:47,116.27424,39.97176
6378,2008-02-07 14:01:52,116.26852,39.95969
6378,2008-02-07 14:06:57,116.26944,39.95366
6378,2008-02-07 14:11:58,116.26783,39.94052
6378,2008-02-07 14:17:00,116.26808,39.93141
6378,2008-02-07 14:22:02,116.27005,39.9527
6378,2008-02-07 14:27:04,116.29261,39.96117
6378,2008-02-07 14:32:06,116.2909,39.96661
6378,2008-02-07 14:37:07,116.29424,39.98418
6378,2008-02-07 14:42:09,116.28707,39.99533
6378,2008-02-07 14:47:11,116.30909,39.99981
6378,2008-02-07 14:52:13,116.30788,40.02197
6378,2008-02-07 14:57:15,116.27706,40.02013
6378,2008-02-07 15:02:16,116.28202,40.00578
6378,2008-02-07 15:07:18,116.28959,39.99229
6378,2008-02-07 15:12:20,116.30341,39.95087
6378,2008-02-07 15:17:22,116.34277,39.93825
6378,2008-02-07 15:22:24,116.39919,39.94758
6378,2008-02-07 15:27:24,116.42829,39.92118
6378,2008-02-07 15:32:26,116.42062,39.90407
6378,2008-02-07 15:37:32,116.42052,39.90388
6378,2008-02-07 15:47:31,116.42474,39.90732
6378,2008-02-07 15:52:32,116.42083,39.9078
6378,2008-02-07 15:57:34,116.40804,39.91411
6378,2008-02-07 16:02:36,116.40012,39.92275
6378,2008-02-07 16:07:38,116.39044,39.93216
6378,2008-02-07 16:12:40,116.38759,39.94711
6378,2008-02-07 16:17:41,116.36835,39.94964
6378,2008-02-07 16:22:43,116.34872,39.95473
6378,2008-02-07 16:27:45,116.3438,39.94343
6378,2008-02-07 16:32:47,116.32921,39.95606
6378,2008-02-07 16:37:48,116.31044,39.96414
6378,2008-02-07 16:42:50,116.30409,39.92046
6378,2008-02-07 16:47:51,116.31353,39.89544
6378,2008-02-07 17:48:26,116.34047,39.89645
6378,2008-02-07 17:53:27,116.37606,39.89858
6378,2008-02-07 17:53:27,116.37606,39.89858
6378,2008-02-07 17:58:29,116.38954,39.89868
6378,2008-02-07 18:03:31,116.41133,39.89942
6378,2008-02-07 18:08:33,116.41167,39.89782
6378,2008-02-07 18:13:34,116.41806,39.89908
6378,2008-02-07 18:18:36,116.41184,39.89178
6378,2008-02-07 18:23:38,116.39387,39.88534
6378,2008-02-07 18:28:43,116.55153,37.75197
6378,2008-02-07 18:33:45,116.37855,39.88754
6378,2008-02-07 18:38:46,116.37765,39.88814
6378,2008-02-07 18:43:48,116.36109,39.88799
6378,2008-02-07 18:48:50,116.34682,39.89445
6378,2008-02-07 18:53:51,116.33683,39.8966
6378,2008-02-07 18:58:53,116.3043,39.9039
6378,2008-02-07 19:03:55,116.29871,39.94297
6378,2008-02-07 19:08:57,116.28503,39.95664
6378,2008-02-07 19:13:58,116.26997,39.95556
6378,2008-02-07 19:24:02,116.2688,39.94937
6378,2008-02-07 19:29:04,116.27421,39.96235
6378,2008-02-07 19:34:06,116.2748,39.97218
6378,2008-02-07 19:39:07,116.28876,39.95238
6378,2008-02-07 19:44:09,116.31367,39.93657
6378,2008-02-07 19:49:11,116.31042,39.923
6378,2008-02-07 19:54:13,116.30443,39.93663
6378,2008-02-07 19:54:13,116.30443,39.93663
6378,2008-02-07 19:57:02,116.30417,39.94594
6378,2008-02-07 20:02:09,116.30416,39.94588
6378,2008-02-07 20:02:09,116.30416,39.94588
6378,2008-02-07 20:16:22,116.31104,39.95137
6378,2008-02-07 20:21:24,116.30202,39.96092
6378,2008-02-07 20:26:26,116.27606,39.95603
6378,2008-02-07 20:31:28,116.26882,39.96925
6378,2008-02-07 20:36:29,116.25134,39.97745
6378,2008-02-07 20:41:31,116.24767,39.98489
6378,2008-02-07 20:46:33,116.2409,39.97915
6378,2008-02-07 20:51:35,116.25746,39.97089
6378,2008-02-07 20:56:40,116.26887,39.95981
6378,2008-02-07 21:01:44,116.26801,39.93733
6378,2008-02-07 21:06:46,116.27035,39.90619
6378,2008-02-07 21:06:46,116.27035,39.90619
6378,2008-02-07 21:11:48,116.28289,39.90892
6378,2008-02-07 21:16:50,116.29604,39.90739
6378,2008-02-07 21:21:51,116.29603,39.91239
6378,2008-02-07 21:26:53,116.29439,39.9117
6378,2008-02-07 21:31:55,116.28903,39.89935
6378,2008-02-07 21:36:57,116.29307,39.88569
6378,2008-02-07 21:41:59,116.30476,39.88019
6378,2008-02-07 21:47:00,116.33973,39.84831
6378,2008-02-07 21:52:02,116.40117,39.85561
6378,2008-02-07 21:57:04,116.42631,39.85506
6378,2008-02-07 22:02:06,116.43723,39.8444
6378,2008-02-07 22:07:07,116.45073,39.84184
6378,2008-02-07 22:12:09,116.44344,39.83679
6378,2008-02-07 22:17:11,116.44754,39.85102
6378,2008-02-07 22:21:57,116.45086,39.84124
6378,2008-02-07 22:27:04,116.45084,39.84123
6378,2008-02-07 22:36:15,116.44784,39.84896
6378,2008-02-07 22:46:19,116.41696,39.8566
6378,2008-02-07 22:51:20,116.39323,39.8566
6378,2008-02-07 22:56:22,116.39807,39.85598
6378,2008-02-07 23:01:24,116.40254,39.87162
6378,2008-02-07 23:06:26,116.375,39.86947
6378,2008-02-07 23:11:28,116.34274,39.88598
6378,2008-02-07 23:16:29,116.30564,39.89592
6378,2008-02-07 23:21:31,116.30318,39.92303
6378,2008-02-07 23:26:33,116.27764,39.92057
6378,2008-02-07 23:31:35,116.26846,39.94031
6378,2008-02-07 23:36:36,116.26872,39.95976
6378,2008-02-07 23:36:36,116.26872,39.95976
6378,2008-02-07 23:46:41,116.27641,39.92298
6378,2008-02-07 23:51:43,116.2697,39.92568
6378,2008-02-07 23:56:44,116.26724,39.94564
6378,2008-02-08 00:01:46,116.23409,39.95046
6378,2008-02-08 00:06:48,116.20731,39.95526
6378,2008-02-08 00:11:50,116.19827,39.94293
6378,2008-02-08 00:15:46,116.19424,39.9443
6378,2008-02-08 00:20:52,116.19416,39.94429
6378,2008-02-08 00:20:52,116.19416,39.94429
6378,2008-02-08 00:35:11,116.19424,39.94294
6378,2008-02-08 00:40:13,116.20755,39.95474
6378,2008-02-08 00:44:59,116.20313,39.96623
6378,2008-02-08 00:58:20,116.2092,39.97195
6378,2008-02-08 01:03:22,116.19971,39.99302
6378,2008-02-08 01:08:23,116.20348,39.99138
6378,2008-02-08 01:08:23,116.20348,39.99138
6378,2008-02-08 01:13:25,116.21684,39.97186
6378,2008-02-08 01:18:27,116.25525,39.97211
6378,2008-02-08 01:23:16,116.26871,39.95978
6378,2008-02-08 01:28:23,116.26873,39.95974
6378,2008-02-08 01:28:23,116.26873,39.95974
6378,2008-02-08 01:28:23,116.26873,39.95974
6378,2008-02-08 01:47:38,116.26863,39.95977
6378,2008-02-08 01:57:43,116.27841,39.94864
6378,2008-02-08 02:22:54,116.22283,39.97183
6378,2008-02-08 02:46:54,116.20315,39.96622
6378,2008-02-08 02:52:00,116.20308,39.96618
6378,2008-02-08 02:52:00,116.20308,39.96618
6378,2008-02-08 02:52:00,116.20308,39.96618
6378,2008-02-08 02:52:00,116.20308,39.96618
6378,2008-02-08 02:52:00,116.20308,39.96618
6378,2008-02-08 02:52:00,116.20308,39.96618
6378,2008-02-08 02:52:00,116.20308,39.96618
6378,2008-02-08 02:52:00,116.20308,39.96618
6378,2008-02-08 02:52:00,116.20308,39.96618
6378,2008-02-08 02:52:00,116.20308,39.96618
6378,2008-02-08 02:52:00,116.20308,39.96618
6378,2008-02-08 02:52:00,116.20308,39.96618
6378,2008-02-08 02:52:00,116.20308,39.96618
6378,2008-02-08 02:52:00,116.20308,39.96618
6378,2008-02-08 02:52:00,116.20308,39.96618
6378,2008-02-08 02:52:00,116.20308,39.96618
6378,2008-02-08 02:52:00,116.20308,39.96618
6378,2008-02-08 02:52:00,116.20308,39.96618
6378,2008-02-08 02:52:00,116.20308,39.96618
6378,2008-02-08 02:52:00,116.20308,39.96618
6378,2008-02-08 02:52:00,116.20308,39.96618
6378,2008-02-08 07:52:53,116.20812,39.97183
6378,2008-02-08 07:57:55,116.22383,39.98408
6378,2008-02-08 08:02:47,116.22122,39.99024
6378,2008-02-08 08:13:00,116.22965,39.97967
6378,2008-02-08 08:13:00,116.22965,39.97967
6378,2008-02-08 08:13:00,116.22965,39.97967
6378,2008-02-08 08:18:02,116.20248,39.97219
6378,2008-02-08 08:23:07,116.20149,39.97058
6378,2008-02-08 08:28:09,116.201,39.97983
6378,2008-02-08 08:33:10,116.20399,39.99261
6378,2008-02-08 08:33:10,116.20399,39.99261
6378,2008-02-08 08:38:12,116.21484,39.981
6378,2008-02-08 08:43:14,116.20594,39.92415
6378,2008-02-08 08:48:16,116.22407,39.90613
6378,2008-02-08 08:53:17,116.24697,39.91187
6378,2008-02-08 08:58:10,116.24408,39.9124
6378,2008-02-08 09:03:24,116.24691,39.90878
6378,2008-02-08 09:08:26,116.26865,39.9061
6378,2008-02-08 09:13:28,116.31396,39.90612
6378,2008-02-08 09:18:29,116.35458,39.90581
6378,2008-02-08 09:23:31,116.39635,39.90634
6378,2008-02-08 09:28:33,116.42057,39.90476
6378,2008-02-08 09:33:35,116.42053,39.90437
6378,2008-02-08 09:37:24,116.4205,39.90429
6378,2008-02-08 09:46:42,116.42049,39.90402
6378,2008-02-08 09:51:33,116.42052,39.90387
6378,2008-02-08 09:56:51,116.42858,39.91494
6378,2008-02-08 10:01:53,116.41906,39.95358
6378,2008-02-08 10:06:54,116.41254,39.96801
6378,2008-02-08 10:11:56,116.39584,39.96942
6378,2008-02-08 10:16:58,116.35869,39.96648
6378,2008-02-08 10:22:00,116.34944,39.93266
6378,2008-02-08 10:27:02,116.33534,39.89633
6378,2008-02-08 10:32:03,116.3142,39.90631
6378,2008-02-08 10:35:47,116.30453,39.90904
6378,2008-02-08 10:42:10,116.2961,39.92295
6378,2008-02-08 10:45:52,116.29542,39.93058
6378,2008-02-08 10:55:08,116.30444,39.9376
6378,2008-02-08 11:00:09,116.31803,39.9513
6378,2008-02-08 11:07:08,116.31802,39.95248
6378,2008-02-08 11:07:08,116.31802,39.95248
6378,2008-02-08 11:21:21,116.32876,39.96045
6378,2008-02-08 11:31:23,116.43704,39.96376
6378,2008-02-08 11:36:25,116.45524,39.92248
6378,2008-02-08 11:41:27,116.46616,39.91452
6378,2008-02-08 11:46:29,116.48314,39.91418
6378,2008-02-08 11:46:29,116.48314,39.91418
6378,2008-02-08 11:51:30,116.5121,39.91535
6378,2008-02-08 11:56:32,116.49066,39.91459
6378,2008-02-08 12:01:34,116.47223,39.91446
6378,2008-02-08 12:11:37,116.44601,39.8923
6378,2008-02-08 12:16:39,116.41348,39.89189
6378,2008-02-08 12:21:41,116.38957,39.88931
6378,2008-02-08 12:26:43,116.3798,39.8883
6378,2008-02-08 12:31:45,116.36969,39.88808
6378,2008-02-08 12:36:46,116.35342,39.88815
6378,2008-02-08 12:41:48,116.33024,39.88338
6378,2008-02-08 12:46:50,116.32039,39.88813
6378,2008-02-08 12:51:52,116.30438,39.90363
6378,2008-02-08 12:56:54,116.29972,39.92299
6378,2008-02-08 13:01:55,116.28186,39.92301
6378,2008-02-08 13:11:59,116.28897,39.89414
6378,2008-02-08 13:17:01,116.28912,39.8924
6378,2008-02-08 13:22:03,116.32724,39.89584
6378,2008-02-08 13:27:04,116.34359,39.89629
6378,2008-02-08 13:32:06,116.35044,39.90882
6378,2008-02-08 13:37:08,116.3496,39.9359
6378,2008-02-08 13:42:10,116.34925,39.95353
6378,2008-02-08 13:47:11,116.33453,39.96659
6378,2008-02-08 13:47:11,116.33453,39.96659
6378,2008-02-08 13:52:13,116.32535,39.96647
6378,2008-02-08 13:57:15,116.34837,39.96774
6378,2008-02-08 14:02:17,116.35919,39.97528
6378,2008-02-08 14:07:19,116.34267,39.98559
6378,2008-02-08 14:12:20,116.27706,39.973
6378,2008-02-08 14:17:22,116.24414,39.98797
6378,2008-02-08 14:22:24,116.22138,39.9899
6378,2008-02-08 14:28:22,116.22141,39.9899
6378,2008-02-08 14:28:22,116.33021,40.06979
6378,2008-02-08 14:28:22,116.22141,39.9899
6378,2008-02-08 14:28:22,116.22141,39.9899
6378,2008-02-08 14:28:22,116.22141,39.9899
6378,2008-02-08 14:28:22,116.22141,39.9899
6378,2008-02-08 14:28:22,116.22141,39.9899
6378,2008-02-08 14:28:22,116.22141,39.9899
6378,2008-02-08 14:28:22,116.22141,39.9899
6378,2008-02-08 14:28:22,116.22141,39.9899
6378,2008-02-08 14:28:22,116.22141,39.9899
6378,2008-02-08 14:28:22,116.22141,39.9899
6378,2008-02-08 14:28:22,116.22141,39.9899
6378,2008-02-08 14:28:22,116.22141,39.9899
6378,2008-02-08 14:28:22,116.22141,39.9899
6378,2008-02-08 14:28:22,116.22141,39.9899
6378,2008-02-08 14:57:36,116.45512,39.88373
6378,2008-02-08 14:57:36,116.45512,39.88373
6378,2008-02-08 15:52:59,116.22131,39.99009
6378,2008-02-08 15:52:59,116.22131,39.99009
6378,2008-02-08 15:58:01,116.22096,39.99087
6378,2008-02-08 16:03:02,116.21845,39.99445
6378,2008-02-08 16:08:04,116.23683,39.97182
6378,2008-02-08 16:13:06,116.26922,39.94991
6378,2008-02-08 16:18:08,116.26995,39.90604
6378,2008-02-08 16:23:10,116.27282,39.89186
6378,2008-02-08 16:28:11,116.26846,39.89926
6378,2008-02-08 16:33:13,116.26841,39.90645
6378,2008-02-08 16:38:15,116.26764,39.91644
6378,2008-02-08 16:43:17,116.25894,39.92318
6378,2008-02-08 16:48:19,116.25862,39.9148
6378,2008-02-08 16:58:22,116.28634,39.90624
6378,2008-02-08 17:03:24,116.30412,39.92669
6378,2008-02-08 17:08:26,116.32628,39.96608
6378,2008-02-08 17:13:28,116.31548,39.96616
6378,2008-02-08 17:18:29,116.30366,39.92335
6378,2008-02-08 17:23:31,116.30431,39.93023
6378,2008-02-08 17:28:33,116.30351,39.95272
6378,2008-02-08 17:32:26,116.29765,39.95686
