taxi_id,time,lon,lat
7613,2008-02-02 13:39:33,116.59987,39.91156
7613,2008-02-02 13:44:33,116.58104,39.90914
7613,2008-02-02 13:49:12,116.56647,39.9144
7613,2008-02-02 13:51:49,116.55559,39.91509
7613,2008-02-02 13:56:49,116.53414,39.91515
7613,2008-02-02 14:01:49,116.51041,39.91533
7613,2008-02-02 14:04:37,116.49773,39.91482
7613,2008-02-02 14:04:37,116.49773,39.91482
7613,2008-02-02 14:09:37,116.47501,39.90713
7613,2008-02-02 14:21:41,116.45854,39.89941
7613,2008-02-02 14:26:41,116.45609,39.91041
7613,2008-02-02 14:31:41,116.45576,39.92146
7613,2008-02-02 14:36:41,116.45572,39.93756
7613,2008-02-02 14:41:41,116.46507,39.96413
7613,2008-02-02 14:46:41,116.49045,39.97069
7613,2008-02-02 14:51:41,116.49045,39.97072
7613,2008-02-02 14:56:41,116.49048,39.97076
7613,2008-02-02 15:01:41,116.49305,39.97064
7613,2008-02-02 15:32:24,116.49664,39.9997
7613,2008-02-02 15:35:33,116.53937,40.02437
7613,2008-02-02 15:40:33,116.57918,40.04669
7613,2008-02-02 15:45:33,116.58678,40.07828
7613,2008-02-02 15:46:14,116.58675,40.07854
7613,2008-02-02 15:51:14,116.58158,40.07661
7613,2008-02-02 15:56:14,116.5827,40.06128
7613,2008-02-02 16:01:14,116.5854,40.05474
7613,2008-02-02 16:06:14,116.56905,40.0338
7613,2008-02-02 16:11:14,116.54253,40.0241
7613,2008-02-02 16:16:14,116.50687,40.00837
7613,2008-02-02 16:21:14,116.48481,39.98827
7613,2008-02-02 16:26:14,116.47078,39.96497
7613,2008-02-02 16:31:14,116.48383,39.92233
7613,2008-02-02 16:36:14,116.48341,39.8742
7613,2008-02-02 16:41:14,116.45619,39.8323
7613,2008-02-02 16:46:14,116.44346,39.82538
7613,2008-02-02 16:51:14,116.44342,39.82544
7613,2008-02-02 16:56:14,116.44348,39.82537
7613,2008-02-02 17:01:14,116.44349,39.82536
7613,2008-02-02 17:06:14,116.44356,39.82556
7613,2008-02-02 17:21:14,116.44348,39.82545
7613,2008-02-02 17:26:14,116.44348,39.82545
7613,2008-02-02 17:31:14,116.44348,39.82544
7613,2008-02-02 17:36:14,116.44347,39.82544
7613,2008-02-02 17:46:14,116.44346,39.82544
7613,2008-02-02 17:51:14,116.44345,39.82542
7613,2008-02-02 18:06:14,116.45265,39.81928
7613,2008-02-02 18:06:14,116.45265,39.81928
7613,2008-02-02 18:11:14,116.45603,39.83225
7613,2008-02-02 18:16:14,116.48301,39.87065
7613,2008-02-02 18:20:44,116.48334,39.88731
7613,2008-02-02 18:20:44,116.48334,39.88731
7613,2008-02-02 18:25:44,116.47988,39.853
7613,2008-02-02 18:30:44,116.4841,39.84162
7613,2008-02-02 18:35:17,116.49986,39.82697
7613,2008-02-02 18:35:17,116.49986,39.82697
7613,2008-02-02 18:40:17,116.48094,39.84477
7613,2008-02-02 18:45:17,116.48215,39.86635
7613,2008-02-02 18:50:17,116.47129,39.86993
7613,2008-02-02 18:55:17,116.48363,39.89123
7613,2008-02-02 19:00:17,116.48081,39.88718
7613,2008-02-02 19:05:17,116.48112,39.88668
7613,2008-02-02 19:10:17,116.48134,39.88638
7613,2008-02-02 19:15:17,116.48145,39.88296
7613,2008-02-02 19:15:17,116.48145,39.88296
7613,2008-02-02 19:15:39,116.48068,39.88305
7613,2008-02-02 19:20:39,116.46137,39.88303
7613,2008-02-02 19:25:39,116.45067,39.88312
7613,2008-02-02 19:30:00,116.43324,39.88308
7613,2008-02-02 19:35:00,116.42502,39.88666
7613,2008-02-02 19:37:16,116.42233,39.89143
7613,2008-02-02 19:42:16,116.41571,39.89906
7613,2008-02-02 19:47:16,116.42098,39.90606
7613,2008-02-02 19:52:16,116.42066,39.91342
7613,2008-02-02 19:57:16,116.42399,39.91863
7613,2008-02-02 19:57:58,116.42399,39.91864
7613,2008-02-02 20:03:05,116.4222,39.92283
7613,2008-02-02 20:07:58,116.42801,39.92155
7613,2008-02-02 20:12:58,116.4288,39.9129
7613,2008-02-02 20:17:58,116.44022,39.90221
7613,2008-02-02 20:22:58,116.48541,39.90621
7613,2008-02-02 23:34:48,116.59086,39.90794
7613,2008-02-02 23:39:48,116.63382,39.91916
7613,2008-02-02 23:39:48,116.63382,39.91916
7613,2008-02-02 23:43:52,116.51723,39.9074
7613,2008-02-02 23:44:48,116.6598,39.91778
7613,2008-02-02 23:49:48,116.65981,39.91781
7613,2008-02-02 23:54:47,116.65976,39.91776
7613,2008-02-02 23:59:47,116.65976,39.91778
7613,2008-02-03 00:04:47,116.65976,39.91778
7613,2008-02-03 00:09:47,116.65977,39.91778
7613,2008-02-03 00:14:47,116.65977,39.91777
7613,2008-02-03 00:19:47,116.65976,39.91776
7613,2008-02-03 00:24:47,116.65976,39.91776
7613,2008-02-03 00:29:47,116.65976,39.91776
7613,2008-02-03 00:39:47,116.65975,39.91774
7613,2008-02-03 00:44:47,116.65975,39.91773
7613,2008-02-03 00:49:47,116.65975,39.91773
7613,2008-02-03 00:54:47,116.65975,39.91772
7613,2008-02-03 00:59:47,116.65975,39.91772
7613,2008-02-03 01:04:47,116.65979,39.91772
7613,2008-02-03 01:09:47,116.65977,39.91771
7613,2008-02-03 01:14:47,116.65976,39.91771
7613,2008-02-03 01:19:47,116.65976,39.91771
7613,2008-02-03 01:24:47,116.65975,39.9177
7613,2008-02-03 01:29:47,116.65976,39.9177
7613,2008-02-03 01:34:47,116.65969,39.91762
7613,2008-02-03 01:39:47,116.65969,39.91762
7613,2008-02-03 01:44:47,116.65969,39.91764
7613,2008-02-03 01:49:47,116.6597,39.91764
7613,2008-02-03 01:54:47,116.65975,39.91778
7613,2008-02-03 01:59:47,116.65975,39.91781
7613,2008-02-03 02:04:47,116.65975,39.91784
7613,2008-02-03 02:14:47,116.65975,39.91784
7613,2008-02-03 02:19:47,116.65995,39.91811
7613,2008-02-03 02:29:47,116.65972,39.91778
7613,2008-02-03 02:34:47,116.65974,39.91779
7613,2008-02-03 04:57:34,116.65976,39.91768
7613,2008-02-03 04:59:46,116.65976,39.91768
7613,2008-02-03 05:04:46,116.65962,39.91783
7613,2008-02-03 05:09:46,116.65967,39.9178
7613,2008-02-03 05:14:46,116.65971,39.91776
7613,2008-02-03 05:24:46,116.65973,39.91775
7613,2008-02-03 05:29:46,116.65974,39.91776
7613,2008-02-03 05:34:46,116.65975,39.91776
7613,2008-02-03 05:39:46,116.65975,39.91775
7613,2008-02-03 05:49:46,116.65977,39.91776
7613,2008-02-03 05:54:46,116.65977,39.91775
7613,2008-02-03 05:59:46,116.65977,39.91776
7613,2008-02-03 06:04:46,116.65976,39.91776
7613,2008-02-03 06:09:46,116.65976,39.91776
7613,2008-02-03 06:14:46,116.65976,39.91777
7613,2008-02-03 06:19:46,116.65975,39.91777
7613,2008-02-03 06:24:46,116.65975,39.91777
7613,2008-02-03 06:34:46,116.65974,39.91776
7613,2008-02-03 06:39:46,116.65972,39.91776
7613,2008-02-03 06:44:46,116.65971,39.91776
7613,2008-02-03 06:49:46,116.65971,39.91775
7613,2008-02-03 06:54:46,116.65971,39.91775
7613,2008-02-03 06:54:46,116.65971,39.91775
7613,2008-02-03 06:59:46,116.65971,39.91775
7613,2008-02-03 07:04:46,116.65971,39.91775
7613,2008-02-03 07:09:46,116.6597,39.91775
7613,2008-02-03 07:14:46,116.6597,39.91774
7613,2008-02-03 07:19:46,116.6597,39.91774
7613,2008-02-03 07:24:46,116.6597,39.91774
7613,2008-02-03 07:29:46,116.6597,39.91774
7613,2008-02-03 07:34:46,116.6597,39.91774
7613,2008-02-03 07:39:45,116.6597,39.91774
7613,2008-02-03 07:44:45,116.6597,39.91773
7613,2008-02-03 07:54:45,116.6597,39.91773
7613,2008-02-03 07:59:45,116.6597,39.91773
7613,2008-02-03 08:04:45,116.6597,39.91773
7613,2008-02-03 08:14:45,116.65971,39.91773
7613,2008-02-03 08:19:45,116.65971,39.91773
7613,2008-02-03 08:29:45,116.65971,39.91773
7613,2008-02-03 08:44:45,116.65971,39.91773
7613,2008-02-03 08:49:45,116.65971,39.91773
7613,2008-02-03 08:54:45,116.65971,39.91773
7613,2008-02-03 08:59:45,116.65971,39.91773
7613,2008-02-03 09:04:45,116.65971,39.91776
7613,2008-02-03 09:19:45,116.65971,39.9177
7613,2008-02-03 09:19:45,116.65971,39.9177
7613,2008-02-03 09:29:45,116.65975,39.91767
7613,2008-02-03 09:39:45,116.65975,39.91767
7613,2008-02-03 09:44:45,116.65975,39.91767
7613,2008-02-03 09:49:45,116.65975,39.91767
7613,2008-02-03 09:54:45,116.65975,39.91767
7613,2008-02-03 09:59:45,116.65975,39.91767
7613,2008-02-03 10:04:45,116.65975,39.91767
7613,2008-02-03 10:09:45,116.65975,39.91767
7613,2008-02-03 10:14:45,116.65975,39.91767
7613,2008-02-03 10:19:45,116.65975,39.91768
7613,2008-02-03 10:24:45,116.65976,39.91768
7613,2008-02-03 10:29:45,116.65976,39.91768
7613,2008-02-03 10:49:45,116.65974,39.91769
7613,2008-02-03 10:54:45,116.65974,39.91769
7613,2008-02-03 10:59:45,116.65974,39.91769
7613,2008-02-03 11:04:45,116.65974,39.91769
7613,2008-02-03 11:14:45,116.65974,39.91769
7613,2008-02-03 11:19:45,116.65974,39.91769
7613,2008-02-03 11:24:45,116.65974,39.91769
7613,2008-02-03 11:29:45,116.65974,39.91769
7613,2008-02-03 11:34:45,116.65974,39.91769
7613,2008-02-03 11:39:45,116.65973,39.91769
7613,2008-02-03 11:44:45,116.65974,39.91771
7613,2008-02-03 11:44:45,116.65974,39.91771
7613,2008-02-03 11:49:45,116.65952,39.91762
7613,2008-02-03 11:59:45,116.65957,39.91771
7613,2008-02-03 12:04:45,116.65964,39.91773
7613,2008-02-03 12:09:45,116.65966,39.91772
7613,2008-02-03 12:14:45,116.65966,39.91771
7613,2008-02-03 12:19:45,116.65966,39.91771
7613,2008-02-03 12:39:44,116.65965,39.91771
7613,2008-02-03 12:44:44,116.65965,39.91771
7613,2008-02-03 12:49:44,116.65955,39.91777
7613,2008-02-03 12:54:44,116.65959,39.91775
7613,2008-02-03 12:59:44,116.65962,39.91771
7613,2008-02-03 13:04:44,116.65963,39.9177
7613,2008-02-03 13:09:44,116.65963,39.91768
7613,2008-02-03 13:14:44,116.65963,39.91767
7613,2008-02-03 13:19:44,116.65964,39.91767
7613,2008-02-03 13:24:44,116.65964,39.91767
7613,2008-02-03 13:29:44,116.65964,39.91768
7613,2008-02-03 13:34:44,116.65963,39.91769
7613,2008-02-03 13:39:44,116.65962,39.9177
7613,2008-02-03 13:44:44,116.65963,39.91783
7613,2008-02-03 13:49:44,116.65962,39.91813
7613,2008-02-03 13:54:44,116.65964,39.91803
7613,2008-02-03 13:59:44,116.65963,39.918
7613,2008-02-03 14:04:44,116.65963,39.91797
7613,2008-02-03 14:09:44,116.65966,39.91797
7613,2008-02-03 14:14:44,116.65966,39.91795
7613,2008-02-03 14:19:44,116.65966,39.91794
7613,2008-02-03 14:24:44,116.65966,39.91793
7613,2008-02-03 14:29:44,116.65963,39.91762
7613,2008-02-03 14:34:44,116.65966,39.9177
7613,2008-02-03 14:39:44,116.65966,39.91773
7613,2008-02-03 14:44:44,116.65967,39.91775
7613,2008-02-03 14:49:44,116.65967,39.91776
7613,2008-02-03 14:54:44,116.65967,39.91775
7613,2008-02-03 14:59:44,116.65968,39.91776
7613,2008-02-03 15:04:44,116.65968,39.91775
7613,2008-02-03 15:09:44,116.65967,39.91775
7613,2008-02-03 15:14:44,116.65967,39.91775
7613,2008-02-03 15:24:44,116.65968,39.91777
7613,2008-02-03 15:29:44,116.65968,39.91777
7613,2008-02-03 15:34:44,116.65968,39.91777
7613,2008-02-03 15:39:44,116.65967,39.91776
7613,2008-02-03 15:44:44,116.65967,39.91776
7613,2008-02-03 15:49:44,116.65967,39.91776
7613,2008-02-03 15:54:44,116.65967,39.91776
7613,2008-02-03 15:59:44,116.65967,39.91776
7613,2008-02-03 16:04:44,116.65967,39.91776
7613,2008-02-03 16:09:44,116.65967,39.91776
7613,2008-02-03 16:19:44,116.65967,39.91775
7613,2008-02-03 16:24:44,116.65967,39.91775
7613,2008-02-03 16:29:44,116.6597,39.91766
7613,2008-02-03 16:34:44,116.65964,39.91772
7613,2008-02-03 16:34:44,116.65964,39.91772
7613,2008-02-03 16:39:44,116.65965,39.9177
7613,2008-02-03 16:44:44,116.65966,39.9177
7613,2008-02-03 16:49:44,116.65964,39.91771
7613,2008-02-03 16:54:44,116.65969,39.91762
7613,2008-02-03 16:59:43,116.65969,39.91769
7613,2008-02-03 17:04:43,116.6597,39.9177
7613,2008-02-03 17:09:43,116.65971,39.9177
7613,2008-02-03 17:14:43,116.65971,39.9177
7613,2008-02-03 17:19:43,116.65972,39.91769
7613,2008-02-03 17:24:43,116.65971,39.91769
7613,2008-02-03 17:29:43,116.65972,39.91769
7613,2008-02-03 17:34:43,116.65972,39.9177
7613,2008-02-03 17:39:43,116.65972,39.91769
7613,2008-02-03 17:44:43,116.65972,39.91769
7613,2008-02-03 17:49:43,116.65973,39.9177
7613,2008-02-03 17:54:43,116.65973,39.9177
7613,2008-02-03 17:59:43,116.65973,39.9177
7613,2008-02-03 18:04:43,116.65973,39.91769
7613,2008-02-03 18:09:43,116.65973,39.91769
7613,2008-02-03 18:14:43,116.65973,39.91769
7613,2008-02-03 18:19:43,116.65973,39.91769
7613,2008-02-03 18:24:43,116.65973,39.91769
7613,2008-02-03 18:29:43,116.65973,39.91769
7613,2008-02-03 18:34:43,116.65973,39.91769
7613,2008-02-03 18:39:43,116.65973,39.91769
7613,2008-02-03 18:44:43,116.65973,39.91769
7613,2008-02-03 18:49:43,116.65973,39.91769
7613,2008-02-03 18:54:43,116.65973,39.91769
7613,2008-02-03 18:59:43,116.65973,39.91769
7613,2008-02-03 18:59:43,116.65973,39.91769
7613,2008-02-03 19:09:43,116.65973,39.91768
7613,2008-02-03 19:14:43,116.65973,39.91768
7613,2008-02-03 19:19:43,116.65973,39.91768
7613,2008-02-03 19:24:43,116.65973,39.91768
7613,2008-02-03 19:29:43,116.65973,39.91768
7613,2008-02-03 19:34:43,116.65973,39.91768
7613,2008-02-03 19:39:43,116.65973,39.91768
7613,2008-02-03 19:44:43,116.65973,39.91768
7613,2008-02-03 19:49:43,116.65973,39.91768
7613,2008-02-03 19:54:43,116.65973,39.91768
7613,2008-02-03 19:59:43,116.65973,39.91768
7613,2008-02-03 20:04:43,116.65973,39.91768
7613,2008-02-03 20:09:43,116.65974,39.91769
7613,2008-02-03 20:14:43,116.65972,39.91785
7613,2008-02-03 20:19:43,116.65973,39.91783
7613,2008-02-03 20:24:43,116.65974,39.91781
7613,2008-02-03 20:29:43,116.65974,39.91781
7613,2008-02-03 20:34:43,116.65975,39.91781
7613,2008-02-03 20:39:43,116.65975,39.91781
7613,2008-02-03 20:44:43,116.65975,39.91781
7613,2008-02-03 20:49:43,116.65976,39.9178
7613,2008-02-03 20:54:43,116.65976,39.91779
7613,2008-02-03 20:59:43,116.65976,39.91778
7613,2008-02-03 21:04:43,116.65977,39.91777
7613,2008-02-03 21:09:43,116.65977,39.91777
7613,2008-02-03 21:14:43,116.65977,39.91777
7613,2008-02-03 21:19:43,116.65978,39.91777
7613,2008-02-03 21:24:43,116.65978,39.91776
7613,2008-02-03 21:24:43,116.65978,39.91776
7613,2008-02-03 21:29:43,116.65977,39.91776
7613,2008-02-03 21:29:43,116.65977,39.91776
7613,2008-02-03 21:34:43,116.65977,39.91776
7613,2008-02-03 21:39:43,116.65976,39.91776
7613,2008-02-03 21:44:42,116.65919,39.91777
7613,2008-02-03 21:49:42,116.65953,39.91765
7613,2008-02-03 21:54:42,116.65972,39.91766
7613,2008-02-03 21:59:42,116.65971,39.91768
7613,2008-02-03 22:04:42,116.65971,39.91769
7613,2008-02-03 22:14:42,116.65971,39.91769
7613,2008-02-03 22:19:42,116.65972,39.91769
7613,2008-02-03 22:29:42,116.65989,39.91788
7613,2008-02-03 22:34:42,116.65968,39.91789
7613,2008-02-03 22:44:42,116.6597,39.9178
7613,2008-02-03 22:49:42,116.6597,39.91778
7613,2008-02-03 22:54:42,116.6597,39.91777
7613,2008-02-03 22:59:42,116.6597,39.91778
7613,2008-02-03 23:04:42,116.6597,39.91775
7613,2008-02-03 23:09:42,116.65971,39.91774
7613,2008-02-03 23:14:42,116.65972,39.91773
7613,2008-02-03 23:19:42,116.65973,39.91774
7613,2008-02-03 23:24:42,116.65974,39.91774
7613,2008-02-03 23:29:42,116.65974,39.91776
7613,2008-02-03 23:34:42,116.65974,39.91776
7613,2008-02-03 23:39:42,116.65973,39.91775
7613,2008-02-03 23:44:42,116.65972,39.91775
7613,2008-02-03 23:54:42,116.65972,39.91775
7613,2008-02-03 23:54:42,116.65972,39.91775
7613,2008-02-03 23:59:42,116.65971,39.91775
7613,2008-02-04 00:04:42,116.65971,39.91776
7613,2008-02-04 00:09:42,116.65972,39.91776
7613,2008-02-04 00:14:42,116.65972,39.91776
7613,2008-02-04 00:19:42,116.65972,39.91776
7613,2008-02-04 00:24:42,116.65972,39.91776
7613,2008-02-04 00:29:42,116.65972,39.91776
7613,2008-02-04 00:34:42,116.65972,39.91776
7613,2008-02-04 00:39:42,116.65972,39.91776
7613,2008-02-04 00:44:42,116.65972,39.91776
7613,2008-02-04 00:49:42,116.65972,39.91776
7613,2008-02-04 00:54:42,116.65972,39.91776
7613,2008-02-04 00:59:42,116.65971,39.91776
7613,2008-02-04 01:04:42,116.6597,39.91775
7613,2008-02-04 01:09:42,116.6597,39.91775
7613,2008-02-04 01:14:42,116.65971,39.91775
7613,2008-02-04 01:19:42,116.65971,39.91775
7613,2008-02-04 01:24:42,116.65971,39.91775
7613,2008-02-04 01:29:42,116.65972,39.91775
7613,2008-02-04 01:34:42,116.65971,39.91775
7613,2008-02-04 01:39:42,116.65971,39.91775
7613,2008-02-04 01:44:42,116.65971,39.91775
7613,2008-02-04 01:49:42,116.65968,39.9177
7613,2008-02-04 01:54:42,116.65971,39.91773
7613,2008-02-04 01:59:42,116.65969,39.9178
7613,2008-02-04 02:04:42,116.65954,39.91746
7613,2008-02-04 02:14:42,116.65963,39.91763
7613,2008-02-04 02:19:42,116.65967,39.91765
7613,2008-02-04 02:19:42,116.65967,39.91765
7613,2008-02-04 02:24:41,116.65966,39.91816
7613,2008-02-04 02:29:41,116.65982,39.91775
7613,2008-02-04 02:34:41,116.65947,39.91769
7613,2008-02-04 02:39:42,116.65951,39.9177
7613,2008-02-04 02:44:41,116.65946,39.91769
7613,2008-02-04 02:49:41,116.65946,39.91769
7613,2008-02-04 02:54:41,116.65947,39.91769
7613,2008-02-04 02:59:41,116.65948,39.91769
7613,2008-02-04 03:04:41,116.65948,39.91769
7613,2008-02-04 03:09:41,116.65949,39.91769
7613,2008-02-04 03:14:41,116.6595,39.91769
7613,2008-02-04 03:19:41,116.6595,39.91769
7613,2008-02-04 03:24:41,116.65951,39.91769
7613,2008-02-04 03:29:41,116.65951,39.91769
7613,2008-02-04 03:34:41,116.65946,39.91788
7613,2008-02-04 03:39:41,116.65977,39.91779
7613,2008-02-04 03:44:41,116.65977,39.91772
7613,2008-02-04 03:49:41,116.65974,39.91773
7613,2008-02-04 03:54:41,116.65973,39.91774
7613,2008-02-04 03:59:41,116.65971,39.91775
7613,2008-02-04 04:09:41,116.6597,39.91777
7613,2008-02-04 04:14:41,116.65969,39.91777
7613,2008-02-04 04:19:41,116.65969,39.91777
7613,2008-02-04 04:24:41,116.65969,39.91777
7613,2008-02-04 04:29:41,116.65969,39.91778
7613,2008-02-04 04:34:41,116.65969,39.91778
7613,2008-02-04 04:39:41,116.65969,39.91777
7613,2008-02-04 04:44:41,116.6597,39.91778
7613,2008-02-04 04:44:41,116.6597,39.91778
7613,2008-02-04 04:49:41,116.6597,39.91778
7613,2008-02-04 04:54:41,116.65978,39.91777
7613,2008-02-04 04:59:41,116.65967,39.9178
7613,2008-02-04 05:04:41,116.65968,39.9178
7613,2008-02-04 05:09:41,116.6597,39.91778
7613,2008-02-04 05:14:41,116.6597,39.91778
7613,2008-02-04 05:19:41,116.6597,39.91778
7613,2008-02-04 05:24:41,116.6597,39.91778
7613,2008-02-04 05:29:41,116.65971,39.91778
7613,2008-02-04 05:34:41,116.6597,39.91777
7613,2008-02-04 05:39:41,116.6597,39.91777
7613,2008-02-04 05:44:41,116.6597,39.91777
7613,2008-02-04 05:49:41,116.65971,39.91776
7613,2008-02-04 05:54:41,116.65971,39.91776
7613,2008-02-04 05:59:41,116.65971,39.91776
7613,2008-02-04 06:04:41,116.65971,39.91777
7613,2008-02-04 06:09:41,116.65971,39.91776
7613,2008-02-04 06:14:41,116.65971,39.91776
7613,2008-02-04 06:19:41,116.6597,39.91776
7613,2008-02-04 06:24:41,116.6597,39.91775
7613,2008-02-04 06:29:41,116.6597,39.91775
7613,2008-02-04 06:34:41,116.6597,39.91775
7613,2008-02-04 06:39:41,116.6597,39.91775
7613,2008-02-04 06:44:41,116.6597,39.91774
7613,2008-02-04 06:49:41,116.6597,39.91774
7613,2008-02-04 06:54:41,116.6597,39.91774
7613,2008-02-04 06:59:40,116.6597,39.91774
7613,2008-02-04 07:04:40,116.6597,39.91774
7613,2008-02-04 07:09:40,116.6597,39.91774
7613,2008-02-04 07:14:40,116.65969,39.91774
7613,2008-02-04 07:19:40,116.65969,39.91774
7613,2008-02-04 07:24:40,116.65969,39.91774
7613,2008-02-04 07:34:40,116.65969,39.91774
7613,2008-02-04 07:39:40,116.65968,39.91774
7613,2008-02-04 07:49:40,116.65968,39.91774
7613,2008-02-04 07:54:40,116.65968,39.91774
7613,2008-02-04 07:59:40,116.65969,39.91775
7613,2008-02-04 08:04:40,116.65969,39.91775
7613,2008-02-04 08:09:40,116.65968,39.91775
7613,2008-02-04 08:14:40,116.65968,39.91775
7613,2008-02-04 08:19:40,116.65968,39.91775
7613,2008-02-04 08:24:40,116.65968,39.91775
7613,2008-02-04 08:29:40,116.65968,39.91775
7613,2008-02-04 08:34:40,116.65968,39.91775
7613,2008-02-04 08:44:40,116.65969,39.91775
7613,2008-02-04 08:49:40,116.65969,39.91775
7613,2008-02-04 08:54:40,116.65969,39.91775
7613,2008-02-04 08:59:40,116.65969,39.91775
7613,2008-02-04 09:04:40,116.65969,39.91775
7613,2008-02-04 09:09:40,116.65969,39.91775
7613,2008-02-04 09:14:40,116.65969,39.91775
7613,2008-02-04 09:24:40,116.65969,39.91774
7613,2008-02-04 09:29:40,116.65969,39.91774
7613,2008-02-04 09:34:40,116.65969,39.91774
7613,2008-02-04 09:34:40,116.65969,39.91774
7613,2008-02-04 09:39:40,116.65969,39.91774
7613,2008-02-04 09:44:40,116.6597,39.91774
7613,2008-02-04 09:49:40,116.6597,39.91774
7613,2008-02-04 09:54:40,116.65929,39.91761
7613,2008-02-04 09:59:40,116.6595,39.91764
7613,2008-02-04 10:04:40,116.65959,39.91764
7613,2008-02-04 10:09:40,116.65963,39.91765
7613,2008-02-04 10:14:40,116.65966,39.91765
7613,2008-02-04 10:19:40,116.65967,39.91766
7613,2008-02-04 10:24:40,116.65968,39.91766
7613,2008-02-04 10:29:40,116.65932,39.91774
7613,2008-02-04 10:34:40,116.65947,39.91775
7613,2008-02-04 10:39:40,116.65952,39.91774
7613,2008-02-04 10:44:40,116.65954,39.91773
7613,2008-02-04 10:49:40,116.65952,39.91771
7613,2008-02-04 10:54:40,116.65969,39.91762
7613,2008-02-04 10:59:40,116.65963,39.91744
7613,2008-02-04 11:04:40,116.65964,39.91745
7613,2008-02-04 11:09:40,116.65979,39.91773
7613,2008-02-04 11:14:40,116.65965,39.91749
7613,2008-02-04 11:19:40,116.65969,39.91758
7613,2008-02-04 11:24:40,116.65968,39.91762
7613,2008-02-04 11:29:40,116.65968,39.91761
7613,2008-02-04 11:34:40,116.65976,39.91767
7613,2008-02-04 11:39:40,116.65976,39.91768
7613,2008-02-04 11:44:40,116.65953,39.91759
7613,2008-02-04 11:49:39,116.65961,39.9177
7613,2008-02-04 11:54:39,116.65958,39.91757
7613,2008-02-04 11:59:39,116.65959,39.91755
7613,2008-02-04 11:59:39,116.65959,39.91755
7613,2008-02-04 12:04:39,116.65964,39.91759
7613,2008-02-04 12:09:39,116.65966,39.91761
7613,2008-02-04 12:14:39,116.65965,39.91763
7613,2008-02-04 12:19:39,116.65966,39.91763
7613,2008-02-04 12:24:39,116.65968,39.91764
7613,2008-02-04 12:29:39,116.65964,39.91758
7613,2008-02-04 12:34:39,116.65967,39.91787
7613,2008-02-04 12:44:39,116.65961,39.91761
7613,2008-02-04 12:49:39,116.65957,39.91761
7613,2008-02-04 12:54:39,116.65962,39.91773
7613,2008-02-04 12:59:39,116.65963,39.91775
7613,2008-02-04 13:04:39,116.65962,39.91775
7613,2008-02-04 13:09:39,116.65961,39.91775
7613,2008-02-04 13:14:39,116.65961,39.91775
7613,2008-02-04 13:19:39,116.65961,39.91775
7613,2008-02-04 13:24:39,116.6596,39.91775
7613,2008-02-04 13:29:39,116.65961,39.91775
7613,2008-02-04 13:34:39,116.6596,39.91776
7613,2008-02-04 13:39:39,116.6596,39.91776
7613,2008-02-04 13:44:39,116.65961,39.91776
7613,2008-02-04 13:49:39,116.6596,39.91775
7613,2008-02-04 13:54:39,116.65961,39.91777
7613,2008-02-04 13:59:39,116.65961,39.91777
7613,2008-02-04 14:04:39,116.65961,39.91777
7613,2008-02-04 14:09:39,116.6594,39.91714
7613,2008-02-04 14:14:39,116.65091,39.92531
7613,2008-02-04 14:17:57,116.63262,39.92589
7613,2008-02-04 14:22:57,116.59575,39.92488
7613,2008-02-04 14:27:57,116.55275,39.92304
7613,2008-02-04 14:32:57,116.51456,39.92244
7613,2008-02-04 14:37:57,116.48887,39.92179
7613,2008-02-04 14:42:57,116.47088,39.91663
7613,2008-02-04 14:43:07,116.47177,39.91794
7613,2008-02-04 14:47:57,116.47498,39.91407
7613,2008-02-04 14:52:57,116.49722,39.91457
7613,2008-02-04 14:53:25,116.49797,39.91446
7613,2008-02-04 14:57:57,116.50658,39.9153
7613,2008-02-04 14:58:25,116.50596,39.91496
7613,2008-02-04 14:58:25,116.50596,39.91496
7613,2008-02-04 15:02:57,116.4832,39.91161
7613,2008-02-04 15:07:57,116.44233,39.90719
7613,2008-02-04 15:12:57,116.42768,39.90389
7613,2008-02-04 15:12:57,116.42768,39.90389
7613,2008-02-04 15:15:42,116.42189,39.90484
7613,2008-02-04 15:20:42,116.42043,39.91807
7613,2008-02-04 15:25:41,116.43252,39.92296
7613,2008-02-04 15:32:51,116.44839,39.91962
7613,2008-02-04 15:37:51,116.45462,39.90212
7613,2008-02-04 15:42:50,116.45774,39.89387
7613,2008-02-04 15:45:22,116.45565,39.89581
7613,2008-02-04 15:50:22,116.45618,39.91088
7613,2008-02-04 15:54:52,116.4529,39.91904
7613,2008-02-04 15:59:52,116.45821,39.92178
7613,2008-02-04 16:04:52,116.48189,39.92146
7613,2008-02-04 16:09:52,116.48523,39.91215
7613,2008-02-04 16:14:52,116.48477,39.91184
7613,2008-02-04 16:19:52,116.48497,39.91203
7613,2008-02-04 16:24:52,116.48331,39.91101
7613,2008-02-04 16:29:52,116.48291,39.91052
7613,2008-02-04 16:33:40,116.4725,39.9067
7613,2008-02-04 16:38:40,116.45603,39.91401
7613,2008-02-04 16:43:40,116.45568,39.92229
7613,2008-02-04 16:44:17,116.4583,39.92249
7613,2008-02-04 16:49:17,116.46341,39.91589
7613,2008-02-04 16:54:17,116.4716,39.90809
7613,2008-02-04 16:56:08,116.46945,39.90719
7613,2008-02-04 17:01:07,116.44961,39.90711
7613,2008-02-04 17:06:07,116.44115,39.90694
7613,2008-02-04 17:11:07,116.4251,39.90823
7613,2008-02-04 17:16:07,116.40957,39.90711
7613,2008-02-04 17:16:29,116.40895,39.9073
7613,2008-02-04 17:21:29,116.4107,39.90862
7613,2008-02-04 17:24:27,116.41167,39.9132
7613,2008-02-04 17:29:27,116.42769,39.91377
7613,2008-02-04 17:34:27,116.42932,39.90705
7613,2008-02-04 17:39:27,116.47052,39.90677
7613,2008-02-04 17:44:27,116.48401,39.90273
7613,2008-02-04 17:49:27,116.4925,39.89174
7613,2008-02-04 17:54:10,116.52123,39.88486
7613,2008-02-04 17:56:59,116.5216,39.88516
7613,2008-02-04 18:00:46,116.53885,39.89341
7613,2008-02-04 18:02:23,116.53217,39.89188
7613,2008-02-04 18:07:23,116.50928,39.90101
7613,2008-02-04 18:09:16,116.51672,39.90251
7613,2008-02-04 18:14:16,116.52383,39.90566
7613,2008-02-04 18:19:16,116.51602,39.91191
7613,2008-02-04 18:24:16,116.51493,39.92197
7613,2008-02-04 18:29:16,116.50818,39.91512
7613,2008-02-04 18:34:16,116.48735,39.9144
7613,2008-02-04 18:34:19,116.4871,39.91439
7613,2008-02-04 18:39:19,116.4715,39.90097
7613,2008-02-04 18:44:19,116.45974,39.89228
7613,2008-02-04 18:44:38,116.45949,39.89227
7613,2008-02-04 18:49:38,116.45632,39.90552
7613,2008-02-04 18:54:38,116.46584,39.90632
7613,2008-02-04 19:02:40,116.46555,39.90911
7613,2008-02-04 19:07:40,116.46249,39.9154
7613,2008-02-04 19:09:30,116.46167,39.91639
7613,2008-02-04 19:13:08,116.45494,39.9153
7613,2008-02-04 19:15:42,116.44747,39.9147
7613,2008-02-04 19:20:25,116.44515,39.92108
7613,2008-02-04 19:25:25,116.45578,39.9118
7613,2008-02-04 19:30:25,116.48358,39.89202
7613,2008-02-04 19:40:25,116.53032,39.85771
7613,2008-02-04 19:40:35,116.53032,39.85772
7613,2008-02-04 19:45:35,116.52473,39.8686
7613,2008-02-04 19:50:35,116.52117,39.89157
7613,2008-02-04 19:59:42,116.51568,39.91363
7613,2008-02-04 20:04:41,116.51505,39.91908
7613,2008-02-04 20:11:02,116.5123,39.91556
7613,2008-02-04 20:12:44,116.51412,39.91556
7613,2008-02-04 20:17:44,116.53674,39.91497
7613,2008-02-04 20:19:45,116.54132,39.91484
7613,2008-02-04 20:24:45,116.52958,39.91571
7613,2008-02-04 20:29:45,116.51266,39.91548
7613,2008-02-04 20:34:45,116.48767,39.91452
7613,2008-02-04 20:39:45,116.472,39.9098
7613,2008-02-04 20:44:44,116.46766,39.90724
7613,2008-02-04 20:51:05,116.45528,39.89631
7613,2008-02-04 20:56:05,116.46632,39.89198
7613,2008-02-04 20:56:05,116.46632,39.89198
7613,2008-02-04 20:56:18,116.46655,39.89224
7613,2008-02-04 21:01:05,116.45797,39.89234
7613,2008-02-04 21:06:04,116.45558,39.93332
7613,2008-02-04 21:11:04,116.46989,39.95256
7613,2008-02-04 21:16:04,116.48722,39.95991
7613,2008-02-04 21:21:04,116.47831,39.96669
7613,2008-02-04 21:22:23,116.47656,39.96883
7613,2008-02-04 21:27:03,116.46012,39.95896
7613,2008-02-04 21:42:03,116.43316,39.94
7613,2008-02-04 21:53:17,116.44445,39.9323
7613,2008-02-04 22:08:17,116.45793,39.90668
7613,2008-02-04 22:12:28,116.46579,39.9079
7613,2008-02-04 22:17:28,116.45588,39.93063
7613,2008-02-04 22:22:32,116.44957,39.93537
7613,2008-02-04 22:27:32,116.45514,39.92842
7613,2008-02-04 22:28:37,116.45519,39.92302
7613,2008-02-04 22:33:37,116.44441,39.93007
7613,2008-02-04 22:36:10,116.44097,39.93235
7613,2008-02-04 22:38:37,116.44554,39.9324
7613,2008-02-04 22:43:37,116.4754,39.93235
7613,2008-02-04 22:48:37,116.4837,39.89123
7613,2008-02-04 22:53:37,116.47915,39.84989
7613,2008-02-04 22:58:36,116.48057,39.85422
7613,2008-02-04 23:00:20,116.65951,39.9177
7613,2008-02-04 23:03:36,116.47958,39.8528
7613,2008-02-04 23:08:19,116.47689,39.84489
7613,2008-02-04 23:13:19,116.48013,39.85201
7613,2008-02-04 23:14:51,116.48149,39.86022
7613,2008-02-04 23:19:39,116.48254,39.89023
7613,2008-02-04 23:25:52,116.47138,39.86847
7613,2008-02-04 23:26:32,116.47117,39.86837
7613,2008-02-04 23:31:32,116.47137,39.88241
7613,2008-02-04 23:36:32,116.47172,39.90435
7613,2008-02-05 02:48:02,116.6596,39.91767
7613,2008-02-05 02:53:02,116.65965,39.91767
7613,2008-02-05 02:58:02,116.65966,39.91767
7613,2008-02-05 03:03:02,116.65971,39.91764
7613,2008-02-05 03:13:02,116.65971,39.91765
7613,2008-02-05 03:18:02,116.6597,39.91765
7613,2008-02-05 03:18:02,116.6597,39.91765
7613,2008-02-05 03:23:02,116.6597,39.91765
7613,2008-02-05 03:28:02,116.6597,39.91765
7613,2008-02-05 03:33:02,116.6597,39.91766
7613,2008-02-05 03:38:02,116.6597,39.91766
7613,2008-02-05 03:43:02,116.6597,39.91766
7613,2008-02-05 03:48:02,116.6597,39.91766
7613,2008-02-05 03:53:02,116.6597,39.91767
7613,2008-02-05 03:58:02,116.6597,39.91767
7613,2008-02-05 04:03:02,116.6597,39.91767
7613,2008-02-05 04:08:02,116.6597,39.91767
7613,2008-02-05 04:13:02,116.6597,39.91768
7613,2008-02-05 04:18:02,116.6596,39.91785
7613,2008-02-05 04:23:02,116.65962,39.91787
7613,2008-02-05 04:28:02,116.65964,39.91788
7613,2008-02-05 04:33:02,116.65966,39.9179
7613,2008-02-05 04:43:02,116.65975,39.91803
7613,2008-02-05 04:48:02,116.65966,39.91785
7613,2008-02-05 04:53:02,116.65964,39.91777
7613,2008-02-05 05:03:02,116.65967,39.91778
7613,2008-02-05 05:08:02,116.65966,39.91776
7613,2008-02-05 05:13:02,116.65966,39.91775
7613,2008-02-05 05:18:02,116.65966,39.91775
7613,2008-02-05 05:23:02,116.65967,39.91775
7613,2008-02-05 05:28:01,116.65967,39.91775
7613,2008-02-05 05:33:01,116.65967,39.91775
7613,2008-02-05 05:38:01,116.65967,39.91775
7613,2008-02-05 05:43:01,116.65967,39.91775
7613,2008-02-05 05:43:01,116.65967,39.91775
7613,2008-02-05 05:48:01,116.65968,39.91775
7613,2008-02-05 05:53:01,116.65968,39.91775
7613,2008-02-05 06:03:01,116.65968,39.91775
7613,2008-02-05 06:08:01,116.65969,39.91774
7613,2008-02-05 06:18:01,116.65969,39.91774
7613,2008-02-05 06:23:01,116.6594,39.91771
7613,2008-02-05 06:28:01,116.65943,39.91772
7613,2008-02-05 06:33:01,116.65946,39.91772
7613,2008-02-05 06:38:01,116.65947,39.91773
7613,2008-02-05 06:43:01,116.65949,39.91774
7613,2008-02-05 06:48:01,116.6595,39.91774
7613,2008-02-05 06:53:01,116.65951,39.91774
7613,2008-02-05 06:58:01,116.65952,39.91774
7613,2008-02-05 07:03:01,116.65953,39.91774
7613,2008-02-05 07:13:01,116.65954,39.91774
7613,2008-02-05 07:18:01,116.65955,39.91775
7613,2008-02-05 07:23:01,116.65955,39.91775
7613,2008-02-05 07:28:01,116.65956,39.91775
7613,2008-02-05 07:33:01,116.65956,39.91775
7613,2008-02-05 07:48:01,116.65958,39.91775
7613,2008-02-05 07:53:01,116.65959,39.91775
7613,2008-02-05 07:58:01,116.65959,39.91774
7613,2008-02-05 08:03:01,116.65959,39.91774
7613,2008-02-05 08:08:01,116.6596,39.91773
7613,2008-02-05 08:08:01,116.6596,39.91773
7613,2008-02-05 08:13:01,116.6596,39.91773
7613,2008-02-05 08:18:01,116.6596,39.91773
7613,2008-02-05 08:23:01,116.65961,39.91773
7613,2008-02-05 08:28:01,116.65961,39.91773
7613,2008-02-05 08:33:01,116.65961,39.91773
7613,2008-02-05 08:38:01,116.65962,39.91773
7613,2008-02-05 08:43:01,116.65962,39.91773
7613,2008-02-05 08:48:01,116.65962,39.91773
7613,2008-02-05 08:53:01,116.65961,39.91779
7613,2008-02-05 08:58:01,116.6597,39.91776
7613,2008-02-05 09:03:01,116.65966,39.91778
7613,2008-02-05 09:08:01,116.65966,39.91776
7613,2008-02-05 09:13:01,116.65964,39.91776
7613,2008-02-05 09:18:01,116.65965,39.91777
7613,2008-02-05 09:23:01,116.65965,39.9178
7613,2008-02-05 09:28:01,116.65964,39.9178
7613,2008-02-05 09:33:00,116.65966,39.9178
7613,2008-02-05 09:38:01,116.6597,39.91781
7613,2008-02-05 09:43:01,116.6597,39.91781
7613,2008-02-05 09:53:01,116.65969,39.9178
7613,2008-02-05 09:58:01,116.65969,39.9178
7613,2008-02-05 10:03:01,116.65969,39.9178
7613,2008-02-05 10:08:00,116.65969,39.9178
7613,2008-02-05 10:13:00,116.65969,39.9178
7613,2008-02-05 10:18:00,116.6597,39.9178
7613,2008-02-05 10:23:00,116.6597,39.9178
7613,2008-02-05 10:28:00,116.6597,39.9178
7613,2008-02-05 10:33:00,116.6597,39.9178
7613,2008-02-05 10:33:00,116.6597,39.9178
7613,2008-02-05 10:38:00,116.6597,39.9178
7613,2008-02-05 10:43:00,116.6597,39.9178
7613,2008-02-05 10:48:00,116.65971,39.9178
7613,2008-02-05 10:53:00,116.65971,39.9178
7613,2008-02-05 10:58:00,116.65971,39.9178
7613,2008-02-05 11:03:00,116.65971,39.9178
7613,2008-02-05 11:08:00,116.65971,39.9178
7613,2008-02-05 11:13:00,116.65971,39.9178
7613,2008-02-05 11:18:00,116.65971,39.9178
7613,2008-02-05 11:23:00,116.65971,39.91779
7613,2008-02-05 11:28:00,116.65971,39.91779
7613,2008-02-05 11:33:00,116.65971,39.91779
7613,2008-02-05 11:38:00,116.65971,39.91779
7613,2008-02-05 11:43:00,116.65971,39.91778
7613,2008-02-05 11:48:00,116.65972,39.91779
7613,2008-02-05 11:53:00,116.65972,39.91778
7613,2008-02-05 11:58:00,116.65972,39.91778
7613,2008-02-05 12:03:00,116.65972,39.91778
7613,2008-02-05 12:08:00,116.65972,39.91777
7613,2008-02-05 12:13:00,116.65973,39.91777
7613,2008-02-05 12:18:00,116.65973,39.91777
7613,2008-02-05 12:23:00,116.65973,39.91776
7613,2008-02-05 12:28:00,116.65973,39.91776
7613,2008-02-05 12:33:00,116.65973,39.91776
7613,2008-02-05 12:38:00,116.65972,39.91776
7613,2008-02-05 12:43:00,116.65972,39.91775
7613,2008-02-05 12:48:00,116.65971,39.91775
7613,2008-02-05 12:53:00,116.65971,39.91775
7613,2008-02-05 12:58:00,116.65971,39.91775
7613,2008-02-05 12:58:00,116.65971,39.91775
7613,2008-02-05 13:03:00,116.65971,39.91775
7613,2008-02-05 13:08:00,116.65971,39.91775
7613,2008-02-05 13:13:00,116.6597,39.91775
7613,2008-02-05 13:18:00,116.6597,39.91774
7613,2008-02-05 13:23:00,116.6597,39.91774
7613,2008-02-05 13:28:00,116.6597,39.91774
7613,2008-02-05 13:33:00,116.6597,39.91774
7613,2008-02-05 13:38:00,116.6597,39.91774
7613,2008-02-05 13:43:00,116.6597,39.91774
7613,2008-02-05 13:48:00,116.6597,39.91774
7613,2008-02-05 13:53:00,116.6597,39.91774
7613,2008-02-05 13:58:00,116.6597,39.91774
7613,2008-02-05 14:03:00,116.65976,39.91763
7613,2008-02-05 14:08:00,116.63422,39.92025
7613,2008-02-05 14:13:00,116.60453,39.91186
7613,2008-02-05 14:18:00,116.58325,39.91177
7613,2008-02-05 14:23:00,116.55443,39.91477
7613,2008-02-05 14:28:00,116.53342,39.91526
7613,2008-02-05 14:33:00,116.50475,39.91485
7613,2008-02-05 14:38:00,116.48225,39.91448
7613,2008-02-05 14:39:25,116.47679,39.91442
7613,2008-02-05 14:39:25,116.47679,39.91442
7613,2008-02-05 14:44:25,116.45586,39.91799
7613,2008-02-05 14:54:25,116.40052,39.90695
7613,2008-02-05 14:56:30,116.40244,39.91166
7613,2008-02-05 15:01:29,116.41579,39.91457
7613,2008-02-05 15:03:40,116.42032,39.91729
7613,2008-02-05 15:03:40,116.42032,39.91729
7613,2008-02-05 15:08:40,116.43352,39.92138
7613,2008-02-05 15:09:18,116.43406,39.92107
7613,2008-02-05 15:13:40,116.43253,39.92363
7613,2008-02-05 15:18:40,116.4124,39.91469
7613,2008-02-05 15:20:22,116.41092,39.90939
7613,2008-02-05 15:25:21,116.4166,39.9141
7613,2008-02-05 15:30:21,116.42471,39.92289
7613,2008-02-05 15:35:21,116.43952,39.92176
7613,2008-02-05 15:40:21,116.4571,39.91725
7613,2008-02-05 15:45:21,116.47183,39.90894
7613,2008-02-05 15:50:21,116.46562,39.90743
7613,2008-02-05 15:55:21,116.46625,39.90761
7613,2008-02-05 15:57:43,116.46548,39.90718
7613,2008-02-05 16:02:43,116.45535,39.89981
7613,2008-02-05 16:07:43,116.44863,39.86153
7613,2008-02-05 16:12:43,116.41708,39.85622
7613,2008-02-05 16:15:07,116.41857,39.85341
7613,2008-02-05 16:20:07,116.42594,39.85735
7613,2008-02-05 16:25:07,116.42574,39.85892
7613,2008-02-05 16:29:11,116.42459,39.8638
7613,2008-02-05 16:34:11,116.43367,39.87399
7613,2008-02-05 16:37:08,116.43162,39.88282
7613,2008-02-05 16:42:08,116.45412,39.88319
7613,2008-02-05 16:43:44,116.45787,39.88454
7613,2008-02-05 16:48:44,116.4866,39.88016
7613,2008-02-05 16:53:44,116.50783,39.86629
7613,2008-02-05 16:59:41,116.50829,39.8597
7613,2008-02-05 16:59:41,116.50829,39.8597
7613,2008-02-05 17:03:44,116.50248,39.87214
7613,2008-02-05 17:08:44,116.48505,39.88173
7613,2008-02-05 17:13:44,116.48365,39.89911
7613,2008-02-05 17:18:44,116.47355,39.91452
7613,2008-02-05 17:19:02,116.47355,39.91451
7613,2008-02-05 17:19:02,116.47355,39.91451
7613,2008-02-05 17:23:44,116.45712,39.91719
7613,2008-02-05 17:23:44,116.45712,39.91719
7613,2008-02-05 17:28:44,116.45566,39.90639
7613,2008-02-05 17:33:44,116.45023,39.86292
7613,2008-02-05 17:38:44,116.4168,39.85634
7613,2008-02-05 17:43:44,116.40876,39.85586
7613,2008-02-05 17:48:44,116.40745,39.84681
7613,2008-02-05 17:55:11,116.40834,39.84939
7613,2008-02-05 18:00:11,116.41392,39.85018
7613,2008-02-05 18:03:07,116.41451,39.8556
7613,2008-02-05 18:08:07,116.41507,39.87466
7613,2008-02-05 18:13:07,116.42496,39.88267
7613,2008-02-05 18:18:07,116.44986,39.8831
7613,2008-02-05 18:28:07,116.47132,39.89204
7613,2008-02-05 18:33:07,116.4717,39.90675
7613,2008-02-05 18:38:07,116.46606,39.90852
7613,2008-02-05 18:38:15,116.46603,39.90853
7613,2008-02-05 18:48:07,116.46605,39.90833
7613,2008-02-05 18:49:13,116.46568,39.90861
7613,2008-02-05 18:54:13,116.45664,39.90724
7613,2008-02-05 18:59:13,116.4359,39.90563
7613,2008-02-05 18:59:46,116.43608,39.90573
7613,2008-02-05 19:04:46,116.43486,39.90928
7613,2008-02-05 19:09:46,116.44172,39.91191
7613,2008-02-05 19:11:26,116.44426,39.90802
7613,2008-02-05 19:16:26,116.45754,39.89196
7613,2008-02-05 19:21:26,116.4643,39.89206
7613,2008-02-05 19:23:12,116.46563,39.89139
7613,2008-02-05 19:28:12,116.4717,39.90146
7613,2008-02-05 19:33:12,116.46595,39.90717
7613,2008-02-05 19:36:58,116.4659,39.9089
7613,2008-02-05 19:41:58,116.47512,39.91427
7613,2008-02-05 19:46:58,116.48039,39.91872
7613,2008-02-05 19:47:17,116.48041,39.91868
7613,2008-02-05 19:52:17,116.4831,39.91083
7613,2008-02-05 19:52:29,116.48313,39.9107
7613,2008-02-05 19:57:29,116.49602,39.91437
7613,2008-02-05 19:57:39,116.49603,39.91445
7613,2008-02-05 20:02:29,116.50623,39.91489
7613,2008-02-05 20:07:29,116.51611,39.91158
7613,2008-02-05 20:12:29,116.56656,39.90852
7613,2008-02-05 20:17:29,116.63012,39.90441
7613,2008-02-05 20:22:29,116.6498,39.88989
7613,2008-02-05 20:27:29,116.66903,39.87769
7613,2008-02-05 20:27:29,116.66903,39.87769
7613,2008-02-05 20:32:29,116.70183,39.86533
7613,2008-02-05 20:37:29,116.73995,39.85511
7613,2008-02-05 20:42:29,116.77525,39.82678
7613,2008-02-05 20:47:29,116.80058,39.81237
7613,2008-02-05 20:51:08,116.81212,39.8198
7613,2008-02-05 20:56:08,116.78312,39.81411
7613,2008-02-05 21:01:08,116.7658,39.84102
7613,2008-02-05 21:06:08,116.73632,39.8685
7613,2008-02-05 21:06:08,116.73632,39.8685
7613,2008-02-05 21:11:08,116.72992,39.90267
7613,2008-02-05 21:16:08,116.6986,39.91711
7613,2008-02-05 21:21:08,116.68164,39.91255
7613,2008-02-05 21:26:08,116.65972,39.91768
7613,2008-02-05 21:31:08,116.65966,39.91771
7613,2008-02-05 21:36:08,116.65966,39.91772
7613,2008-02-05 21:41:08,116.65968,39.91768
7613,2008-02-05 21:46:08,116.65969,39.91765
7613,2008-02-05 21:51:08,116.65969,39.91765
7613,2008-02-05 21:56:08,116.65969,39.91768
7613,2008-02-05 22:01:08,116.65969,39.91769
7613,2008-02-05 22:06:08,116.65969,39.9177
7613,2008-02-05 22:11:08,116.65969,39.9177
7613,2008-02-05 22:16:08,116.65969,39.91771
7613,2008-02-05 22:21:08,116.65969,39.91772
7613,2008-02-05 22:26:08,116.65988,39.91787
7613,2008-02-05 22:31:08,116.65989,39.91789
7613,2008-02-05 22:36:08,116.65986,39.91788
7613,2008-02-05 22:41:08,116.65984,39.91788
7613,2008-02-05 22:46:08,116.65983,39.91787
7613,2008-02-05 22:51:08,116.65982,39.91787
7613,2008-02-05 22:56:08,116.65982,39.91787
7613,2008-02-05 23:01:08,116.65981,39.91786
7613,2008-02-05 23:06:08,116.65981,39.91786
7613,2008-02-05 23:11:07,116.6598,39.91785
7613,2008-02-05 23:12:07,116.65962,39.9177
7613,2008-02-05 23:16:08,116.65976,39.91778
7613,2008-02-05 23:21:08,116.65971,39.91773
7613,2008-02-05 23:26:07,116.65971,39.91774
7613,2008-02-05 23:31:07,116.6597,39.91774
7613,2008-02-05 23:31:07,116.6597,39.91774
7613,2008-02-05 23:36:07,116.65972,39.91776
7613,2008-02-05 23:41:07,116.65972,39.91777
7613,2008-02-05 23:46:07,116.65972,39.91777
7613,2008-02-05 23:51:07,116.65972,39.91778
7613,2008-02-05 23:56:07,116.65972,39.91778
7613,2008-02-06 00:01:07,116.65972,39.91778
7613,2008-02-06 00:06:07,116.65972,39.91778
7613,2008-02-06 00:11:07,116.65972,39.91778
7613,2008-02-06 00:16:07,116.65972,39.91778
7613,2008-02-06 00:21:07,116.65972,39.91778
7613,2008-02-06 00:26:07,116.65972,39.91778
7613,2008-02-06 00:31:07,116.65972,39.91777
7613,2008-02-06 00:41:07,116.65971,39.91777
7613,2008-02-06 00:46:07,116.65971,39.91776
7613,2008-02-06 00:51:07,116.65971,39.91776
7613,2008-02-06 00:56:07,116.6597,39.91776
7613,2008-02-06 01:01:07,116.6597,39.91776
7613,2008-02-06 01:06:07,116.6597,39.91776
7613,2008-02-06 01:11:07,116.6597,39.91776
7613,2008-02-06 01:21:07,116.65969,39.91776
7613,2008-02-06 01:26:07,116.65969,39.91776
7613,2008-02-06 01:31:07,116.65969,39.91776
7613,2008-02-06 01:36:07,116.65969,39.91776
7613,2008-02-06 01:41:07,116.65969,39.91776
7613,2008-02-06 01:46:07,116.65969,39.91776
7613,2008-02-06 01:51:07,116.65969,39.91776
7613,2008-02-06 01:56:07,116.65969,39.91776
7613,2008-02-06 01:56:07,116.65969,39.91776
7613,2008-02-06 02:01:07,116.65968,39.91775
7613,2008-02-06 02:11:07,116.65965,39.91763
7613,2008-02-06 02:16:07,116.65964,39.91764
7613,2008-02-06 02:21:07,116.65964,39.91765
7613,2008-02-06 02:26:07,116.65947,39.91759
7613,2008-02-06 02:31:07,116.65953,39.91763
7613,2008-02-06 02:36:07,116.65955,39.91764
7613,2008-02-06 02:41:07,116.65956,39.91766
7613,2008-02-06 02:56:07,116.6596,39.91767
7613,2008-02-06 03:01:07,116.65961,39.91768
7613,2008-02-06 03:06:07,116.65961,39.91768
7613,2008-02-06 03:11:07,116.65962,39.91768
7613,2008-02-06 03:16:07,116.65962,39.91768
7613,2008-02-06 03:21:07,116.65963,39.91769
7613,2008-02-06 03:26:07,116.65963,39.91769
7613,2008-02-06 03:36:07,116.65963,39.91769
7613,2008-02-06 03:41:07,116.65963,39.91769
7613,2008-02-06 03:46:07,116.65966,39.91771
7613,2008-02-06 03:51:06,116.65966,39.91771
7613,2008-02-06 03:56:06,116.65966,39.91771
7613,2008-02-06 04:01:06,116.65966,39.91772
7613,2008-02-06 04:06:06,116.65966,39.91772
7613,2008-02-06 04:11:06,116.65966,39.91772
7613,2008-02-06 04:16:06,116.65967,39.91772
7613,2008-02-06 04:21:06,116.65967,39.91772
7613,2008-02-06 04:21:06,116.65967,39.91772
7613,2008-02-06 04:26:06,116.65967,39.91772
7613,2008-02-06 04:31:06,116.65967,39.91772
7613,2008-02-06 04:36:06,116.65967,39.91772
7613,2008-02-06 04:41:06,116.65967,39.91773
7613,2008-02-06 04:46:06,116.65967,39.91773
7613,2008-02-06 04:56:06,116.65967,39.91773
7613,2008-02-06 05:01:06,116.65967,39.91773
7613,2008-02-06 05:06:06,116.65968,39.91773
7613,2008-02-06 05:11:06,116.65968,39.91773
7613,2008-02-06 05:16:06,116.65968,39.91773
7613,2008-02-06 05:21:06,116.65968,39.91773
7613,2008-02-06 05:26:06,116.65968,39.91774
7613,2008-02-06 05:31:06,116.65968,39.91774
7613,2008-02-06 05:36:06,116.65968,39.91774
7613,2008-02-06 05:41:06,116.65968,39.91774
7613,2008-02-06 05:46:06,116.65968,39.91774
7613,2008-02-06 05:51:06,116.65968,39.91775
7613,2008-02-06 05:56:06,116.65968,39.91775
7613,2008-02-06 06:01:06,116.65968,39.91775
7613,2008-02-06 06:06:06,116.65969,39.91775
7613,2008-02-06 06:11:06,116.65969,39.91775
7613,2008-02-06 06:16:06,116.65969,39.91775
7613,2008-02-06 06:21:06,116.65969,39.91775
7613,2008-02-06 06:26:06,116.65969,39.91775
7613,2008-02-06 06:31:06,116.65968,39.91775
7613,2008-02-06 06:36:06,116.65968,39.91776
7613,2008-02-06 06:41:06,116.65936,39.9177
7613,2008-02-06 06:46:06,116.65971,39.91783
7613,2008-02-06 06:46:06,116.65971,39.91783
7613,2008-02-06 06:51:06,116.65966,39.91781
7613,2008-02-06 06:56:06,116.65969,39.91781
7613,2008-02-06 07:01:06,116.65967,39.91781
7613,2008-02-06 07:06:06,116.65966,39.91781
7613,2008-02-06 07:11:06,116.65964,39.91781
7613,2008-02-06 07:16:06,116.65963,39.91781
7613,2008-02-06 07:21:06,116.65963,39.91781
7613,2008-02-06 07:26:06,116.65963,39.9178
7613,2008-02-06 07:31:06,116.65963,39.9178
7613,2008-02-06 07:36:06,116.65963,39.9178
7613,2008-02-06 07:46:06,116.65953,39.91802
7613,2008-02-06 07:51:06,116.65952,39.91796
7613,2008-02-06 07:56:06,116.65952,39.91793
7613,2008-02-06 08:01:06,116.65954,39.9179
7613,2008-02-06 08:06:06,116.65957,39.91787
7613,2008-02-06 08:11:06,116.65959,39.91786
7613,2008-02-06 08:16:06,116.65959,39.91785
7613,2008-02-06 08:21:06,116.6596,39.91783
7613,2008-02-06 08:26:06,116.6596,39.91783
7613,2008-02-06 08:31:06,116.65961,39.91782
7613,2008-02-06 08:36:06,116.65962,39.91781
7613,2008-02-06 08:41:06,116.65962,39.9178
7613,2008-02-06 08:46:06,116.65962,39.9178
7613,2008-02-06 08:51:06,116.65963,39.9178
7613,2008-02-06 08:56:05,116.65963,39.91779
7613,2008-02-06 09:01:05,116.65963,39.91779
7613,2008-02-06 09:06:05,116.65963,39.91778
7613,2008-02-06 09:11:05,116.65963,39.91778
7613,2008-02-06 09:11:05,116.65963,39.91778
7613,2008-02-06 09:16:05,116.65964,39.91778
7613,2008-02-06 09:21:05,116.65964,39.91778
7613,2008-02-06 09:26:05,116.65964,39.91779
7613,2008-02-06 09:31:05,116.65964,39.91779
7613,2008-02-06 09:36:05,116.65964,39.91779
7613,2008-02-06 09:41:05,116.65965,39.91779
7613,2008-02-06 09:46:05,116.65965,39.91778
7613,2008-02-06 09:51:05,116.65965,39.91778
7613,2008-02-06 09:56:05,116.65965,39.91778
7613,2008-02-06 10:01:05,116.65966,39.91778
7613,2008-02-06 10:06:05,116.65966,39.91778
7613,2008-02-06 10:11:05,116.65966,39.91778
7613,2008-02-06 10:16:05,116.65966,39.91778
7613,2008-02-06 10:21:05,116.65966,39.91778
7613,2008-02-06 10:26:05,116.65966,39.91778
7613,2008-02-06 10:31:05,116.65966,39.91778
7613,2008-02-06 10:36:05,116.65966,39.91778
7613,2008-02-06 10:41:05,116.65966,39.91778
7613,2008-02-06 10:46:05,116.65966,39.91777
7613,2008-02-06 10:51:05,116.65966,39.91777
7613,2008-02-06 10:56:05,116.65966,39.91777
7613,2008-02-06 11:01:05,116.65966,39.91777
7613,2008-02-06 11:11:05,116.65966,39.91777
7613,2008-02-06 11:16:05,116.65966,39.91777
7613,2008-02-06 11:16:05,116.65966,39.91777
7613,2008-02-06 11:21:05,116.65966,39.91777
7613,2008-02-06 11:26:05,116.65966,39.91776
7613,2008-02-06 11:31:05,116.65966,39.91776
7613,2008-02-06 11:36:05,116.65966,39.91776
7613,2008-02-06 11:46:05,116.65967,39.91777
7613,2008-02-06 11:51:05,116.65967,39.91777
7613,2008-02-06 11:56:05,116.65968,39.91776
7613,2008-02-06 12:01:05,116.65968,39.91776
7613,2008-02-06 12:06:05,116.65968,39.91776
7613,2008-02-06 12:11:05,116.65969,39.91776
7613,2008-02-06 12:16:05,116.65969,39.91776
7613,2008-02-06 12:21:05,116.65969,39.91777
7613,2008-02-06 12:26:05,116.65969,39.91777
7613,2008-02-06 12:31:05,116.65969,39.91777
7613,2008-02-06 12:36:05,116.65969,39.91777
7613,2008-02-06 12:41:05,116.65969,39.91777
7613,2008-02-06 12:51:05,116.65969,39.91777
7613,2008-02-06 12:56:05,116.65969,39.91777
7613,2008-02-06 13:01:05,116.65961,39.91776
7613,2008-02-06 13:06:05,116.65966,39.91773
7613,2008-02-06 13:11:05,116.65969,39.91772
7613,2008-02-06 13:16:04,116.6597,39.91771
7613,2008-02-06 13:26:04,116.65972,39.91771
7613,2008-02-06 13:31:04,116.65972,39.91771
7613,2008-02-06 13:36:04,116.65972,39.91772
7613,2008-02-06 13:41:04,116.65972,39.91772
7613,2008-02-06 13:46:04,116.65972,39.91772
7613,2008-02-06 13:51:04,116.65973,39.91772
7613,2008-02-06 13:56:04,116.65973,39.91772
7613,2008-02-06 14:01:04,116.65973,39.91772
7613,2008-02-06 14:01:04,116.65973,39.91772
7613,2008-02-06 14:06:04,116.65973,39.91773
7613,2008-02-06 14:11:04,116.65973,39.91773
7613,2008-02-06 14:21:04,116.65973,39.91773
7613,2008-02-06 14:26:04,116.65973,39.91773
7613,2008-02-06 14:31:04,116.65973,39.91773
7613,2008-02-06 14:36:04,116.65972,39.91772
7613,2008-02-06 14:41:04,116.65972,39.91772
7613,2008-02-06 14:46:04,116.65972,39.91772
7613,2008-02-06 14:46:04,116.65972,39.91772
7613,2008-02-06 14:51:04,116.65972,39.91771
7613,2008-02-06 14:56:04,116.65965,39.91758
7613,2008-02-06 15:01:04,116.65966,39.9176
7613,2008-02-06 15:06:04,116.65968,39.91762
7613,2008-02-06 15:11:04,116.65968,39.91764
7613,2008-02-06 15:16:04,116.65968,39.91764
7613,2008-02-06 15:21:04,116.65973,39.9178
7613,2008-02-06 15:31:04,116.65969,39.91779
7613,2008-02-06 15:36:04,116.6597,39.91778
7613,2008-02-06 15:41:04,116.6597,39.91778
7613,2008-02-06 15:46:04,116.65971,39.91778
7613,2008-02-06 15:51:04,116.65971,39.91779
7613,2008-02-06 15:56:04,116.65971,39.9178
7613,2008-02-06 16:01:04,116.65972,39.9178
7613,2008-02-06 16:06:04,116.65972,39.91779
7613,2008-02-06 16:11:04,116.65433,39.91889
7613,2008-02-06 16:16:04,116.65986,39.91795
7613,2008-02-06 16:21:04,116.65985,39.91788
7613,2008-02-06 16:26:04,116.6508,39.9191
7613,2008-02-06 16:31:04,116.63405,39.92591
7613,2008-02-06 16:31:04,116.63405,39.92591
7613,2008-02-06 16:36:04,116.59983,39.92513
7613,2008-02-06 16:41:04,116.58521,39.9166
7613,2008-02-06 16:41:59,116.58536,39.91641
7613,2008-02-06 16:51:29,116.60581,39.91978
7613,2008-02-06 16:56:29,116.58439,39.92372
7613,2008-02-06 17:01:29,116.62134,39.91235
7613,2008-02-06 17:03:22,116.62209,39.90933
7613,2008-02-06 17:08:22,116.64925,39.92103
7613,2008-02-06 17:13:22,116.65984,39.91778
7613,2008-02-06 17:18:22,116.63425,39.92046
7613,2008-02-06 17:28:22,116.58537,39.91375
7613,2008-02-06 17:33:22,116.57809,39.92375
7613,2008-02-06 17:38:22,116.53408,39.92252
7613,2008-02-06 17:43:22,116.51173,39.92185
7613,2008-02-06 17:44:16,116.5119,39.91965
7613,2008-02-06 17:49:16,116.49611,39.91684
7613,2008-02-06 17:54:53,116.51117,39.92191
7613,2008-02-06 17:59:53,116.54291,39.92248
7613,2008-02-06 18:04:53,116.58247,39.92396
7613,2008-02-06 18:09:53,116.6274,39.92586
7613,2008-02-06 18:14:53,116.66503,39.91419
7613,2008-02-06 18:19:54,116.67364,39.90196
7613,2008-02-06 18:19:58,116.67364,39.90197
7613,2008-02-06 18:24:58,116.66334,39.90748
7613,2008-02-06 18:27:26,116.65596,39.90846
7613,2008-02-06 18:32:26,116.65094,39.92469
7613,2008-02-06 18:37:26,116.65916,39.95749
7613,2008-02-06 18:42:26,116.68586,39.96797
7613,2008-02-06 18:43:23,116.68543,39.96826
7613,2008-02-06 18:48:23,116.67515,39.97368
7613,2008-02-06 18:53:23,116.6503,39.94214
7613,2008-02-06 18:58:23,116.62508,39.92599
7613,2008-02-06 19:03:23,116.58448,39.92228
7613,2008-02-06 19:03:48,116.5843,39.92385
7613,2008-02-06 19:08:48,116.54442,39.92261
7613,2008-02-06 19:13:48,116.50367,39.92184
7613,2008-02-06 19:18:48,116.47232,39.92148
7613,2008-02-06 19:28:48,116.42676,39.92272
7613,2008-02-06 19:35:39,116.41021,39.91318
7613,2008-02-06 19:40:39,116.40994,39.92259
7613,2008-02-06 19:44:06,116.41813,39.92273
7613,2008-02-06 19:49:05,116.43581,39.93222
7613,2008-02-06 19:49:05,116.43581,39.93222
7613,2008-02-06 19:54:06,116.45058,39.93123
7613,2008-02-06 19:54:13,116.45058,39.93123
7613,2008-02-06 19:59:05,116.44438,39.93959
7613,2008-02-06 20:04:05,116.4621,39.96879
7613,2008-02-06 20:09:05,116.47941,40.01202
7613,2008-02-06 20:14:05,116.43565,40.03074
7613,2008-02-06 20:15:51,116.43104,40.02836
7613,2008-02-06 20:20:51,116.40259,40.02119
7613,2008-02-06 20:25:51,116.40126,39.99187
7613,2008-02-06 20:26:19,116.40116,39.99158
7613,2008-02-06 20:31:19,116.44627,39.98102
7613,2008-02-06 20:36:19,116.4475,39.96682
7613,2008-02-06 20:37:22,116.4487,39.966
7613,2008-02-06 20:42:22,116.44233,39.9606
7613,2008-02-06 20:42:22,116.44233,39.9606
7613,2008-02-06 20:45:20,116.43317,39.95824
7613,2008-02-06 20:50:20,116.46164,39.95676
7613,2008-02-06 20:52:33,116.46795,39.95412
7613,2008-02-06 20:57:32,116.4687,39.93686
7613,2008-02-06 20:57:39,116.46873,39.93667
7613,2008-02-06 21:02:33,116.45579,39.94747
7613,2008-02-06 21:06:28,116.44405,39.94353
7613,2008-02-06 21:06:28,116.44405,39.94353
7613,2008-02-06 21:11:28,116.44408,39.91677
7613,2008-02-06 21:16:28,116.43614,39.9119
7613,2008-02-06 21:21:28,116.43687,39.91633
7613,2008-02-06 21:26:28,116.43991,39.92167
7613,2008-02-06 21:27:34,116.44003,39.92313
7613,2008-02-06 21:31:28,116.44902,39.92215
7613,2008-02-06 21:36:29,116.43975,39.91657
7613,2008-02-06 21:36:31,116.43974,39.91642
7613,2008-02-06 21:41:28,116.44406,39.91085
7613,2008-02-06 21:46:28,116.40068,39.90703
7613,2008-02-06 21:51:28,116.38365,39.88839
7613,2008-02-06 22:00:59,116.3688,39.88804
7613,2008-02-06 22:07:32,116.35443,39.87174
7613,2008-02-06 22:10:18,116.34802,39.86881
7613,2008-02-06 22:15:18,116.33347,39.86694
7613,2008-02-06 22:20:18,116.30683,39.86811
7613,2008-02-06 22:32:18,116.30813,39.92244
7613,2008-02-06 22:35:17,116.32832,39.92144
7613,2008-02-06 22:55:17,116.30391,39.93107
7613,2008-02-06 22:56:46,116.30257,39.93119
7613,2008-02-06 23:01:46,116.31525,39.93775
7613,2008-02-06 23:02:38,116.31723,39.93789
7613,2008-02-06 23:07:38,116.27957,39.94052
7613,2008-02-06 23:09:57,116.27393,39.94409
7613,2008-02-06 23:12:12,116.65969,39.91774
7613,2008-02-06 23:12:12,116.65969,39.91774
7613,2008-02-06 23:12:39,116.28851,39.94633
7613,2008-02-06 23:17:39,116.30128,39.96582
7613,2008-02-06 23:28:08,116.35684,39.99318
7613,2008-02-06 23:32:29,116.35147,39.99233
7613,2008-02-06 23:33:30,116.35359,39.99225
7613,2008-02-06 23:38:29,116.38133,39.98641
7613,2008-02-06 23:43:29,116.38865,39.96083
7613,2008-02-06 23:46:07,116.38417,39.95554
7613,2008-02-06 23:51:07,116.38926,39.94801
7613,2008-02-06 23:56:07,116.42295,39.94829
7613,2008-02-06 23:59:54,116.43573,39.93976
7613,2008-02-07 00:04:54,116.42827,39.92495
7613,2008-02-07 00:09:54,116.40447,39.90682
7613,2008-02-07 00:14:54,116.35859,39.9059
7613,2008-02-07 00:14:54,116.35859,39.9059
7613,2008-02-07 00:34:56,116.21047,39.90628
7613,2008-02-07 00:39:54,116.18617,39.91357
7613,2008-02-07 00:41:06,116.18453,39.91399
7613,2008-02-07 00:46:06,116.19267,39.90613
7613,2008-02-07 00:51:06,116.22213,39.90612
7613,2008-02-07 00:56:06,116.24842,39.90614
7613,2008-02-07 01:02:32,116.28612,39.90622
7613,2008-02-07 01:07:32,116.32672,39.90606
7613,2008-02-07 01:17:45,116.36792,39.9073
7613,2008-02-07 01:17:45,116.36792,39.9073
7613,2008-02-07 01:21:55,116.36994,39.90748
7613,2008-02-07 01:23:46,116.36772,39.90942
7613,2008-02-07 01:31:57,116.39964,39.92286
7613,2008-02-07 01:32:23,116.40001,39.92253
7613,2008-02-07 01:32:23,116.40001,39.92253
7613,2008-02-07 01:37:23,116.40057,39.89978
7613,2008-02-07 01:42:23,116.41309,39.886
7613,2008-02-07 01:46:43,116.4107,39.86411
7613,2008-02-07 01:46:43,116.4107,39.86411
7613,2008-02-07 01:51:43,116.43932,39.87517
7613,2008-02-07 01:51:43,116.43932,39.87517
7613,2008-02-07 01:56:43,116.43262,39.90705
7613,2008-02-07 05:12:15,116.65981,39.91774
7613,2008-02-07 05:17:15,116.65982,39.91774
7613,2008-02-07 05:22:15,116.65982,39.91775
7613,2008-02-07 05:27:15,116.65983,39.91776
7613,2008-02-07 05:32:15,116.65982,39.91776
7613,2008-02-07 05:37:15,116.65981,39.91776
7613,2008-02-07 05:42:15,116.6598,39.91777
7613,2008-02-07 05:47:15,116.65979,39.91778
7613,2008-02-07 05:52:15,116.65978,39.91778
7613,2008-02-07 05:57:15,116.65977,39.91779
7613,2008-02-07 06:02:15,116.65977,39.91779
7613,2008-02-07 06:07:15,116.65976,39.91779
7613,2008-02-07 06:22:15,116.65975,39.91779
7613,2008-02-07 06:22:15,116.65975,39.91779
7613,2008-02-07 06:27:15,116.65975,39.91779
7613,2008-02-07 06:32:15,116.65975,39.91779
7613,2008-02-07 06:37:15,116.65975,39.91779
7613,2008-02-07 06:42:15,116.65976,39.91779
7613,2008-02-07 06:47:15,116.65976,39.91779
7613,2008-02-07 06:52:15,116.65976,39.91779
7613,2008-02-07 06:57:15,116.65975,39.91779
7613,2008-02-07 07:02:15,116.65975,39.91778
7613,2008-02-07 07:07:15,116.65975,39.91778
7613,2008-02-07 07:12:15,116.65974,39.91779
7613,2008-02-07 07:17:15,116.65974,39.91779
7613,2008-02-07 07:22:15,116.65974,39.91779
7613,2008-02-07 07:27:15,116.65973,39.91779
7613,2008-02-07 07:32:15,116.65973,39.91779
7613,2008-02-07 07:37:14,116.65973,39.91779
7613,2008-02-07 07:42:14,116.65973,39.91779
7613,2008-02-07 07:47:14,116.65973,39.91779
7613,2008-02-07 07:57:14,116.65943,39.91766
7613,2008-02-07 08:02:14,116.65947,39.91766
7613,2008-02-07 08:07:14,116.65953,39.91768
7613,2008-02-07 08:12:14,116.65957,39.91769
7613,2008-02-07 08:17:14,116.6596,39.91769
7613,2008-02-07 08:22:14,116.65962,39.91769
7613,2008-02-07 08:27:14,116.65963,39.9177
7613,2008-02-07 08:32:14,116.65963,39.9177
7613,2008-02-07 08:37:14,116.65964,39.9177
7613,2008-02-07 08:42:14,116.65965,39.91769
7613,2008-02-07 08:47:14,116.65965,39.91769
7613,2008-02-07 08:47:14,116.65965,39.91769
7613,2008-02-07 08:52:14,116.65966,39.91769
7613,2008-02-07 08:57:14,116.65966,39.91769
7613,2008-02-07 09:02:14,116.65966,39.9177
7613,2008-02-07 09:02:14,116.65966,39.9177
7613,2008-02-07 09:07:14,116.65966,39.9177
7613,2008-02-07 09:12:14,116.65983,39.9176
7613,2008-02-07 09:17:14,116.65972,39.91769
7613,2008-02-07 09:22:14,116.65972,39.91769
7613,2008-02-07 09:27:14,116.65973,39.91769
7613,2008-02-07 09:32:14,116.65974,39.91769
7613,2008-02-07 09:37:14,116.65974,39.91769
7613,2008-02-07 09:42:14,116.65974,39.91769
7613,2008-02-07 09:47:14,116.65974,39.91769
7613,2008-02-07 09:52:14,116.65974,39.91769
7613,2008-02-07 09:57:14,116.65974,39.91768
7613,2008-02-07 10:02:14,116.65973,39.91768
7613,2008-02-07 10:07:14,116.65973,39.91767
7613,2008-02-07 10:12:14,116.65972,39.91767
7613,2008-02-07 10:17:14,116.65972,39.91767
7613,2008-02-07 10:22:14,116.65971,39.91767
7613,2008-02-07 10:27:14,116.65971,39.91766
7613,2008-02-07 10:32:14,116.65971,39.91766
7613,2008-02-07 10:37:14,116.6597,39.91766
7613,2008-02-07 10:42:14,116.6597,39.91765
7613,2008-02-07 10:47:14,116.65973,39.91782
7613,2008-02-07 10:52:14,116.6597,39.91781
7613,2008-02-07 10:57:14,116.65971,39.91782
7613,2008-02-07 11:02:14,116.65972,39.9178
7613,2008-02-07 11:07:14,116.65969,39.91775
7613,2008-02-07 11:12:14,116.65969,39.91775
7613,2008-02-07 11:12:14,116.65969,39.91775
7613,2008-02-07 11:17:14,116.65968,39.91774
7613,2008-02-07 11:27:14,116.65967,39.91774
7613,2008-02-07 11:32:14,116.65977,39.91779
7613,2008-02-07 11:42:14,116.65977,39.91781
7613,2008-02-07 11:47:14,116.65977,39.91777
7613,2008-02-07 11:52:14,116.65978,39.91775
7613,2008-02-07 11:57:14,116.65978,39.91775
7613,2008-02-07 12:02:14,116.65978,39.91775
7613,2008-02-07 12:07:14,116.65978,39.91775
7613,2008-02-07 12:12:14,116.65978,39.91775
7613,2008-02-07 12:17:14,116.65978,39.91775
7613,2008-02-07 12:22:13,116.65978,39.91776
7613,2008-02-07 12:27:13,116.65977,39.91776
7613,2008-02-07 12:37:13,116.65976,39.91776
7613,2008-02-07 12:42:13,116.65976,39.91776
7613,2008-02-07 12:57:13,116.65975,39.91775
7613,2008-02-07 13:07:13,116.65975,39.91774
7613,2008-02-07 13:12:13,116.65974,39.91774
7613,2008-02-07 13:17:13,116.65974,39.91774
7613,2008-02-07 13:22:13,116.65974,39.91774
7613,2008-02-07 13:27:13,116.65974,39.91774
7613,2008-02-07 13:32:13,116.65974,39.91773
7613,2008-02-07 13:37:13,116.65974,39.91773
7613,2008-02-07 13:42:13,116.65974,39.91773
7613,2008-02-07 13:42:13,116.65974,39.91773
7613,2008-02-07 13:47:13,116.65974,39.91773
7613,2008-02-07 13:52:13,116.65967,39.91785
7613,2008-02-07 13:57:13,116.65968,39.91787
7613,2008-02-07 14:02:13,116.65969,39.91787
7613,2008-02-07 14:07:13,116.6597,39.91784
7613,2008-02-07 14:12:13,116.6597,39.91782
7613,2008-02-07 14:17:13,116.6597,39.91779
7613,2008-02-07 14:22:13,116.65971,39.91778
7613,2008-02-07 14:32:13,116.65971,39.91776
7613,2008-02-07 14:37:13,116.6597,39.91775
7613,2008-02-07 14:42:13,116.65969,39.91774
7613,2008-02-07 14:47:13,116.65969,39.91774
7613,2008-02-07 14:52:13,116.65968,39.91773
7613,2008-02-07 14:57:13,116.65991,39.91803
7613,2008-02-07 15:02:13,116.65962,39.91772
7613,2008-02-07 15:07:13,116.65962,39.91772
7613,2008-02-07 15:12:13,116.65964,39.91775
7613,2008-02-07 15:17:13,116.65965,39.91777
7613,2008-02-07 15:22:13,116.65965,39.91777
7613,2008-02-07 15:27:13,116.65964,39.91777
7613,2008-02-07 15:32:13,116.65964,39.91776
7613,2008-02-07 15:37:13,116.65963,39.91777
7613,2008-02-07 15:42:13,116.65963,39.98554
7613,2008-02-07 15:42:13,116.65963,39.98554
7613,2008-02-07 15:47:13,116.65963,39.91777
7613,2008-02-07 15:52:13,116.65977,39.91762
7613,2008-02-07 15:57:13,116.6561,39.91912
7613,2008-02-07 16:02:13,116.65604,39.91916
7613,2008-02-07 16:02:13,116.65604,39.91916
7613,2008-02-07 16:07:13,116.65349,39.92033
7613,2008-02-07 16:12:13,116.65288,39.93333
7613,2008-02-07 16:17:13,116.65284,39.93344
7613,2008-02-07 16:22:13,116.65407,39.93341
7613,2008-02-07 16:27:13,116.65399,39.93347
7613,2008-02-07 16:32:13,116.65393,39.93335
7613,2008-02-07 16:37:13,116.65394,39.93327
7613,2008-02-07 16:42:13,116.65393,39.9332
7613,2008-02-07 16:47:13,116.65386,39.93315
7613,2008-02-07 16:52:13,116.65364,39.93309
7613,2008-02-07 16:57:12,116.65365,39.93309
7613,2008-02-07 17:02:12,116.65366,39.93309
7613,2008-02-07 17:07:12,116.65367,39.93309
7613,2008-02-07 17:12:12,116.65367,39.93309
7613,2008-02-07 17:17:12,116.65368,39.93309
7613,2008-02-07 17:22:12,116.65369,39.9331
7613,2008-02-07 17:27:12,116.6539,39.93323
7613,2008-02-07 17:32:12,116.65275,39.92996
7613,2008-02-07 17:37:12,116.65809,39.91976
7613,2008-02-07 17:42:12,116.65985,39.91782
7613,2008-02-07 17:47:12,116.65989,39.9178
7613,2008-02-07 17:52:12,116.65989,39.9178
7613,2008-02-07 17:57:12,116.65989,39.9178
7613,2008-02-07 18:02:12,116.65989,39.9178
7613,2008-02-07 18:07:12,116.65989,39.9178
7613,2008-02-07 18:12:12,116.65823,39.91625
7613,2008-02-07 18:17:12,116.6504,39.9143
7613,2008-02-07 18:22:12,116.64992,39.91141
7613,2008-02-07 18:27:12,116.64997,39.9114
7613,2008-02-07 18:27:12,116.64997,39.9114
7613,2008-02-07 18:32:12,116.66008,39.92195
7613,2008-02-07 18:32:12,116.66008,39.92195
7613,2008-02-07 18:37:12,116.67968,39.92636
7613,2008-02-07 18:42:12,116.6798,39.92637
7613,2008-02-07 18:47:12,116.67992,39.92637
7613,2008-02-07 18:52:12,116.68145,39.92715
7613,2008-02-07 18:57:12,116.68143,39.92717
7613,2008-02-07 19:02:12,116.68145,39.92718
7613,2008-02-07 19:07:12,116.68146,39.92719
7613,2008-02-07 19:12:12,116.67913,39.92798
7613,2008-02-07 19:17:12,116.67908,39.92776
7613,2008-02-07 19:22:12,116.67901,39.92788
7613,2008-02-07 19:27:12,116.679,39.92786
7613,2008-02-07 19:32:12,116.67902,39.92783
7613,2008-02-07 19:37:12,116.67902,39.92782
7613,2008-02-07 19:42:12,116.67902,39.92783
7613,2008-02-07 19:47:12,116.67903,39.92782
7613,2008-02-07 19:52:12,116.67905,39.92781
7613,2008-02-07 19:57:12,116.67907,39.92779
7613,2008-02-07 20:02:12,116.67908,39.92779
7613,2008-02-07 20:07:12,116.67909,39.92779
7613,2008-02-07 20:12:12,116.67909,39.92779
7613,2008-02-07 20:17:12,116.67909,39.92779
7613,2008-02-07 20:22:12,116.67908,39.9278
7613,2008-02-07 20:27:12,116.67908,39.9278
7613,2008-02-07 20:32:12,116.67908,39.9278
7613,2008-02-07 20:37:12,116.67909,39.9278
7613,2008-02-07 20:42:12,116.67908,39.9278
7613,2008-02-07 20:47:12,116.67908,39.9278
7613,2008-02-07 20:52:12,116.67908,39.9278
7613,2008-02-07 20:52:12,116.67908,39.9278
7613,2008-02-07 20:57:12,116.67908,39.9278
7613,2008-02-07 20:57:12,116.67908,39.9278
7613,2008-02-07 21:02:12,116.67908,39.9278
7613,2008-02-07 21:07:12,116.67908,39.9278
7613,2008-02-07 21:12:12,116.67908,39.9278
7613,2008-02-07 21:17:12,116.67944,39.9274
7613,2008-02-07 21:22:12,116.67859,39.92729
7613,2008-02-07 21:27:12,116.67894,39.92786
7613,2008-02-07 21:32:12,116.67891,39.92791
7613,2008-02-07 21:37:11,116.67886,39.92794
7613,2008-02-07 21:42:11,116.67904,39.92778
7613,2008-02-07 21:47:11,116.67896,39.92786
7613,2008-02-07 21:52:11,116.67892,39.92789
7613,2008-02-07 21:57:11,116.67978,39.92774
7613,2008-02-07 22:02:11,116.67864,39.92801
7613,2008-02-07 22:07:11,116.67869,39.92799
7613,2008-02-07 22:12:11,116.6787,39.92799
7613,2008-02-07 22:17:11,116.6793,39.92767
7613,2008-02-07 22:22:11,116.67896,39.92783
7613,2008-02-07 22:27:11,116.67894,39.92785
7613,2008-02-07 22:32:11,116.68008,39.92772
7613,2008-02-07 22:37:11,116.67888,39.92794
7613,2008-02-07 22:42:11,116.67887,39.92798
7613,2008-02-07 22:47:11,116.679,39.92785
7613,2008-02-07 22:52:11,116.68077,39.92811
7613,2008-02-07 22:57:11,116.67912,39.92784
7613,2008-02-07 23:02:11,116.67909,39.92783
7613,2008-02-07 23:06:19,116.65963,39.91768
7613,2008-02-07 23:07:12,116.67894,39.92781
7613,2008-02-07 23:12:12,116.67882,39.92782
7613,2008-02-07 23:17:12,116.67903,39.92787
7613,2008-02-07 23:17:12,116.67903,39.92787
7613,2008-02-07 23:22:11,116.67913,39.92816
7613,2008-02-07 23:22:11,116.67913,39.92816
7613,2008-02-07 23:27:11,116.67905,39.92806
7613,2008-02-07 23:32:11,116.67903,39.92797
7613,2008-02-07 23:37:11,116.67903,39.92794
7613,2008-02-07 23:42:11,116.67903,39.92793
7613,2008-02-07 23:47:11,116.67902,39.92793
7613,2008-02-07 23:52:11,116.67902,39.92792
7613,2008-02-07 23:57:11,116.67903,39.92791
7613,2008-02-08 00:02:11,116.67903,39.9279
7613,2008-02-08 00:07:11,116.67903,39.9279
7613,2008-02-08 00:12:11,116.67879,39.92777
7613,2008-02-08 00:17:11,116.67888,39.92777
7613,2008-02-08 00:22:11,116.67894,39.92789
7613,2008-02-08 00:27:11,116.67896,39.92789
7613,2008-02-08 00:32:11,116.67901,39.92784
7613,2008-02-08 00:37:11,116.67903,39.92782
7613,2008-02-08 00:42:11,116.67905,39.92781
7613,2008-02-08 00:47:11,116.67906,39.92779
7613,2008-02-08 00:52:11,116.67906,39.92779
7613,2008-02-08 00:57:11,116.67906,39.92778
7613,2008-02-08 01:02:11,116.67905,39.92778
7613,2008-02-08 01:07:11,116.67906,39.92778
7613,2008-02-08 01:12:11,116.67917,39.92781
7613,2008-02-08 01:17:11,116.67913,39.92764
7613,2008-02-08 01:22:11,116.67909,39.92765
7613,2008-02-08 01:32:11,116.67913,39.92782
7613,2008-02-08 01:37:11,116.67912,39.9278
7613,2008-02-08 01:42:11,116.6791,39.92781
7613,2008-02-08 01:42:11,116.6791,39.92781
7613,2008-02-08 01:47:11,116.6791,39.92781
7613,2008-02-08 01:47:11,116.6791,39.92781
7613,2008-02-08 01:52:11,116.67909,39.92782
7613,2008-02-08 01:57:11,116.67909,39.92782
7613,2008-02-08 02:22:10,116.65971,39.9178
7613,2008-02-08 02:47:10,116.6597,39.91778
7613,2008-02-08 02:52:10,116.65971,39.91778
7613,2008-02-08 02:57:10,116.65971,39.91778
7613,2008-02-08 03:02:10,116.65971,39.91778
7613,2008-02-08 03:07:10,116.65971,39.91779
7613,2008-02-08 03:12:10,116.65971,39.91779
7613,2008-02-08 03:17:10,116.65971,39.91779
7613,2008-02-08 03:22:10,116.65971,39.91779
7613,2008-02-08 03:27:10,116.65971,39.91778
7613,2008-02-08 03:32:10,116.65972,39.91778
7613,2008-02-08 03:37:10,116.65972,39.91778
7613,2008-02-08 03:42:10,116.65971,39.91778
7613,2008-02-08 03:47:10,116.65971,39.91778
7613,2008-02-08 03:52:10,116.65971,39.91778
7613,2008-02-08 03:57:10,116.65971,39.91778
7613,2008-02-08 04:02:10,116.65972,39.91778
7613,2008-02-08 04:07:10,116.65972,39.91778
7613,2008-02-08 04:07:10,116.65972,39.91778
7613,2008-02-08 04:12:10,116.65972,39.91778
7613,2008-02-08 04:12:10,116.65972,39.91778
7613,2008-02-08 04:12:10,116.65972,39.91778
7613,2008-02-08 04:12:10,116.65972,39.91778
7613,2008-02-08 04:17:10,116.65972,39.91778
7613,2008-02-08 04:22:10,116.65973,39.91778
7613,2008-02-08 04:27:10,116.65973,39.91777
7613,2008-02-08 04:32:10,116.65966,39.91753
7613,2008-02-08 04:47:10,116.65969,39.91776
7613,2008-02-08 04:52:10,116.65972,39.91739
7613,2008-02-08 04:57:10,116.65977,39.91755
7613,2008-02-08 05:02:10,116.65975,39.91757
7613,2008-02-08 05:07:10,116.65974,39.91758
7613,2008-02-08 05:12:10,116.65974,39.91759
7613,2008-02-08 05:17:10,116.65976,39.9176
7613,2008-02-08 05:22:10,116.65975,39.91762
7613,2008-02-08 05:27:10,116.65975,39.91763
7613,2008-02-08 05:32:10,116.65976,39.91764
7613,2008-02-08 05:37:10,116.65975,39.91766
7613,2008-02-08 05:42:10,116.65974,39.91768
7613,2008-02-08 05:47:10,116.65972,39.91769
7613,2008-02-08 05:52:10,116.65971,39.91769
7613,2008-02-08 05:57:10,116.65969,39.9177
7613,2008-02-08 06:02:10,116.65969,39.91771
7613,2008-02-08 06:07:10,116.65945,39.91766
7613,2008-02-08 06:12:10,116.65964,39.91774
7613,2008-02-08 06:17:10,116.65986,39.91775
7613,2008-02-08 06:22:10,116.65986,39.91773
7613,2008-02-08 06:27:10,116.65987,39.91772
7613,2008-02-08 06:32:10,116.65984,39.91773
7613,2008-02-08 06:32:10,116.65984,39.91773
7613,2008-02-08 06:37:10,116.65983,39.91773
7613,2008-02-08 06:37:10,116.65983,39.91773
7613,2008-02-08 06:42:10,116.65983,39.91774
7613,2008-02-08 06:47:10,116.65982,39.91774
7613,2008-02-08 06:52:09,116.65982,39.91773
7613,2008-02-08 06:57:09,116.65955,39.91786
7613,2008-02-08 07:02:09,116.65966,39.91783
7613,2008-02-08 07:07:09,116.65971,39.91783
7613,2008-02-08 07:12:09,116.65974,39.91782
7613,2008-02-08 07:17:09,116.65973,39.91782
7613,2008-02-08 07:22:09,116.65973,39.91781
7613,2008-02-08 07:22:09,116.65973,39.91781
7613,2008-02-08 07:27:09,116.65972,39.9178
7613,2008-02-08 07:32:09,116.65972,39.9178
7613,2008-02-08 07:37:09,116.65973,39.91782
7613,2008-02-08 07:42:09,116.65973,39.91783
7613,2008-02-08 07:47:09,116.65972,39.91782
7613,2008-02-08 07:52:09,116.65971,39.91782
7613,2008-02-08 07:57:09,116.65952,39.91774
7613,2008-02-08 08:02:09,116.6596,39.91776
7613,2008-02-08 08:07:09,116.65964,39.91776
7613,2008-02-08 08:12:09,116.65967,39.91777
7613,2008-02-08 08:17:09,116.65968,39.91778
7613,2008-02-08 08:22:09,116.65968,39.91778
7613,2008-02-08 08:27:09,116.65968,39.91777
7613,2008-02-08 08:32:09,116.65968,39.91777
7613,2008-02-08 08:37:09,116.65968,39.91776
7613,2008-02-08 08:42:09,116.65969,39.91776
7613,2008-02-08 08:47:09,116.65969,39.91775
7613,2008-02-08 08:52:09,116.65969,39.91775
7613,2008-02-08 08:57:09,116.65969,39.91774
7613,2008-02-08 09:02:09,116.65969,39.91774
7613,2008-02-08 09:02:09,116.65969,39.91774
7613,2008-02-08 09:07:09,116.65969,39.91774
7613,2008-02-08 09:12:09,116.65969,39.91774
7613,2008-02-08 09:17:09,116.65969,39.91773
7613,2008-02-08 09:22:09,116.65969,39.91773
7613,2008-02-08 09:27:09,116.6597,39.91773
7613,2008-02-08 09:32:09,116.6597,39.91772
7613,2008-02-08 09:37:09,116.6597,39.91772
7613,2008-02-08 09:42:09,116.65971,39.91772
7613,2008-02-08 09:47:09,116.65972,39.91772
7613,2008-02-08 09:52:09,116.65972,39.91771
7613,2008-02-08 09:57:09,116.65972,39.91771
7613,2008-02-08 10:02:09,116.65972,39.91771
7613,2008-02-08 10:07:09,116.65972,39.91771
7613,2008-02-08 10:12:09,116.65972,39.91771
7613,2008-02-08 10:17:09,116.65972,39.91771
7613,2008-02-08 10:22:09,116.65972,39.91771
7613,2008-02-08 10:32:09,116.65972,39.91771
7613,2008-02-08 10:37:09,116.65972,39.91771
7613,2008-02-08 10:42:09,116.65971,39.91771
7613,2008-02-08 10:47:09,116.65959,39.91754
7613,2008-02-08 10:52:09,116.65974,39.91784
7613,2008-02-08 10:57:09,116.6597,39.91775
7613,2008-02-08 11:02:09,116.65968,39.91772
7613,2008-02-08 11:07:09,116.65968,39.91772
7613,2008-02-08 11:12:09,116.65969,39.91774
7613,2008-02-08 11:17:09,116.65969,39.91774
7613,2008-02-08 11:22:09,116.65968,39.91775
7613,2008-02-08 11:22:09,116.65968,39.91775
7613,2008-02-08 11:27:09,116.65968,39.91774
7613,2008-02-08 11:27:09,116.65968,39.91774
7613,2008-02-08 11:32:09,116.65967,39.91773
7613,2008-02-08 11:37:09,116.65968,39.91773
7613,2008-02-08 11:42:08,116.65347,39.9203
7613,2008-02-08 11:47:08,116.6535,39.92032
7613,2008-02-08 11:52:08,116.6535,39.92032
7613,2008-02-08 11:57:08,116.64619,39.9213
7613,2008-02-08 12:02:08,116.61035,39.90712
7613,2008-02-08 12:07:08,116.54103,39.90838
7613,2008-02-08 15:14:01,116.41623,39.91349
7613,2008-02-08 15:19:01,116.41654,39.91301
7613,2008-02-08 15:19:01,116.41654,39.91301
7613,2008-02-08 15:24:01,116.4165,39.91314
7613,2008-02-08 15:29:01,116.41619,39.91349
7613,2008-02-08 15:34:01,116.41612,39.91361
7613,2008-02-08 15:39:01,116.41612,39.91361
7613,2008-02-08 15:44:01,116.42507,39.91407
7613,2008-02-08 15:49:01,116.4388,39.88562
7613,2008-02-08 15:54:01,116.43346,39.87113
7613,2008-02-08 15:59:01,116.43911,39.8749
7613,2008-02-08 16:04:01,116.42975,39.90875
7613,2008-02-08 16:09:01,116.42798,39.92151
7613,2008-02-08 16:14:01,116.41614,39.91361
7613,2008-02-08 16:19:01,116.41618,39.91333
7613,2008-02-08 16:24:01,116.41619,39.9133
7613,2008-02-08 16:29:01,116.41619,39.9133
7613,2008-02-08 16:34:01,116.4161,39.913
7613,2008-02-08 16:39:01,116.41613,39.91302
7613,2008-02-08 16:44:01,116.41652,39.91314
7613,2008-02-08 16:49:01,116.41599,39.91316
7613,2008-02-08 16:54:01,116.41605,39.91327
7613,2008-02-08 16:59:01,116.41598,39.91311
7613,2008-02-08 17:04:01,116.41617,39.91366
7613,2008-02-08 17:09:01,116.41618,39.91369
7613,2008-02-08 17:14:01,116.41617,39.91366
7613,2008-02-08 17:19:01,116.42791,39.91417
7613,2008-02-08 17:24:01,116.46862,39.90368
