taxi_id,time,lon,lat
7900,2008-02-02 13:35:54,116.46278,39.83514
7900,2008-02-02 13:40:54,116.44264,39.82724
7900,2008-02-02 13:45:54,116.44505,39.82496
7900,2008-02-02 13:50:54,116.44504,39.82494
7900,2008-02-02 13:55:54,116.44492,39.82492
7900,2008-02-02 14:00:54,116.44324,39.82812
7900,2008-02-02 14:05:54,116.45131,39.83837
7900,2008-02-02 14:06:21,116.45093,39.8408
7900,2008-02-02 14:11:21,116.44313,39.8578
7900,2008-02-02 14:16:21,116.43618,39.8643
7900,2008-02-02 14:20:06,116.43448,39.86729
7900,2008-02-02 14:25:06,116.43861,39.87273
7900,2008-02-02 14:30:06,116.4533,39.8831
7900,2008-02-02 14:35:06,116.46142,39.88309
7900,2008-02-02 14:40:06,116.48988,39.88165
7900,2008-02-02 14:48:54,116.48786,39.89198
7900,2008-02-02 14:52:55,116.4682,39.89224
7900,2008-02-02 14:52:55,116.4682,39.89224
7900,2008-02-02 14:57:54,116.456,39.90279
7900,2008-02-02 15:07:54,116.45435,39.90677
7900,2008-02-02 15:12:54,116.47304,39.90658
7900,2008-02-02 15:13:16,116.47448,39.90674
7900,2008-02-02 15:18:16,116.4832,39.87765
7900,2008-02-02 15:18:50,116.48333,39.87764
7900,2008-02-02 15:28:16,116.46051,39.88317
7900,2008-02-02 15:30:40,116.45731,39.88331
7900,2008-02-02 15:34:17,116.45557,39.88777
7900,2008-02-02 15:39:17,116.47683,39.89178
7900,2008-02-02 15:42:01,116.48647,39.89179
7900,2008-02-02 15:47:01,116.48446,39.90175
7900,2008-02-02 18:25:49,116.37888,39.88821
7900,2008-02-02 18:34:44,116.36351,39.8879
7900,2008-02-02 18:35:49,116.36214,39.88785
7900,2008-02-02 18:40:48,116.35271,39.88801
7900,2008-02-02 18:45:25,116.33423,39.89082
7900,2008-02-02 18:47:24,116.3332,39.891
7900,2008-02-02 18:57:02,116.32124,39.88864
7900,2008-02-02 19:02:02,116.31977,39.88965
7900,2008-02-02 19:07:01,116.32026,39.88698
7900,2008-02-02 19:12:01,116.31972,39.88506
7900,2008-02-02 19:13:46,116.32133,39.8831
7900,2008-02-02 19:18:46,116.33093,39.88847
7900,2008-02-02 19:18:46,116.33093,39.88847
7900,2008-02-02 19:23:46,116.35327,39.88795
7900,2008-02-02 19:28:46,116.36155,39.88183
7900,2008-02-02 19:32:42,116.36519,39.87808
7900,2008-02-02 19:37:41,116.36839,39.88098
7900,2008-02-02 19:42:42,116.38092,39.8879
7900,2008-02-02 19:47:33,116.39386,39.89
7900,2008-02-02 19:52:33,116.41163,39.89156
7900,2008-02-02 19:52:33,116.41163,39.89156
7900,2008-02-02 19:57:33,116.41278,39.89699
7900,2008-02-02 19:57:33,116.41278,39.89699
7900,2008-02-02 20:02:33,116.4129,39.89859
7900,2008-02-02 20:07:33,116.41226,39.90788
7900,2008-02-02 20:12:33,116.41195,39.9147
7900,2008-02-02 20:16:05,116.41136,39.92133
7900,2008-02-02 20:17:33,116.41409,39.9228
7900,2008-02-02 20:22:33,116.42683,39.92314
7900,2008-02-02 20:27:33,116.43294,39.92309
7900,2008-02-02 20:32:33,116.44177,39.92164
7900,2008-02-02 20:37:33,116.44679,39.92025
7900,2008-02-02 20:42:33,116.46327,39.9152
7900,2008-02-02 20:47:33,116.48161,39.91412
7900,2008-02-02 20:52:33,116.49344,39.91444
7900,2008-02-02 20:57:33,116.49731,39.9146
7900,2008-02-02 21:02:33,116.50094,39.91463
7900,2008-02-02 21:06:47,116.51034,39.91514
7900,2008-02-02 21:07:33,116.51137,39.91532
7900,2008-02-02 21:17:33,116.50754,39.93298
7900,2008-02-02 21:19:15,116.50738,39.93306
7900,2008-02-02 21:24:15,116.51132,39.93789
7900,2008-02-02 21:29:15,116.51124,39.9379
7900,2008-02-02 21:29:15,116.51124,39.9379
7900,2008-02-02 21:34:15,116.51153,39.93782
7900,2008-02-02 21:39:15,116.51148,39.93785
7900,2008-02-02 21:44:15,116.51139,39.93342
7900,2008-02-02 21:49:15,116.51125,39.93835
7900,2008-02-02 22:05:30,116.49558,39.90706
7900,2008-02-02 22:09:14,116.49121,39.9073
7900,2008-02-02 22:14:14,116.49095,39.90703
7900,2008-02-02 22:19:09,116.49076,39.90719
7900,2008-02-02 22:34:07,116.45541,39.88375
7900,2008-02-02 22:39:06,116.46954,39.89205
7900,2008-02-02 22:39:19,116.46988,39.89222
7900,2008-02-02 22:44:19,116.49138,39.87704
7900,2008-02-02 22:49:19,116.50784,39.86228
7900,2008-02-02 22:50:10,116.50776,39.86169
7900,2008-02-02 23:08:07,116.47269,39.90737
7900,2008-02-02 23:09:29,116.47447,39.90949
7900,2008-02-02 23:14:28,116.47584,39.90673
7900,2008-02-02 23:16:43,116.4879,39.90615
7900,2008-02-02 23:32:03,116.53631,39.91506
7900,2008-02-02 23:36:30,116.55721,39.915
7900,2008-02-02 23:49:13,116.59374,39.91174
7900,2008-02-02 23:58:04,116.58108,39.90908
7900,2008-02-03 00:05:15,116.57256,39.90952
7900,2008-02-03 00:08:02,116.57092,39.90912
7900,2008-02-03 00:13:04,116.56554,39.89733
7900,2008-02-03 00:18:04,116.5655,39.89737
7900,2008-02-03 00:23:04,116.56542,39.89735
7900,2008-02-03 00:28:04,116.56546,39.89734
7900,2008-02-03 00:33:04,116.56549,39.89734
7900,2008-02-03 00:33:04,116.56549,39.89734
7900,2008-02-03 00:38:04,116.56551,39.89733
7900,2008-02-03 00:43:04,116.56555,39.89734
7900,2008-02-03 00:48:04,116.56555,39.89733
7900,2008-02-03 00:53:04,116.56555,39.89733
7900,2008-02-03 00:58:04,116.56555,39.89733
7900,2008-02-03 01:03:04,116.56555,39.89732
7900,2008-02-03 01:08:04,116.56555,39.89731
7900,2008-02-03 01:18:04,116.56556,39.8973
7900,2008-02-03 01:23:04,116.56556,39.8973
7900,2008-02-03 01:28:04,116.56556,39.8973
7900,2008-02-03 01:33:04,116.56555,39.8973
7900,2008-02-03 01:38:04,116.56555,39.8973
7900,2008-02-03 01:43:04,116.56555,39.8973
7900,2008-02-03 01:53:04,116.56554,39.89732
7900,2008-02-03 02:03:04,116.56553,39.89733
7900,2008-02-03 02:18:04,116.56552,39.89734
7900,2008-02-03 02:23:04,116.56552,39.89734
7900,2008-02-03 02:33:04,116.56552,39.89734
7900,2008-02-03 02:43:59,116.56552,39.89748
7900,2008-02-03 02:48:58,116.56551,39.89745
7900,2008-02-03 02:53:58,116.56552,39.89744
7900,2008-02-03 02:58:58,116.56552,39.89743
7900,2008-02-03 03:03:58,116.56552,39.89743
7900,2008-02-03 03:08:58,116.56552,39.89742
7900,2008-02-03 03:13:58,116.56552,39.89741
7900,2008-02-03 03:18:58,116.56552,39.89741
7900,2008-02-03 03:23:58,116.56552,39.8974
7900,2008-02-03 03:28:58,116.56552,39.89739
7900,2008-02-03 03:33:58,116.56552,39.89739
7900,2008-02-03 03:43:58,116.56552,39.89737
7900,2008-02-03 03:48:58,116.56552,39.89736
7900,2008-02-03 03:53:58,116.56552,39.89736
7900,2008-02-03 04:03:58,116.56553,39.89733
7900,2008-02-03 04:08:58,116.56553,39.89733
7900,2008-02-03 04:13:58,116.56554,39.89733
7900,2008-02-03 04:23:58,116.56554,39.89733
7900,2008-02-03 04:28:58,116.56554,39.89733
7900,2008-02-03 04:38:58,116.56554,39.89733
7900,2008-02-03 04:43:58,116.56554,39.89733
7900,2008-02-03 04:48:58,116.56554,39.89733
7900,2008-02-03 04:53:58,116.56555,39.89733
7900,2008-02-03 04:53:58,116.34909,39.8906
7900,2008-02-03 04:53:58,116.56555,39.89733
7900,2008-02-03 04:53:58,116.34909,39.8906
7900,2008-02-03 04:58:58,116.56555,39.89733
7900,2008-02-03 05:03:58,116.56555,39.89733
7900,2008-02-03 05:08:58,116.56555,39.89733
7900,2008-02-03 05:13:58,116.56555,39.89733
7900,2008-02-03 05:23:58,116.56555,39.89733
7900,2008-02-03 05:28:58,116.56555,39.89733
7900,2008-02-03 05:33:58,116.56555,39.89733
7900,2008-02-03 05:38:58,116.56555,39.89733
7900,2008-02-03 05:43:58,116.56555,39.89733
7900,2008-02-03 05:48:58,116.56555,39.89733
7900,2008-02-03 05:53:57,116.56555,39.89733
7900,2008-02-03 05:58:57,116.56555,39.89733
7900,2008-02-03 06:03:57,116.56555,39.89733
7900,2008-02-03 06:08:57,116.56555,39.89733
7900,2008-02-03 06:13:57,116.56555,39.89733
7900,2008-02-03 06:18:57,116.5655,39.89736
7900,2008-02-03 06:23:56,116.56551,39.89736
7900,2008-02-03 06:28:57,116.56551,39.89736
7900,2008-02-03 06:33:57,116.56551,39.89736
7900,2008-02-03 06:38:57,116.56551,39.89736
7900,2008-02-03 06:43:57,116.56551,39.89736
7900,2008-02-03 06:48:57,116.56551,39.89736
7900,2008-02-03 06:53:57,116.56551,39.89736
7900,2008-02-03 06:58:57,116.56551,39.89735
7900,2008-02-03 07:08:57,116.56551,39.89735
7900,2008-02-03 07:13:57,116.56551,39.89735
7900,2008-02-03 07:18:57,116.56551,39.89734
7900,2008-02-03 07:18:57,116.56551,39.89734
7900,2008-02-03 07:28:57,116.56551,39.89734
7900,2008-02-03 07:33:57,116.56551,39.89734
7900,2008-02-03 07:38:57,116.56551,39.89734
7900,2008-02-03 07:48:57,116.56549,39.8977
7900,2008-02-03 07:53:57,116.5656,39.89735
7900,2008-02-03 07:58:57,116.56558,39.89734
7900,2008-02-03 08:03:57,116.5656,39.89735
7900,2008-02-03 08:08:57,116.56559,39.89735
7900,2008-02-03 08:13:57,116.5656,39.89736
7900,2008-02-03 08:38:57,116.5656,39.89735
7900,2008-02-03 08:43:57,116.5656,39.89735
7900,2008-02-03 08:48:57,116.56559,39.89735
7900,2008-02-03 08:53:57,116.56559,39.89735
7900,2008-02-03 08:58:57,116.56559,39.89735
7900,2008-02-03 09:03:57,116.56559,39.89735
7900,2008-02-03 09:08:57,116.56559,39.89735
7900,2008-02-03 09:13:57,116.56559,39.89735
7900,2008-02-03 09:18:57,116.56559,39.89735
7900,2008-02-03 09:23:57,116.56559,39.89734
7900,2008-02-03 09:28:57,116.56559,39.89734
7900,2008-02-03 09:33:57,116.56559,39.89734
7900,2008-02-03 09:38:57,116.56559,39.89734
7900,2008-02-03 09:43:57,116.56559,39.89734
7900,2008-02-03 09:48:57,116.56559,39.89734
7900,2008-02-03 09:58:57,116.56559,39.89733
7900,2008-02-03 10:03:57,116.56558,39.89733
7900,2008-02-03 10:08:57,116.56558,39.89734
7900,2008-02-03 10:18:57,116.56557,39.89734
7900,2008-02-03 10:28:56,116.56556,39.89734
7900,2008-02-03 10:33:56,116.56567,39.8973
7900,2008-02-03 10:38:56,116.55161,39.90008
7900,2008-02-03 10:43:56,116.52723,39.89192
7900,2008-02-03 10:48:56,116.48528,39.89217
7900,2008-02-03 10:53:56,116.46505,39.89218
7900,2008-02-03 11:04:47,116.42125,39.89904
7900,2008-02-03 11:09:47,116.42193,39.90493
7900,2008-02-03 11:22:18,116.42755,39.92274
7900,2008-02-03 11:43:47,116.43628,39.90718
7900,2008-02-03 11:51:35,116.40987,39.90812
7900,2008-02-03 11:53:46,116.41153,39.90876
7900,2008-02-03 11:58:46,116.38561,39.90613
7900,2008-02-03 12:03:46,116.36017,39.90595
7900,2008-02-03 12:08:46,116.35046,39.9171
7900,2008-02-03 12:13:46,116.34947,39.94102
7900,2008-02-03 12:13:46,116.34947,39.94102
7900,2008-02-03 12:18:46,116.34749,39.9828
7900,2008-02-03 12:28:46,116.32319,39.98477
7900,2008-02-03 12:33:46,116.30003,39.98419
7900,2008-02-03 12:35:55,116.30378,39.98364
7900,2008-02-03 12:38:46,116.30932,39.98388
7900,2008-02-03 12:43:46,116.32399,39.99135
7900,2008-02-03 12:45:15,116.3262,39.99155
7900,2008-02-03 12:50:14,116.32603,39.99173
7900,2008-02-03 12:55:14,116.32241,39.99143
7900,2008-02-03 13:00:14,116.33048,39.99162
7900,2008-02-03 13:05:14,116.33149,39.99139
7900,2008-02-03 13:13:52,116.31505,39.99108
7900,2008-02-03 13:18:52,116.31024,39.98593
7900,2008-02-03 13:22:47,116.30302,39.98417
7900,2008-02-03 13:27:47,116.31036,39.97996
7900,2008-02-03 13:32:18,116.31178,39.99085
7900,2008-02-03 13:37:17,116.33007,39.99176
7900,2008-02-03 13:38:48,116.33061,39.99026
7900,2008-02-03 13:43:47,116.33132,39.9915
7900,2008-02-03 13:48:47,116.33138,39.99144
7900,2008-02-03 13:52:12,116.33242,39.99152
7900,2008-02-03 13:57:11,116.34646,39.99184
7900,2008-02-03 14:02:11,116.35254,39.99115
7900,2008-02-03 14:05:49,116.35552,39.98814
7900,2008-02-03 14:10:49,116.34895,39.98586
7900,2008-02-03 14:15:49,116.3712,39.98537
7900,2008-02-03 14:18:29,116.37401,39.97913
7900,2008-02-03 14:23:29,116.36939,39.96844
7900,2008-02-03 14:23:49,116.36956,39.96727
7900,2008-02-03 14:28:48,116.38096,39.9665
7900,2008-02-03 14:33:48,116.39369,39.96699
7900,2008-02-03 14:38:48,116.39465,39.96657
7900,2008-02-03 14:38:48,116.39465,39.96657
7900,2008-02-03 14:43:48,116.39477,39.96707
7900,2008-02-03 14:48:48,116.39468,39.96697
7900,2008-02-03 14:52:51,116.39646,39.96698
7900,2008-02-03 14:57:51,116.41135,39.97677
7900,2008-02-03 15:02:51,116.4114,40.00165
7900,2008-02-03 15:06:16,116.41162,40.02307
7900,2008-02-03 15:11:16,116.41047,40.00507
7900,2008-02-03 15:12:16,116.41083,40.0041
7900,2008-02-03 15:22:15,116.35833,39.98587
7900,2008-02-03 15:22:15,116.35833,39.98587
7900,2008-02-03 15:32:15,116.25701,39.9715
7900,2008-02-03 15:37:15,116.2353,39.96763
7900,2008-02-03 15:39:53,116.24056,39.95793
7900,2008-02-03 15:42:15,116.24046,39.9555
7900,2008-02-03 15:47:15,116.26269,39.94565
7900,2008-02-03 15:48:19,116.2641,39.94554
7900,2008-02-03 15:52:15,116.26798,39.94549
7900,2008-02-03 15:57:15,116.27545,39.9602
7900,2008-02-03 16:00:16,116.27871,39.96273
7900,2008-02-03 16:02:15,116.2818,39.96318
7900,2008-02-03 16:07:15,116.29755,39.94335
7900,2008-02-03 16:12:15,116.30403,39.9089
7900,2008-02-03 16:17:15,116.32811,39.90601
7900,2008-02-03 16:29:26,116.37586,39.90284
7900,2008-02-03 16:34:26,116.37804,39.89722
7900,2008-02-03 16:34:41,116.37809,39.89648
7900,2008-02-03 16:39:40,116.37183,39.8893
7900,2008-02-03 16:39:40,116.37183,39.8893
7900,2008-02-03 16:40:24,116.3718,39.88938
7900,2008-02-03 16:45:24,116.36836,39.89837
7900,2008-02-03 16:50:24,116.37845,39.88895
7900,2008-02-03 16:55:24,116.40405,39.89126
7900,2008-02-03 17:00:24,116.42803,39.89201
7900,2008-02-03 17:05:24,116.45361,39.89171
7900,2008-02-03 17:10:24,116.45493,39.88928
7900,2008-02-03 17:14:25,116.4555,39.89878
7900,2008-02-03 17:19:25,116.45575,39.91342
7900,2008-02-03 17:24:25,116.45554,39.92565
7900,2008-02-03 17:29:25,116.45557,39.9397
7900,2008-02-03 17:34:25,116.44453,39.95956
7900,2008-02-03 17:39:25,116.43583,39.96219
7900,2008-02-03 17:40:42,116.43655,39.96299
7900,2008-02-03 17:45:42,116.44555,39.9584
7900,2008-02-03 17:50:42,116.45868,39.95752
7900,2008-02-03 17:55:42,116.48349,39.95041
7900,2008-02-03 18:00:42,116.48263,39.91461
7900,2008-02-03 18:05:14,116.47299,39.90734
7900,2008-02-03 18:05:43,116.47212,39.90648
7900,2008-02-03 18:13:10,116.46229,39.89609
7900,2008-02-03 18:18:09,116.45962,39.8994
7900,2008-02-03 18:23:09,116.45961,39.8994
7900,2008-02-03 18:28:09,116.45961,39.8994
7900,2008-02-03 18:33:09,116.45961,39.8994
7900,2008-02-03 18:38:09,116.45596,39.90165
7900,2008-02-03 18:43:09,116.47311,39.90632
7900,2008-02-03 18:44:24,116.47312,39.90682
7900,2008-02-03 18:49:24,116.48364,39.89546
7900,2008-02-03 18:50:45,116.48753,39.89396
7900,2008-02-03 18:55:45,116.48608,39.90536
7900,2008-02-03 19:25:02,116.4848,39.9115
7900,2008-02-03 19:25:29,116.48488,39.91159
7900,2008-02-03 19:30:31,116.48393,39.94144
7900,2008-02-03 19:35:30,116.46837,39.96709
7900,2008-02-03 19:40:30,116.46235,39.97778
7900,2008-02-03 19:42:58,116.46184,39.98397
7900,2008-02-03 19:47:58,116.47587,39.98345
7900,2008-02-03 19:52:58,116.47813,39.97515
7900,2008-02-03 19:52:58,116.47813,39.97515
7900,2008-02-03 19:57:58,116.49054,39.97068
7900,2008-02-03 20:02:58,116.4905,39.97064
7900,2008-02-03 20:07:58,116.4905,39.97065
7900,2008-02-03 20:12:58,116.49697,39.96731
7900,2008-02-03 20:21:24,116.5112,39.9408
7900,2008-02-03 20:26:24,116.5109,39.92249
7900,2008-02-03 20:31:24,116.51507,39.91595
7900,2008-02-03 20:49:47,116.4725,39.89921
7900,2008-02-03 20:53:47,116.47205,39.90667
7900,2008-02-03 20:58:47,116.48393,39.93371
7900,2008-02-03 21:20:16,116.48265,39.9699
7900,2008-02-03 21:23:37,116.48873,39.97062
7900,2008-02-03 21:23:43,116.48873,39.97062
7900,2008-02-03 21:28:43,116.48696,39.96303
7900,2008-02-03 21:33:43,116.48353,39.94875
7900,2008-02-03 21:38:43,116.48354,39.92123
7900,2008-02-03 21:43:43,116.47755,39.90713
7900,2008-02-03 21:48:43,116.48451,39.90368
7900,2008-02-03 21:53:43,116.49078,39.90651
7900,2008-02-03 21:53:43,116.49078,39.90651
7900,2008-02-03 21:58:43,116.4908,39.90651
7900,2008-02-03 22:00:26,116.49192,39.90659
7900,2008-02-03 22:18:57,116.484,39.9288
7900,2008-02-03 22:20:45,116.48688,39.93244
7900,2008-02-03 22:25:45,116.49094,39.92695
7900,2008-02-03 22:30:44,116.48164,39.92154
7900,2008-02-03 22:35:44,116.48243,39.90613
7900,2008-02-03 23:06:55,116.55728,39.915
7900,2008-02-03 23:11:55,116.57595,39.91323
7900,2008-02-03 23:13:47,116.577,39.91474
7900,2008-02-03 23:18:46,116.58471,39.91156
7900,2008-02-03 23:34:13,116.57105,39.90965
7900,2008-02-03 23:35:21,116.5709,39.91021
7900,2008-02-03 23:35:21,116.5709,39.91021
7900,2008-02-03 23:46:39,116.57087,39.91374
7900,2008-02-04 00:00:36,116.57114,39.90668
7900,2008-02-04 00:05:36,116.56567,39.89732
7900,2008-02-04 00:10:36,116.56569,39.89734
7900,2008-02-04 00:15:36,116.56569,39.89735
7900,2008-02-04 00:20:36,116.5657,39.89735
7900,2008-02-04 00:25:36,116.56571,39.89735
7900,2008-02-04 00:30:36,116.56571,39.89736
7900,2008-02-04 00:35:36,116.56571,39.89736
7900,2008-02-04 00:40:36,116.5657,39.89737
7900,2008-02-04 00:45:36,116.5657,39.89736
7900,2008-02-04 00:50:35,116.5657,39.89736
7900,2008-02-04 00:55:35,116.5657,39.89736
7900,2008-02-04 01:05:35,116.5657,39.89736
7900,2008-02-04 01:10:35,116.5657,39.89736
7900,2008-02-04 01:15:35,116.5657,39.89736
7900,2008-02-04 01:20:35,116.5657,39.89736
7900,2008-02-04 01:25:35,116.5657,39.89736
7900,2008-02-04 01:30:35,116.5657,39.89735
7900,2008-02-04 01:35:35,116.56571,39.89735
7900,2008-02-04 01:40:35,116.56571,39.89735
7900,2008-02-04 01:45:35,116.56571,39.89735
7900,2008-02-04 01:50:35,116.5657,39.89735
7900,2008-02-04 01:50:35,116.5657,39.89735
7900,2008-02-04 01:55:35,116.5657,39.89735
7900,2008-02-04 02:00:35,116.5657,39.89735
7900,2008-02-04 02:10:35,116.5657,39.89736
7900,2008-02-04 02:15:35,116.5657,39.89736
7900,2008-02-04 02:20:35,116.5657,39.89736
7900,2008-02-04 02:25:35,116.5657,39.89736
7900,2008-02-04 02:30:35,116.5657,39.89736
7900,2008-02-04 02:35:35,116.5657,39.89736
7900,2008-02-04 02:40:35,116.5657,39.89737
7900,2008-02-04 02:45:35,116.5657,39.89737
7900,2008-02-04 02:50:35,116.5657,39.89737
7900,2008-02-04 02:55:35,116.5657,39.89737
7900,2008-02-04 03:00:35,116.5657,39.89737
7900,2008-02-04 03:05:35,116.56569,39.89744
7900,2008-02-04 03:10:35,116.5657,39.89745
7900,2008-02-04 03:15:35,116.56573,39.89745
7900,2008-02-04 03:20:35,116.56573,39.89745
7900,2008-02-04 03:25:35,116.56573,39.89745
7900,2008-02-04 03:30:35,116.56572,39.89745
7900,2008-02-04 03:35:35,116.56572,39.89745
7900,2008-02-04 03:40:35,116.56572,39.89745
7900,2008-02-04 03:45:35,116.56572,39.89744
7900,2008-02-04 03:50:35,116.56572,39.89744
7900,2008-02-04 03:55:35,116.56572,39.89743
7900,2008-02-04 04:00:35,116.56572,39.89742
7900,2008-02-04 04:05:35,116.56572,39.89742
7900,2008-02-04 04:10:35,116.56572,39.89742
7900,2008-02-04 04:15:35,116.56572,39.89742
7900,2008-02-04 04:15:35,116.56572,39.89742
7900,2008-02-04 04:20:35,116.56572,39.89742
7900,2008-02-04 04:25:35,116.56572,39.89741
7900,2008-02-04 04:30:35,116.56572,39.89741
7900,2008-02-04 04:35:35,116.56571,39.89741
7900,2008-02-04 04:40:35,116.56571,39.89741
7900,2008-02-04 04:45:35,116.56571,39.89741
7900,2008-02-04 04:50:35,116.56571,39.89741
7900,2008-02-04 04:55:35,116.5657,39.89741
7900,2008-02-04 05:00:35,116.5657,39.89741
7900,2008-02-04 05:05:35,116.5657,39.89741
7900,2008-02-04 05:10:35,116.5657,39.89741
7900,2008-02-04 05:15:35,116.5657,39.89741
7900,2008-02-04 05:20:35,116.5657,39.89741
7900,2008-02-04 05:25:34,116.5657,39.89741
7900,2008-02-04 05:30:34,116.5657,39.89741
7900,2008-02-04 05:35:34,116.5657,39.8974
7900,2008-02-04 05:40:34,116.5657,39.8974
7900,2008-02-04 05:45:34,116.5657,39.8974
7900,2008-02-04 05:50:34,116.5657,39.8974
7900,2008-02-04 06:05:34,116.5657,39.8974
7900,2008-02-04 06:10:34,116.5657,39.89739
7900,2008-02-04 06:15:34,116.5657,39.89739
7900,2008-02-04 06:25:34,116.5657,39.89739
7900,2008-02-04 06:30:34,116.5657,39.8974
7900,2008-02-04 06:35:34,116.5657,39.89739
7900,2008-02-04 06:40:34,116.5657,39.89739
7900,2008-02-04 06:40:34,116.5657,39.89739
7900,2008-02-04 06:45:34,116.5657,39.89739
7900,2008-02-04 06:50:34,116.5657,39.89739
7900,2008-02-04 06:55:34,116.5657,39.89739
7900,2008-02-04 07:00:34,116.5657,39.89739
7900,2008-02-04 07:05:34,116.5657,39.89739
7900,2008-02-04 07:10:34,116.5657,39.89739
7900,2008-02-04 07:15:34,116.56569,39.89739
7900,2008-02-04 07:20:34,116.56569,39.89739
7900,2008-02-04 07:25:34,116.56569,39.89739
7900,2008-02-04 07:30:34,116.56569,39.89738
7900,2008-02-04 07:35:34,116.56569,39.89738
7900,2008-02-04 07:40:34,116.56569,39.89738
7900,2008-02-04 07:45:34,116.56569,39.89738
7900,2008-02-04 07:50:34,116.56569,39.89738
7900,2008-02-04 07:55:34,116.56569,39.89738
7900,2008-02-04 08:00:34,116.56569,39.89738
7900,2008-02-04 08:05:34,116.56569,39.89738
7900,2008-02-04 08:10:34,116.56569,39.89738
7900,2008-02-04 08:15:34,116.56569,39.89738
7900,2008-02-04 08:20:34,116.56569,39.89738
7900,2008-02-04 08:25:34,116.56569,39.89738
7900,2008-02-04 08:30:34,116.56569,39.89738
7900,2008-02-04 08:35:34,116.56569,39.89738
7900,2008-02-04 08:40:34,116.56568,39.89738
7900,2008-02-04 08:45:34,116.56569,39.89738
7900,2008-02-04 08:55:34,116.56569,39.89738
7900,2008-02-04 09:00:34,116.56569,39.89738
7900,2008-02-04 09:05:34,116.56569,39.89738
7900,2008-02-04 09:05:34,116.56569,39.89738
7900,2008-02-04 09:10:34,116.56569,39.89738
7900,2008-02-04 09:15:34,116.56569,39.89738
7900,2008-02-04 09:20:34,116.56569,39.89738
7900,2008-02-04 09:25:34,116.56569,39.89738
7900,2008-02-04 09:30:34,116.56569,39.89738
7900,2008-02-04 09:35:34,116.56569,39.89738
7900,2008-02-04 09:45:34,116.56569,39.89737
7900,2008-02-04 09:50:34,116.56569,39.89737
7900,2008-02-04 09:55:34,116.56573,39.89732
7900,2008-02-04 10:00:33,116.55544,39.89751
7900,2008-02-04 10:02:50,116.554,39.90294
7900,2008-02-04 10:07:50,116.52429,39.90544
7900,2008-02-04 10:12:50,116.51979,39.91564
7900,2008-02-04 10:17:50,116.49577,39.91479
7900,2008-02-04 10:22:50,116.4992,39.91453
7900,2008-02-04 10:27:41,116.49595,39.91872
7900,2008-02-04 10:32:41,116.49588,39.91841
7900,2008-02-04 10:32:41,116.49588,39.91841
7900,2008-02-04 10:37:41,116.496,39.91833
7900,2008-02-04 10:42:41,116.49576,39.9181
7900,2008-02-04 10:43:16,116.49594,39.91981
7900,2008-02-04 10:48:16,116.52199,39.92243
7900,2008-02-04 10:53:16,116.56887,39.92289
7900,2008-02-04 10:58:16,116.57087,39.9096
7900,2008-02-04 11:03:16,116.56693,39.8965
7900,2008-02-04 11:03:53,116.56668,39.89649
7900,2008-02-04 11:08:53,116.5857,39.90122
7900,2008-02-04 11:13:53,116.59684,39.91125
7900,2008-02-04 11:18:53,116.63331,39.91863
7900,2008-02-04 11:23:53,116.65287,39.92136
7900,2008-02-04 11:28:53,116.6845,39.93006
7900,2008-02-04 11:33:53,116.69667,39.94107
7900,2008-02-04 11:38:53,116.68837,39.94763
7900,2008-02-04 11:43:53,116.68713,39.9482
7900,2008-02-04 11:48:53,116.68713,39.9482
7900,2008-02-04 11:53:53,116.68712,39.9482
7900,2008-02-04 11:58:53,116.68711,39.94821
7900,2008-02-04 12:03:53,116.68711,39.9482
7900,2008-02-04 12:08:53,116.68711,39.9482
7900,2008-02-04 12:13:52,116.68521,39.93418
7900,2008-02-04 12:18:52,116.65462,39.92181
7900,2008-02-04 12:23:52,116.65084,39.91193
7900,2008-02-04 12:23:52,116.65084,39.91193
7900,2008-02-04 12:28:52,116.65119,39.91
7900,2008-02-04 12:33:52,116.64686,39.90643
7900,2008-02-04 12:38:52,116.63816,39.90562
7900,2008-02-04 12:43:52,116.59786,39.90815
7900,2008-02-04 12:48:52,116.595,39.9075
7900,2008-02-04 12:53:52,116.57478,39.90095
7900,2008-02-04 12:58:52,116.56633,39.89651
7900,2008-02-04 13:03:52,116.56574,39.89729
7900,2008-02-04 13:08:52,116.56575,39.89729
7900,2008-02-04 13:13:52,116.56576,39.89727
7900,2008-02-04 13:18:52,116.56576,39.89727
7900,2008-02-04 13:23:52,116.56576,39.89727
7900,2008-02-04 13:28:52,116.56576,39.89727
7900,2008-02-04 13:33:52,116.56575,39.89727
7900,2008-02-04 13:38:52,116.56575,39.89726
7900,2008-02-04 13:43:52,116.57136,39.90453
7900,2008-02-04 13:46:57,116.57223,39.91332
7900,2008-02-04 13:51:57,116.59234,39.91123
7900,2008-02-04 13:57:26,116.57392,39.91344
7900,2008-02-04 14:02:26,116.55731,39.9199
7900,2008-02-04 14:07:26,116.52252,39.92266
7900,2008-02-04 14:12:25,116.51216,39.91585
7900,2008-02-04 14:16:43,116.51589,39.91162
7900,2008-02-04 14:21:43,116.52954,39.90433
7900,2008-02-04 14:26:19,116.53737,39.90269
7900,2008-02-04 14:31:19,116.5242,39.90552
7900,2008-02-04 14:55:58,116.48602,39.90765
7900,2008-02-04 15:00:58,116.45529,39.90855
7900,2008-02-04 15:06:12,116.45426,39.8675
7900,2008-02-04 15:11:12,116.45531,39.87215
7900,2008-02-04 15:12:22,116.45748,39.87484
7900,2008-02-04 15:16:12,116.46148,39.8671
7900,2008-02-04 15:17:22,116.455,39.86702
7900,2008-02-04 15:22:22,116.4558,39.9055
7900,2008-02-04 15:27:22,116.45805,39.92191
7900,2008-02-04 15:32:22,116.47858,39.92159
7900,2008-02-04 15:33:55,116.47875,39.92377
7900,2008-02-04 15:38:55,116.48319,39.91443
7900,2008-02-04 15:43:55,116.48493,39.91026
7900,2008-02-04 15:48:55,116.48501,39.91007
7900,2008-02-04 15:58:55,116.48498,39.91047
7900,2008-02-04 16:03:21,116.48522,39.91165
7900,2008-02-04 16:08:21,116.47296,39.91445
7900,2008-02-04 16:13:21,116.46196,39.91578
7900,2008-02-04 16:18:21,116.45591,39.93948
7900,2008-02-04 16:21:18,116.45876,39.94359
7900,2008-02-04 16:26:18,116.47119,39.95275
7900,2008-02-04 16:31:18,116.49066,39.96069
7900,2008-02-04 16:31:35,116.49166,39.95997
7900,2008-02-04 16:36:18,116.49729,39.95288
7900,2008-02-04 16:41:18,116.49727,39.95291
7900,2008-02-04 16:46:18,116.49726,39.95295
7900,2008-02-04 16:51:18,116.49726,39.95294
7900,2008-02-04 16:56:18,116.49727,39.95293
7900,2008-02-04 17:01:18,116.49727,39.95292
7900,2008-02-04 17:06:18,116.49232,39.95926
7900,2008-02-04 17:11:18,116.49096,39.96049
7900,2008-02-04 17:12:49,116.49094,39.96058
7900,2008-02-04 17:17:49,116.48341,39.95756
7900,2008-02-04 17:22:49,116.46114,39.94965
7900,2008-02-04 17:27:49,116.4587,39.94879
7900,2008-02-04 17:32:49,116.44796,39.95661
7900,2008-02-04 17:37:49,116.41858,39.96916
7900,2008-02-04 17:40:53,116.42008,39.97234
7900,2008-02-04 17:44:09,116.4184,39.97377
7900,2008-02-04 18:01:12,116.43214,39.98588
7900,2008-02-04 18:06:12,116.45878,39.97283
7900,2008-02-04 18:09:58,116.48367,39.94416
7900,2008-02-04 18:11:12,116.48368,39.9319
7900,2008-02-04 18:16:11,116.48337,39.88656
7900,2008-02-04 18:21:11,116.46682,39.88318
7900,2008-02-04 18:21:12,116.46681,39.88319
7900,2008-02-04 18:26:12,116.4555,39.89042
7900,2008-02-04 18:31:12,116.45556,39.89597
7900,2008-02-04 18:31:12,116.45556,39.89597
7900,2008-02-04 18:36:12,116.45842,39.89943
7900,2008-02-04 18:41:12,116.45842,39.89943
7900,2008-02-04 18:46:12,116.45842,39.89943
7900,2008-02-04 18:51:12,116.45842,39.89943
7900,2008-02-04 18:56:12,116.45842,39.89943
7900,2008-02-04 19:01:12,116.45842,39.89943
7900,2008-02-04 19:06:12,116.46765,39.89924
7900,2008-02-04 19:11:12,116.47121,39.89922
7900,2008-02-04 19:21:12,116.4729,39.90672
7900,2008-02-04 19:26:12,116.49048,39.90651
7900,2008-02-04 19:45:15,116.57359,39.91279
7900,2008-02-04 19:50:15,116.57134,39.91383
7900,2008-02-04 20:05:15,116.51456,39.91776
7900,2008-02-04 20:10:15,116.49921,39.90701
7900,2008-02-04 20:26:27,116.48362,39.87922
7900,2008-02-04 20:31:26,116.46801,39.83826
7900,2008-02-04 20:36:26,116.41291,39.83103
7900,2008-02-04 20:41:26,116.35207,39.82984
7900,2008-02-04 20:45:56,116.33734,39.82142
7900,2008-02-04 20:50:56,116.34194,39.82847
7900,2008-02-04 20:55:56,116.37979,39.83005
7900,2008-02-04 20:56:42,116.38051,39.83011
7900,2008-02-04 21:01:42,116.40985,39.82782
7900,2008-02-04 21:06:42,116.43258,39.81622
7900,2008-02-04 21:11:42,116.44495,39.80315
7900,2008-02-04 21:19:44,116.44993,39.8074
7900,2008-02-04 21:24:44,116.44282,39.82728
7900,2008-02-04 21:30:59,116.4658,39.83645
7900,2008-02-04 21:40:59,116.48382,39.90149
7900,2008-02-04 21:45:59,116.49086,39.93337
7900,2008-02-04 21:50:59,116.51103,39.93914
7900,2008-02-04 21:55:59,116.52034,39.95678
7900,2008-02-04 22:06:08,116.52339,39.95756
7900,2008-02-04 22:16:08,116.51117,39.92778
7900,2008-02-04 22:21:08,116.51446,39.91549
7900,2008-02-04 22:42:22,116.55675,39.91507
7900,2008-02-04 22:47:23,116.57929,39.91252
7900,2008-02-04 22:47:23,116.57929,39.91252
7900,2008-02-04 22:52:21,116.58203,39.90876
7900,2008-02-04 22:57:21,116.5814,39.90935
7900,2008-02-04 23:02:21,116.57142,39.90469
7900,2008-02-04 23:07:21,116.56572,39.89738
7900,2008-02-04 23:12:21,116.56568,39.89742
7900,2008-02-04 23:17:21,116.56568,39.89742
7900,2008-02-04 23:22:21,116.56568,39.89742
7900,2008-02-04 23:27:21,116.56568,39.89742
7900,2008-02-04 23:32:21,116.56568,39.89742
7900,2008-02-04 23:37:21,116.56568,39.89742
7900,2008-02-04 23:42:21,116.56569,39.89742
7900,2008-02-04 23:47:21,116.56569,39.89742
7900,2008-02-04 23:52:21,116.56569,39.89742
7900,2008-02-04 23:57:21,116.56569,39.89742
7900,2008-02-05 00:12:21,116.56569,39.89742
7900,2008-02-05 00:17:21,116.56569,39.89742
7900,2008-02-05 00:22:21,116.56569,39.89742
7900,2008-02-05 00:27:21,116.5657,39.89742
7900,2008-02-05 00:32:21,116.5657,39.89742
7900,2008-02-05 00:37:21,116.5657,39.89742
7900,2008-02-05 00:42:21,116.5657,39.89741
7900,2008-02-05 00:47:21,116.5657,39.89741
7900,2008-02-05 00:52:21,116.5657,39.89741
7900,2008-02-05 00:57:21,116.5657,39.89741
7900,2008-02-05 01:07:21,116.5657,39.89741
7900,2008-02-05 01:12:21,116.5657,39.89741
7900,2008-02-05 01:12:21,116.5657,39.89741
7900,2008-02-05 01:17:21,116.5657,39.89741
7900,2008-02-05 01:27:21,116.56571,39.89741
7900,2008-02-05 01:32:21,116.56571,39.89741
7900,2008-02-05 01:37:21,116.56571,39.8974
7900,2008-02-05 01:42:21,116.56571,39.8974
7900,2008-02-05 01:47:21,116.56571,39.8974
7900,2008-02-05 01:52:21,116.5657,39.8974
7900,2008-02-05 01:57:21,116.5657,39.8974
7900,2008-02-05 02:02:21,116.56571,39.8974
7900,2008-02-05 02:32:21,116.56571,39.8974
7900,2008-02-05 02:37:21,116.56571,39.8974
7900,2008-02-05 02:47:21,116.56571,39.8974
7900,2008-02-05 02:57:21,116.5657,39.8974
7900,2008-02-05 03:02:21,116.56571,39.8974
7900,2008-02-05 03:07:21,116.56571,39.8974
7900,2008-02-05 03:12:21,116.56571,39.8974
7900,2008-02-05 03:17:20,116.56571,39.8974
7900,2008-02-05 03:22:20,116.56571,39.8974
7900,2008-02-05 03:27:20,116.56571,39.8974
7900,2008-02-05 03:32:20,116.56571,39.8974
7900,2008-02-05 03:37:20,116.56571,39.8974
7900,2008-02-05 03:37:20,116.56571,39.8974
7900,2008-02-05 03:42:20,116.56571,39.8974
7900,2008-02-05 03:47:20,116.56571,39.8974
7900,2008-02-05 03:52:20,116.56572,39.8974
7900,2008-02-05 03:57:20,116.56572,39.8974
7900,2008-02-05 04:02:20,116.56572,39.8974
7900,2008-02-05 04:07:20,116.56572,39.8974
7900,2008-02-05 04:12:20,116.56572,39.8974
7900,2008-02-05 04:17:20,116.56572,39.89741
7900,2008-02-05 04:27:20,116.56572,39.89741
7900,2008-02-05 04:32:20,116.56571,39.89741
7900,2008-02-05 04:37:20,106.55465,29.7447
7900,2008-02-05 04:37:20,106.55465,29.7447
7900,2008-02-05 04:42:20,116.56571,39.89741
7900,2008-02-05 04:47:20,116.56571,39.89741
7900,2008-02-05 04:52:20,116.56571,39.8974
7900,2008-02-05 04:57:20,116.56571,39.8974
7900,2008-02-05 05:02:20,116.56571,39.8974
7900,2008-02-05 05:07:20,116.56571,39.8974
7900,2008-02-05 05:12:20,116.56571,39.8974
7900,2008-02-05 05:17:20,116.56562,39.89749
7900,2008-02-05 05:22:20,116.56562,39.89744
7900,2008-02-05 05:27:20,116.56564,39.8974
7900,2008-02-05 05:32:20,116.56564,39.89738
7900,2008-02-05 05:42:20,116.56564,39.89738
7900,2008-02-05 05:47:20,116.56565,39.89738
7900,2008-02-05 05:57:20,116.56565,39.89738
7900,2008-02-05 06:02:20,116.56566,39.89738
7900,2008-02-05 06:07:20,116.56585,39.89738
7900,2008-02-05 06:12:20,116.56575,39.89739
7900,2008-02-05 06:17:20,116.56575,39.8974
7900,2008-02-05 06:22:20,116.56573,39.89741
7900,2008-02-05 06:27:20,116.56573,39.8974
7900,2008-02-05 06:32:20,116.56572,39.89741
7900,2008-02-05 06:37:20,116.56571,39.89742
7900,2008-02-05 06:42:20,116.56571,39.89742
7900,2008-02-05 06:47:20,116.5657,39.89743
7900,2008-02-05 06:52:20,116.5657,39.89743
7900,2008-02-05 06:57:20,116.56569,39.89744
7900,2008-02-05 07:02:20,116.56569,39.89744
7900,2008-02-05 07:07:20,116.56569,39.89744
7900,2008-02-05 07:12:20,116.56569,39.89744
7900,2008-02-05 07:17:20,116.56569,39.89744
7900,2008-02-05 07:22:20,116.56568,39.89744
7900,2008-02-05 07:27:20,116.56568,39.89743
7900,2008-02-05 07:32:20,116.56568,39.89743
7900,2008-02-05 07:37:20,116.56568,39.89743
7900,2008-02-05 07:42:19,116.56568,39.89743
7900,2008-02-05 07:47:20,116.56568,39.89743
7900,2008-02-05 07:52:19,116.56568,39.89743
7900,2008-02-05 07:57:19,116.56568,39.89743
7900,2008-02-05 08:02:19,116.56567,39.89743
7900,2008-02-05 08:07:19,116.56567,39.89743
7900,2008-02-05 08:12:19,116.56567,39.89743
7900,2008-02-05 08:17:19,116.56567,39.89742
7900,2008-02-05 08:22:19,116.56567,39.89742
7900,2008-02-05 08:27:19,116.56567,39.89742
7900,2008-02-05 08:27:19,116.56567,39.89742
7900,2008-02-05 08:32:19,116.56567,39.89742
7900,2008-02-05 08:37:19,116.56567,39.89742
7900,2008-02-05 08:42:19,116.56567,39.89741
7900,2008-02-05 08:47:19,116.56567,39.89741
7900,2008-02-05 08:52:19,116.56567,39.89741
7900,2008-02-05 08:57:19,116.56567,39.89741
7900,2008-02-05 09:12:19,116.56361,39.87887
7900,2008-02-05 09:17:19,116.5117,39.86927
7900,2008-02-05 09:22:19,116.47839,39.84682
7900,2008-02-05 09:27:19,116.44336,39.82565
7900,2008-02-05 09:32:19,116.44357,39.82558
7900,2008-02-05 09:37:19,116.44358,39.82558
7900,2008-02-05 09:42:19,116.44357,39.82557
7900,2008-02-05 09:47:19,116.44356,39.82555
7900,2008-02-05 09:52:19,116.44355,39.82554
7900,2008-02-05 09:57:19,116.44354,39.82554
7900,2008-02-05 10:02:19,116.44353,39.82554
7900,2008-02-05 10:07:19,116.44352,39.82553
7900,2008-02-05 10:12:19,116.44352,39.82553
7900,2008-02-05 10:17:19,116.44351,39.82553
7900,2008-02-05 10:22:19,116.44352,39.82553
7900,2008-02-05 10:27:19,116.44351,39.82553
7900,2008-02-05 10:37:19,116.44351,39.82553
7900,2008-02-05 10:42:19,116.44351,39.82553
7900,2008-02-05 10:47:19,116.44351,39.82553
7900,2008-02-05 10:52:19,116.44351,39.82553
7900,2008-02-05 10:52:19,116.44351,39.82553
7900,2008-02-05 10:57:19,116.44359,39.82564
7900,2008-02-05 11:07:19,116.44359,39.82559
7900,2008-02-05 11:12:19,116.44353,39.82556
7900,2008-02-05 11:17:19,116.44368,39.82544
7900,2008-02-05 11:22:19,116.44369,39.82545
7900,2008-02-05 11:27:19,116.44369,39.82547
7900,2008-02-05 11:32:19,116.44349,39.82581
7900,2008-02-05 11:37:19,116.44724,39.82696
7900,2008-02-05 11:42:19,116.45267,39.83161
7900,2008-02-05 11:44:12,116.45223,39.83545
7900,2008-02-05 11:49:12,116.44756,39.82128
7900,2008-02-05 11:53:21,116.45445,39.80948
7900,2008-02-05 11:58:21,116.44816,39.82254
7900,2008-02-05 12:05:07,116.44269,39.82778
7900,2008-02-05 12:08:21,116.44267,39.82777
7900,2008-02-05 12:13:21,116.44266,39.82775
7900,2008-02-05 12:18:21,116.44158,39.83033
7900,2008-02-05 12:23:21,116.44942,39.84532
7900,2008-02-05 12:28:21,116.44492,39.85698
7900,2008-02-05 12:28:35,116.44421,39.8571
7900,2008-02-05 12:33:35,116.45537,39.88288
7900,2008-02-05 12:38:35,116.43479,39.8883
7900,2008-02-05 12:38:35,116.43479,39.8883
7900,2008-02-05 12:40:32,116.43484,39.88978
7900,2008-02-05 12:43:35,116.43298,39.88304
7900,2008-02-05 12:48:35,116.43287,39.86845
7900,2008-02-05 12:53:35,116.42676,39.86451
7900,2008-02-05 12:54:11,116.42491,39.86458
7900,2008-02-05 12:58:35,116.41545,39.86742
7900,2008-02-05 13:03:35,116.41416,39.88448
7900,2008-02-05 13:08:35,116.41228,39.89421
7900,2008-02-05 13:12:40,116.41142,39.89592
7900,2008-02-05 13:17:40,116.40579,39.89803
7900,2008-02-05 13:17:43,116.40578,39.89821
7900,2008-02-05 13:22:43,116.39722,39.89925
7900,2008-02-05 13:27:43,116.38319,39.89913
7900,2008-02-05 13:32:43,116.37171,39.8986
7900,2008-02-05 13:37:43,116.35964,39.89838
7900,2008-02-05 13:42:43,116.33725,39.89797
7900,2008-02-05 13:46:42,116.33771,39.89763
7900,2008-02-05 13:51:42,116.33768,39.8976
7900,2008-02-05 13:55:19,116.3324,39.89622
7900,2008-02-05 14:13:46,116.1929,39.91253
7900,2008-02-05 14:15:06,116.18613,39.91465
7900,2008-02-05 14:20:06,116.193,39.9157
7900,2008-02-05 14:21:04,116.19317,39.91592
7900,2008-02-05 14:25:06,116.18232,39.91415
7900,2008-02-05 17:03:50,116.32741,39.97482
7900,2008-02-05 17:08:45,116.31955,39.9749
7900,2008-02-05 17:10:00,116.32648,39.97511
7900,2008-02-05 17:15:00,116.32725,39.98306
7900,2008-02-05 17:20:00,116.37691,39.98623
7900,2008-02-05 17:25:00,116.40102,39.99346
7900,2008-02-05 17:30:00,116.40352,39.9979
7900,2008-02-05 17:31:41,116.40423,39.99909
7900,2008-02-05 17:36:41,116.41089,39.99675
7900,2008-02-05 17:41:41,116.41093,39.97835
7900,2008-02-05 17:41:55,116.41065,39.97854
7900,2008-02-05 17:46:55,116.41114,39.97508
7900,2008-02-05 17:51:55,116.41118,39.96933
7900,2008-02-05 18:01:55,116.4551,39.95117
7900,2008-02-05 18:06:55,116.45537,39.93033
7900,2008-02-05 18:11:55,116.46213,39.92187
7900,2008-02-05 18:16:56,116.48717,39.92167
7900,2008-02-05 18:16:56,116.48717,39.92167
7900,2008-02-05 18:21:56,116.51294,39.92192
7900,2008-02-05 18:26:55,116.53308,39.92232
7900,2008-02-05 18:31:55,116.54784,39.91506
7900,2008-02-05 18:36:13,116.54767,39.90876
7900,2008-02-05 18:36:13,116.54767,39.90876
7900,2008-02-05 18:38:37,116.54575,39.90838
7900,2008-02-05 18:43:37,116.54388,39.91477
7900,2008-02-05 18:47:50,116.54794,39.92187
7900,2008-02-05 18:52:49,116.55707,39.91608
7900,2008-02-05 18:57:49,116.54807,39.91491
7900,2008-02-05 19:02:49,116.54807,39.91492
7900,2008-02-05 19:07:49,116.54806,39.9149
7900,2008-02-05 19:12:49,116.53746,39.9099
7900,2008-02-05 19:17:49,116.50608,39.90694
7900,2008-02-05 19:38:02,116.49684,39.92179
7900,2008-02-05 19:42:02,116.51491,39.92052
7900,2008-02-05 19:47:02,116.51226,39.91728
7900,2008-02-05 19:52:02,116.51205,39.91724
7900,2008-02-05 19:57:02,116.51201,39.91725
7900,2008-02-05 20:02:02,116.51203,39.91721
7900,2008-02-05 20:07:02,116.51171,39.91683
7900,2008-02-05 20:13:43,116.50623,39.92193
7900,2008-02-05 20:18:43,116.4839,39.94099
7900,2008-02-05 20:25:09,116.4509,39.9823
7900,2008-02-05 20:28:43,116.45117,39.99146
7900,2008-02-05 20:31:37,116.45395,39.99947
7900,2008-02-05 20:35:01,116.45649,39.9963
7900,2008-02-05 20:50:01,116.48644,39.95932
7900,2008-02-05 20:51:23,116.48454,39.95812
7900,2008-02-05 20:55:01,116.48246,39.95431
7900,2008-02-05 21:00:36,116.4887,39.94573
7900,2008-02-05 21:04:47,116.49337,39.93421
7900,2008-02-05 21:08:14,116.4832,39.92275
7900,2008-02-05 21:13:13,116.50822,39.92174
7900,2008-02-05 21:17:59,116.52222,39.92036
7900,2008-02-05 21:22:57,116.51506,39.91449
7900,2008-02-05 21:27:59,116.50453,39.90692
7900,2008-02-05 21:39:15,116.4501,39.90269
7900,2008-02-05 21:44:15,116.44016,39.88306
7900,2008-02-05 21:45:34,116.43939,39.88603
7900,2008-02-05 21:49:15,116.44556,39.89228
7900,2008-02-05 21:58:54,116.41176,39.8958
7900,2008-02-05 22:03:54,116.40676,39.89152
7900,2008-02-05 22:04:29,116.40861,39.89175
7900,2008-02-05 22:09:29,116.43286,39.89233
7900,2008-02-05 22:18:24,116.45805,39.8749
7900,2008-02-05 22:22:41,116.46168,39.87805
7900,2008-02-05 22:27:41,116.48489,39.8811
7900,2008-02-05 22:30:41,116.48999,39.8763
7900,2008-02-05 22:44:13,116.47399,39.90672
7900,2008-02-05 22:45:41,116.47444,39.90675
7900,2008-02-06 01:19:18,116.56536,39.89733
7900,2008-02-06 01:24:18,116.56537,39.89733
7900,2008-02-06 01:29:17,116.56535,39.89735
7900,2008-02-06 01:39:17,116.56537,39.89736
7900,2008-02-06 01:44:17,116.56539,39.89735
7900,2008-02-06 01:49:17,116.5654,39.89735
7900,2008-02-06 01:54:17,116.56541,39.89734
7900,2008-02-06 01:59:17,116.56542,39.89734
7900,2008-02-06 02:04:17,116.56544,39.89734
7900,2008-02-06 02:14:17,116.56544,39.89734
7900,2008-02-06 02:19:17,116.56544,39.89734
7900,2008-02-06 02:24:17,116.56544,39.89734
7900,2008-02-06 02:29:17,116.56544,39.89734
7900,2008-02-06 02:34:17,116.56545,39.89733
7900,2008-02-06 02:39:17,116.56545,39.89733
7900,2008-02-06 02:44:17,116.56545,39.89733
7900,2008-02-06 02:49:17,116.56545,39.89733
7900,2008-02-06 02:49:17,116.56545,39.89733
7900,2008-02-06 02:54:17,116.56545,39.89733
7900,2008-02-06 02:59:17,116.56545,39.89733
7900,2008-02-06 03:04:17,116.56545,39.89733
7900,2008-02-06 03:09:17,116.56546,39.89733
7900,2008-02-06 03:14:17,116.56545,39.89733
7900,2008-02-06 03:19:17,116.56545,39.89733
7900,2008-02-06 03:24:17,116.56545,39.89733
7900,2008-02-06 03:29:17,116.56545,39.89733
7900,2008-02-06 03:34:17,116.56546,39.89733
7900,2008-02-06 03:39:17,116.56546,39.89733
7900,2008-02-06 03:44:17,116.56546,39.89732
7900,2008-02-06 03:49:17,116.56546,39.89732
7900,2008-02-06 03:54:17,116.56546,39.89732
7900,2008-02-06 03:59:17,116.56546,39.89733
7900,2008-02-06 04:04:17,116.56546,39.89733
7900,2008-02-06 04:09:17,116.56546,39.89733
7900,2008-02-06 04:14:16,116.33757,39.96053
7900,2008-02-06 04:14:16,116.33757,39.96053
7900,2008-02-06 04:19:17,116.56546,39.89733
7900,2008-02-06 04:24:17,116.56546,39.89733
7900,2008-02-06 04:29:17,116.56545,39.89733
7900,2008-02-06 04:34:17,116.56545,39.89733
7900,2008-02-06 04:39:17,116.56545,39.89733
7900,2008-02-06 04:49:17,116.56545,39.89733
7900,2008-02-06 04:54:17,116.56545,39.89733
7900,2008-02-06 04:59:17,116.56545,39.89733
7900,2008-02-06 05:04:17,116.56545,39.89733
7900,2008-02-06 05:09:17,116.56545,39.89733
7900,2008-02-06 05:14:17,116.56545,39.89733
7900,2008-02-06 05:14:17,116.56545,39.89733
7900,2008-02-06 05:19:17,116.56545,39.89733
7900,2008-02-06 05:24:17,116.56545,39.89733
7900,2008-02-06 05:29:17,116.56545,39.89733
7900,2008-02-06 05:34:17,116.56545,39.89733
7900,2008-02-06 05:39:17,116.56545,39.89733
7900,2008-02-06 05:44:17,116.56545,39.89733
7900,2008-02-06 05:49:17,116.56545,39.89733
7900,2008-02-06 05:54:17,116.56545,39.89733
7900,2008-02-06 06:04:16,116.56545,39.89733
7900,2008-02-06 06:09:16,116.56546,39.89733
7900,2008-02-06 06:14:16,116.56546,39.89733
7900,2008-02-06 06:19:16,116.56546,39.89733
7900,2008-02-06 06:24:16,116.56546,39.89734
7900,2008-02-06 06:29:16,116.56546,39.89734
7900,2008-02-06 06:34:16,116.56546,39.89734
7900,2008-02-06 06:39:16,116.56547,39.89734
7900,2008-02-06 06:44:16,116.56547,39.89734
7900,2008-02-06 06:49:16,116.56547,39.89734
7900,2008-02-06 06:54:16,116.56547,39.89734
7900,2008-02-06 06:59:16,116.56546,39.89734
7900,2008-02-06 07:04:16,116.56546,39.89734
7900,2008-02-06 07:09:16,116.56546,39.89734
7900,2008-02-06 07:14:16,116.56546,39.89734
7900,2008-02-06 07:19:16,116.56546,39.89734
7900,2008-02-06 07:29:16,116.56546,39.89735
7900,2008-02-06 07:34:16,116.56546,39.89735
7900,2008-02-06 07:39:16,116.56546,39.89735
7900,2008-02-06 07:39:16,116.56546,39.89735
7900,2008-02-06 07:44:16,116.56546,39.89735
7900,2008-02-06 07:49:16,116.56545,39.89736
7900,2008-02-06 07:54:16,116.56545,39.89736
7900,2008-02-06 07:59:16,116.56545,39.89736
7900,2008-02-06 08:04:16,116.56545,39.89736
7900,2008-02-06 08:09:16,116.56545,39.89736
7900,2008-02-06 08:14:16,116.56545,39.89736
7900,2008-02-06 08:19:16,116.56545,39.89736
7900,2008-02-06 08:29:16,116.56545,39.89736
7900,2008-02-06 08:34:16,116.56545,39.89736
7900,2008-02-06 08:39:16,116.56545,39.89736
7900,2008-02-06 08:44:16,116.56545,39.89736
7900,2008-02-06 08:49:16,116.56545,39.89735
7900,2008-02-06 08:54:16,116.56544,39.89735
7900,2008-02-06 08:59:16,116.56544,39.89735
7900,2008-02-06 09:04:16,116.56544,39.89735
7900,2008-02-06 09:09:16,116.56544,39.89735
7900,2008-02-06 09:14:16,116.56544,39.89735
7900,2008-02-06 09:19:16,116.56544,39.89735
7900,2008-02-06 09:24:16,116.56545,39.89735
7900,2008-02-06 09:29:16,116.56545,39.89735
7900,2008-02-06 09:34:16,116.56545,39.89735
7900,2008-02-06 09:39:16,116.56545,39.89735
7900,2008-02-06 09:44:16,116.56545,39.89735
7900,2008-02-06 09:49:16,116.56545,39.89735
7900,2008-02-06 09:59:16,116.56545,39.89735
7900,2008-02-06 10:04:16,116.56545,39.89735
7900,2008-02-06 10:04:16,116.56545,39.89735
7900,2008-02-06 10:09:16,116.56545,39.89735
7900,2008-02-06 10:14:16,116.56545,39.89735
7900,2008-02-06 10:19:16,116.56545,39.89735
7900,2008-02-06 10:24:16,116.56545,39.89735
7900,2008-02-06 10:29:15,116.56546,39.89735
7900,2008-02-06 10:34:15,116.56546,39.89735
7900,2008-02-06 10:39:15,116.56546,39.89735
7900,2008-02-06 10:44:15,116.56546,39.89735
7900,2008-02-06 10:54:15,116.56546,39.89734
7900,2008-02-06 10:59:15,116.56546,39.89734
7900,2008-02-06 11:04:15,116.56547,39.89734
7900,2008-02-06 11:09:15,116.56547,39.89734
7900,2008-02-06 11:14:15,116.56547,39.89734
7900,2008-02-06 11:19:15,116.57131,39.9048
7900,2008-02-06 11:24:15,116.55014,39.90843
7900,2008-02-06 11:24:36,116.54864,39.90849
7900,2008-02-06 11:29:36,116.52384,39.90895
7900,2008-02-06 11:33:31,116.51358,39.9051
7900,2008-02-06 11:39:03,116.50968,39.90686
7900,2008-02-06 11:54:10,116.43303,39.91969
7900,2008-02-06 11:54:43,116.43496,39.9202
7900,2008-02-06 11:59:43,116.45515,39.91673
7900,2008-02-06 12:02:41,116.45532,39.90719
7900,2008-02-06 12:07:41,116.47217,39.90684
7900,2008-02-06 12:08:08,116.47357,39.90682
7900,2008-02-06 12:13:08,116.48213,39.86607
7900,2008-02-06 12:18:08,116.46645,39.83748
7900,2008-02-06 12:23:08,116.48317,39.82537
7900,2008-02-06 12:28:08,116.48248,39.82614
7900,2008-02-06 12:33:08,116.48251,39.82613
7900,2008-02-06 12:38:08,116.47105,39.82922
7900,2008-02-06 12:43:08,116.45349,39.8575
7900,2008-02-06 12:48:08,116.45561,39.88229
7900,2008-02-06 12:53:05,116.43405,39.88003
7900,2008-02-06 12:59:04,116.42584,39.8697
7900,2008-02-06 13:04:04,116.40993,39.85597
7900,2008-02-06 13:04:42,116.40969,39.85602
7900,2008-02-06 13:09:42,116.41586,39.85709
7900,2008-02-06 13:14:42,116.43131,39.85724
7900,2008-02-06 13:19:42,116.44216,39.85753
7900,2008-02-06 13:24:42,116.4552,39.8692
7900,2008-02-06 13:29:42,116.46171,39.87477
7900,2008-02-06 13:34:42,116.46595,39.88306
7900,2008-02-06 13:39:42,116.47706,39.883
7900,2008-02-06 13:44:42,116.48407,39.89123
7900,2008-02-06 13:49:41,116.49054,39.90654
7900,2008-02-06 14:08:37,116.55795,39.92701
7900,2008-02-06 14:11:21,116.55834,39.93607
7900,2008-02-06 14:13:59,116.5579,39.92629
7900,2008-02-06 14:18:59,116.52044,39.92266
7900,2008-02-06 14:24:00,116.51042,39.91532
7900,2008-02-06 14:27:10,116.4984,39.91524
7900,2008-02-06 14:30:05,116.49501,39.91457
7900,2008-02-06 14:30:05,116.49501,39.91457
7900,2008-02-06 14:35:05,116.47862,39.91782
7900,2008-02-06 14:38:52,116.47638,39.92686
7900,2008-02-06 14:43:52,116.47586,39.92689
7900,2008-02-06 14:52:42,116.47216,39.92682
7900,2008-02-06 14:57:42,116.48631,39.93244
7900,2008-02-06 14:59:09,116.49054,39.9301
7900,2008-02-06 15:02:42,116.49301,39.92175
7900,2008-02-06 15:07:42,116.48288,39.90483
7900,2008-02-06 15:12:42,116.49,39.90032
7900,2008-02-06 15:13:14,116.49,39.90044
7900,2008-02-06 15:18:14,116.48983,39.90647
7900,2008-02-06 15:46:40,116.48501,39.91047
7900,2008-02-06 15:51:39,116.48564,39.91161
7900,2008-02-06 15:54:59,116.48743,39.91011
7900,2008-02-06 16:01:49,116.46592,39.90726
7900,2008-02-06 16:09:59,116.44249,39.88351
7900,2008-02-06 16:10:51,116.43994,39.88363
7900,2008-02-06 16:15:51,116.45208,39.88307
7900,2008-02-06 16:20:22,116.45569,39.8905
7900,2008-02-06 16:30:45,116.4447,39.87637
7900,2008-02-06 16:35:45,116.46168,39.87679
7900,2008-02-06 16:35:45,116.46168,39.87679
7900,2008-02-06 16:40:45,116.4709,39.88296
7900,2008-02-06 16:45:45,116.48311,39.89192
7900,2008-02-06 16:50:45,116.49053,39.90637
7900,2008-02-06 16:55:45,116.49053,39.90638
7900,2008-02-06 17:15:40,116.62074,39.90527
7900,2008-02-06 17:19:57,116.63801,39.90401
7900,2008-02-06 17:24:56,116.61436,39.90583
7900,2008-02-06 17:34:56,116.57109,39.90972
7900,2008-02-06 17:38:49,116.57083,39.91117
7900,2008-02-06 17:43:49,116.57815,39.92993
7900,2008-02-06 17:44:55,116.57952,39.93041
7900,2008-02-06 17:49:55,116.57739,39.91937
7900,2008-02-06 17:52:03,116.57159,39.91491
7900,2008-02-06 17:57:03,116.54118,39.90894
7900,2008-02-06 18:02:03,116.50381,39.90682
7900,2008-02-06 18:14:45,116.44225,39.90693
7900,2008-02-06 18:17:20,116.45467,39.9066
7900,2008-02-06 18:17:20,116.45467,39.9066
7900,2008-02-06 18:22:20,116.45472,39.8833
7900,2008-02-06 18:23:27,116.45023,39.88321
7900,2008-02-06 18:25:09,116.44442,39.88334
7900,2008-02-06 18:28:42,116.44361,39.88315
7900,2008-02-06 18:33:41,116.47633,39.88302
7900,2008-02-06 18:38:41,116.50787,39.86904
7900,2008-02-06 18:43:41,116.52173,39.84976
7900,2008-02-06 18:44:27,116.52186,39.85017
7900,2008-02-06 18:49:27,116.50905,39.86879
7900,2008-02-06 18:53:57,116.52428,39.87344
7900,2008-02-06 19:00:33,116.50832,39.86753
7900,2008-02-06 19:04:47,116.52435,39.8736
7900,2008-02-06 19:09:47,116.52225,39.89171
7900,2008-02-06 19:14:45,116.52919,39.89171
7900,2008-02-06 19:19:47,116.55279,39.90088
7900,2008-02-06 19:24:45,116.55929,39.89736
7900,2008-02-06 19:29:45,116.55533,39.87112
7900,2008-02-06 19:29:45,116.55533,39.87112
7900,2008-02-06 19:32:38,116.54748,39.87395
7900,2008-02-06 19:37:38,116.5475,39.87364
7900,2008-02-06 19:42:38,116.56804,39.89001
7900,2008-02-06 19:47:38,116.56572,39.89714
7900,2008-02-06 19:52:38,116.5658,39.89719
7900,2008-02-06 19:57:38,116.56581,39.89722
7900,2008-02-06 20:02:38,116.5658,39.89724
7900,2008-02-06 20:07:38,116.5658,39.89724
7900,2008-02-06 20:12:37,116.56579,39.89725
7900,2008-02-06 20:17:37,116.56579,39.89726
7900,2008-02-06 20:22:37,116.56578,39.89727
7900,2008-02-06 20:27:37,116.56578,39.89727
7900,2008-02-06 20:32:37,116.56577,39.89728
7900,2008-02-06 20:32:37,116.56577,39.89728
7900,2008-02-06 20:37:37,116.57052,39.89622
7900,2008-02-06 20:41:01,116.57098,39.90865
7900,2008-02-06 20:46:01,116.56606,39.88603
7900,2008-02-06 20:51:01,116.5719,39.86869
7900,2008-02-06 20:51:05,116.57191,39.86869
7900,2008-02-06 20:56:05,116.57195,39.86868
7900,2008-02-06 21:01:05,116.56418,39.87932
7900,2008-02-06 21:06:05,116.57176,39.9013
7900,2008-02-06 21:07:47,116.57126,39.90487
7900,2008-02-06 21:12:47,116.56526,39.87871
7900,2008-02-06 21:17:47,116.57256,39.87354
7900,2008-02-06 21:22:47,116.56692,39.88903
7900,2008-02-06 21:27:20,116.57007,39.90577
7900,2008-02-06 21:28:01,116.57097,39.90573
7900,2008-02-06 21:32:20,116.55551,39.90878
7900,2008-02-06 21:34:43,116.54584,39.90842
7900,2008-02-06 21:39:43,116.50324,39.90691
7900,2008-02-06 21:49:01,116.46029,39.92063
7900,2008-02-06 21:49:14,116.46231,39.92148
7900,2008-02-06 21:54:14,116.4717,39.91249
7900,2008-02-06 22:01:41,116.47226,39.90843
7900,2008-02-06 22:06:40,116.47217,39.92129
7900,2008-02-06 22:16:40,116.51201,39.91939
7900,2008-02-06 22:19:11,116.5134,39.91541
7900,2008-02-06 22:28:25,116.51502,39.91619
7900,2008-02-06 22:31:51,116.51682,39.92325
7900,2008-02-06 22:35:15,116.51836,39.92344
7900,2008-02-06 22:40:15,116.51137,39.93854
7900,2008-02-06 22:49:25,116.49057,39.95589
7900,2008-02-06 22:54:24,116.48375,39.95272
7900,2008-02-06 22:57:02,116.48634,39.95912
7900,2008-02-06 23:02:02,116.49836,39.95844
7900,2008-02-06 23:07:02,116.49486,39.95987
7900,2008-02-06 23:09:15,116.50128,39.96105
7900,2008-02-06 23:14:15,116.49817,39.96046
7900,2008-02-06 23:14:30,116.49811,39.96071
7900,2008-02-06 23:19:30,116.49712,39.97052
7900,2008-02-06 23:24:29,116.49976,39.97549
7900,2008-02-06 23:29:29,116.49501,39.97068
7900,2008-02-06 23:34:29,116.49495,39.9706
7900,2008-02-06 23:37:24,116.49502,39.97048
7900,2008-02-06 23:42:24,116.49502,39.97049
7900,2008-02-06 23:47:24,116.49501,39.97049
7900,2008-02-06 23:52:24,116.49501,39.9705
7900,2008-02-06 23:57:24,116.48423,39.96493
7900,2008-02-06 23:59:09,116.48713,39.95989
7900,2008-02-07 00:02:24,116.4973,39.96057
7900,2008-02-07 00:07:24,116.51101,39.9433
7900,2008-02-07 00:10:13,116.51119,39.93129
7900,2008-02-07 00:10:13,116.51119,39.93129
7900,2008-02-07 00:15:13,116.51489,39.92342
7900,2008-02-07 00:15:58,116.5149,39.92342
7900,2008-02-07 00:20:13,116.531,39.92239
7900,2008-02-07 00:25:13,116.56629,39.919
7900,2008-02-07 00:33:32,116.57605,39.91287
7900,2008-02-07 00:38:32,116.59059,39.90999
7900,2008-02-07 00:43:32,116.58103,39.90908
7900,2008-02-07 00:48:32,116.57128,39.90949
7900,2008-02-07 00:53:32,116.57111,39.90962
7900,2008-02-07 00:55:47,116.57083,39.9107
7900,2008-02-07 01:00:47,116.58228,39.92133
7900,2008-02-07 01:01:37,116.58366,39.92167
7900,2008-02-07 01:06:37,116.57157,39.91364
7900,2008-02-07 01:11:37,116.57105,39.9097
7900,2008-02-07 01:16:37,116.57105,39.90968
7900,2008-02-07 01:21:37,116.57103,39.90968
7900,2008-02-07 01:26:37,116.5708,39.90965
7900,2008-02-07 01:31:37,116.5656,39.89731
7900,2008-02-07 01:36:37,116.5656,39.89727
7900,2008-02-07 01:41:37,116.56559,39.89725
7900,2008-02-07 01:46:37,116.5656,39.89724
7900,2008-02-07 01:51:37,116.5656,39.89723
7900,2008-02-07 01:51:37,116.5656,39.89723
7900,2008-02-07 01:56:37,116.56561,39.89724
7900,2008-02-07 02:11:37,116.56559,39.89725
7900,2008-02-07 02:16:37,116.56559,39.89726
7900,2008-02-07 02:26:37,116.56558,39.89727
7900,2008-02-07 02:31:37,116.56558,39.89728
7900,2008-02-07 02:36:37,116.56558,39.89728
7900,2008-02-07 02:41:37,116.56559,39.89728
7900,2008-02-07 02:46:37,116.56559,39.89728
7900,2008-02-07 02:51:37,116.56559,39.89728
7900,2008-02-07 02:56:36,116.56559,39.89729
7900,2008-02-07 03:01:36,116.56558,39.89729
7900,2008-02-07 03:11:36,116.56558,39.8973
7900,2008-02-07 03:16:36,116.56557,39.8973
7900,2008-02-07 03:21:36,116.56557,39.89731
7900,2008-02-07 03:26:36,116.56556,39.89731
7900,2008-02-07 03:31:36,116.56556,39.89731
7900,2008-02-07 03:36:36,116.56556,39.89731
7900,2008-02-07 03:41:36,116.56556,39.89731
7900,2008-02-07 03:51:36,116.56556,39.8973
7900,2008-02-07 03:56:36,116.56556,39.8973
7900,2008-02-07 04:01:36,116.56556,39.8973
7900,2008-02-07 04:06:36,107.414,29.92686
7900,2008-02-07 04:06:36,107.414,29.92686
7900,2008-02-07 04:11:36,116.56556,39.89729
7900,2008-02-07 04:16:36,116.56557,39.89729
7900,2008-02-07 04:21:36,116.56557,39.89729
7900,2008-02-07 04:26:36,116.56557,39.89729
7900,2008-02-07 04:31:36,116.56557,39.89729
7900,2008-02-07 04:36:36,116.56557,39.89729
7900,2008-02-07 04:41:36,116.56557,39.89729
7900,2008-02-07 04:46:36,116.56558,39.89729
7900,2008-02-07 04:51:36,116.56557,39.8973
7900,2008-02-07 04:56:36,116.56558,39.8973
7900,2008-02-07 05:01:36,116.56558,39.8973
7900,2008-02-07 05:06:36,116.56557,39.89729
7900,2008-02-07 05:11:36,116.56557,39.8973
7900,2008-02-07 05:16:36,116.56557,39.89729
7900,2008-02-07 05:26:36,116.56557,39.8973
7900,2008-02-07 05:31:36,116.56557,39.8973
7900,2008-02-07 05:36:36,116.56557,39.8973
7900,2008-02-07 05:41:36,116.56557,39.8973
7900,2008-02-07 05:46:36,116.56557,39.8973
7900,2008-02-07 05:56:36,116.56557,39.8973
7900,2008-02-07 06:01:36,116.56557,39.8973
7900,2008-02-07 06:06:36,116.56557,39.8973
7900,2008-02-07 06:11:36,116.56557,39.8973
7900,2008-02-07 06:16:36,116.56557,39.8973
7900,2008-02-07 06:21:36,116.56557,39.8973
7900,2008-02-07 06:26:36,116.56556,39.8973
7900,2008-02-07 06:31:36,116.56556,39.8973
7900,2008-02-07 06:36:36,116.56556,39.8973
7900,2008-02-07 06:41:36,116.56556,39.8973
7900,2008-02-07 06:41:36,116.56556,39.8973
7900,2008-02-07 06:46:36,116.56556,39.89731
7900,2008-02-07 06:51:36,116.56556,39.89731
7900,2008-02-07 06:56:36,116.56556,39.8973
7900,2008-02-07 07:01:36,116.56556,39.8973
7900,2008-02-07 07:06:36,116.56557,39.8973
7900,2008-02-07 07:11:36,116.56557,39.8973
7900,2008-02-07 07:16:36,116.56557,39.8973
7900,2008-02-07 07:21:36,116.56557,39.8973
7900,2008-02-07 07:26:36,116.56558,39.89731
7900,2008-02-07 07:31:36,116.56558,39.89731
7900,2008-02-07 07:36:36,116.56558,39.8973
7900,2008-02-07 07:41:36,116.56557,39.8973
7900,2008-02-07 07:46:36,116.56557,39.8973
7900,2008-02-07 07:51:36,116.56557,39.8973
7900,2008-02-07 07:56:36,116.56557,39.8973
7900,2008-02-07 08:01:35,116.56557,39.8973
7900,2008-02-07 08:06:35,116.56557,39.8973
7900,2008-02-07 08:11:35,116.56557,39.8973
7900,2008-02-07 08:16:35,116.56557,39.8973
7900,2008-02-07 08:21:35,116.56557,39.8973
7900,2008-02-07 08:26:35,116.56557,39.8973
7900,2008-02-07 08:31:35,116.56557,39.8973
7900,2008-02-07 08:36:35,116.56557,39.8973
7900,2008-02-07 08:41:35,116.56557,39.8973
7900,2008-02-07 08:46:35,116.56557,39.8973
7900,2008-02-07 08:56:35,116.56557,39.8973
7900,2008-02-07 09:01:35,116.56556,39.8973
7900,2008-02-07 09:06:35,116.56556,39.8973
7900,2008-02-07 09:06:35,116.56556,39.8973
7900,2008-02-07 09:11:35,116.56556,39.8973
7900,2008-02-07 09:16:35,116.56556,39.89729
7900,2008-02-07 09:21:35,116.56556,39.89729
7900,2008-02-07 09:26:35,116.56556,39.89729
7900,2008-02-07 09:31:35,116.56557,39.89728
7900,2008-02-07 09:36:35,116.56557,39.89728
7900,2008-02-07 09:41:35,116.56557,39.89728
7900,2008-02-07 09:46:35,116.56557,39.89727
7900,2008-02-07 09:56:35,116.56557,39.89727
7900,2008-02-07 10:01:35,116.56557,39.89727
7900,2008-02-07 10:06:35,116.56558,39.89727
7900,2008-02-07 10:11:35,116.56558,39.89726
7900,2008-02-07 10:16:35,116.56558,39.89726
7900,2008-02-07 10:21:35,116.56565,39.89712
7900,2008-02-07 10:26:35,116.56564,39.89711
7900,2008-02-07 10:31:35,116.56563,39.89712
7900,2008-02-07 10:36:35,116.56563,39.89714
7900,2008-02-07 10:41:35,116.56562,39.89713
7900,2008-02-07 10:46:35,116.56563,39.89714
7900,2008-02-07 10:51:35,116.56563,39.89715
7900,2008-02-07 10:56:35,116.56563,39.89717
7900,2008-02-07 11:01:35,116.56563,39.89717
7900,2008-02-07 11:06:35,116.56562,39.89719
7900,2008-02-07 11:11:35,116.56559,39.89758
7900,2008-02-07 11:16:35,116.56565,39.89752
7900,2008-02-07 11:21:35,116.56568,39.8975
7900,2008-02-07 11:26:35,116.5657,39.8975
7900,2008-02-07 11:31:35,116.56571,39.89751
7900,2008-02-07 11:31:35,116.56571,39.89751
7900,2008-02-07 11:36:35,116.56573,39.89752
7900,2008-02-07 11:41:35,116.56567,39.89733
7900,2008-02-07 11:46:35,116.56564,39.89728
7900,2008-02-07 11:51:35,116.56564,39.89728
7900,2008-02-07 11:56:35,116.56564,39.89727
7900,2008-02-07 12:01:35,116.56564,39.89727
7900,2008-02-07 12:06:35,116.56565,39.89727
7900,2008-02-07 12:11:35,116.57148,39.9048
7900,2008-02-07 12:12:33,116.57119,39.90755
7900,2008-02-07 12:17:33,116.54042,39.90943
7900,2008-02-07 12:22:33,116.51541,39.91521
7900,2008-02-07 12:27:09,116.49667,39.91471
7900,2008-02-07 12:32:09,116.49603,39.92816
7900,2008-02-07 12:37:09,116.51114,39.92629
7900,2008-02-07 12:42:09,116.51199,39.91727
7900,2008-02-07 12:47:09,116.51204,39.91731
7900,2008-02-07 12:48:35,116.51224,39.91637
7900,2008-02-07 12:53:35,116.49512,39.91441
7900,2008-02-07 12:58:35,116.46265,39.91544
7900,2008-02-07 12:58:35,116.46265,39.91544
7900,2008-02-07 13:03:35,116.45007,39.93991
7900,2008-02-07 13:09:43,116.43187,39.93983
7900,2008-02-07 13:14:43,116.42507,39.94822
7900,2008-02-07 13:19:41,116.41576,39.948
7900,2008-02-07 13:24:43,116.4116,39.94781
7900,2008-02-07 13:25:02,116.41132,39.94773
7900,2008-02-07 13:34:43,116.34619,39.93939
7900,2008-02-07 13:39:43,116.3402,39.9556
7900,2008-02-07 13:44:44,116.3266,39.95591
7900,2008-02-07 13:44:49,116.32644,39.95628
7900,2008-02-07 13:54:43,116.29454,39.9585
7900,2008-02-07 13:59:43,116.2822,39.95115
7900,2008-02-07 14:00:51,116.2807,39.95103
7900,2008-02-07 14:00:51,116.2807,39.95103
7900,2008-02-07 14:05:51,116.29324,39.95784
7900,2008-02-07 14:10:51,116.30542,39.96195
7900,2008-02-07 14:15:51,116.33074,39.96606
7900,2008-02-07 14:20:51,116.33075,39.96604
7900,2008-02-07 14:20:51,116.33075,39.96604
7900,2008-02-07 14:25:51,116.33867,39.96604
7900,2008-02-07 14:30:51,116.3387,39.96604
7900,2008-02-07 14:35:51,116.33876,39.96603
7900,2008-02-07 14:40:51,116.37601,39.96663
7900,2008-02-07 14:45:18,116.3963,39.9674
7900,2008-02-07 14:50:18,116.40175,39.95448
7900,2008-02-07 14:51:30,116.40201,39.95104
7900,2008-02-07 14:55:18,116.37296,39.94759
7900,2008-02-07 15:00:17,116.35039,39.94672
7900,2008-02-07 15:05:17,116.34903,39.94301
7900,2008-02-07 15:05:42,116.34903,39.943
7900,2008-02-07 15:10:42,116.3438,39.94325
7900,2008-02-07 15:15:42,116.33809,39.95973
7900,2008-02-07 15:16:02,116.33874,39.95885
7900,2008-02-07 15:20:42,116.35499,39.95153
7900,2008-02-07 15:25:42,116.36329,39.96591
7900,2008-02-07 15:28:39,116.38196,39.96641
7900,2008-02-07 15:33:39,116.39016,39.98645
7900,2008-02-07 15:38:39,116.44731,39.97998
7900,2008-02-07 15:44:55,116.4606,39.9786
7900,2008-02-07 15:49:55,116.46247,39.99256
7900,2008-02-07 15:52:26,116.46643,39.9991
7900,2008-02-07 15:57:26,116.48105,39.98795
7900,2008-02-07 15:57:26,116.48105,39.98795
7900,2008-02-07 16:02:26,116.48424,39.97043
7900,2008-02-07 16:04:28,116.48385,39.96551
7900,2008-02-07 16:09:28,116.46921,39.96652
7900,2008-02-07 16:14:28,116.4515,39.9515
7900,2008-02-07 16:16:18,116.44756,39.9509
7900,2008-02-07 16:20:17,116.45783,39.95661
7900,2008-02-07 16:25:17,116.47393,39.9777
7900,2008-02-07 16:30:17,116.46772,39.98923
7900,2008-02-07 16:33:31,116.46353,39.99622
7900,2008-02-07 16:38:31,116.47627,39.98327
7900,2008-02-07 16:43:28,116.48079,39.9729
7900,2008-02-07 16:48:28,116.47121,39.95301
7900,2008-02-07 16:51:57,116.46288,39.94494
7900,2008-02-07 16:53:34,116.46701,39.94398
7900,2008-02-07 16:56:57,116.46992,39.95352
7900,2008-02-07 17:01:57,116.4686,39.93684
7900,2008-02-07 17:05:50,116.47302,39.92574
7900,2008-02-07 17:10:49,116.47138,39.91285
7900,2008-02-07 17:13:23,116.4692,39.90752
7900,2008-02-07 17:18:23,116.4753,39.90675
7900,2008-02-07 19:55:17,116.56578,39.89731
7900,2008-02-07 20:00:16,116.56579,39.89733
7900,2008-02-07 20:05:16,116.56577,39.89732
7900,2008-02-07 20:10:16,116.56577,39.89732
7900,2008-02-07 20:15:16,116.56577,39.89732
7900,2008-02-07 20:20:16,116.56577,39.89732
7900,2008-02-07 20:25:16,116.57049,39.89629
7900,2008-02-07 20:27:15,116.57149,39.90435
7900,2008-02-07 20:32:15,116.57657,39.91873
7900,2008-02-07 20:36:14,116.58731,39.92092
7900,2008-02-07 20:41:06,116.58553,39.91408
7900,2008-02-07 20:46:05,116.56277,39.9147
7900,2008-02-07 20:51:05,116.54282,39.91493
7900,2008-02-07 20:56:05,116.51348,39.91572
7900,2008-02-07 20:57:53,116.51008,39.91506
7900,2008-02-07 21:02:53,116.48738,39.91455
7900,2008-02-07 21:07:53,116.48745,39.91456
7900,2008-02-07 21:08:51,116.48609,39.91449
7900,2008-02-07 21:13:51,116.47188,39.91252
7900,2008-02-07 21:18:51,116.45494,39.9036
7900,2008-02-07 21:23:07,116.44291,39.8981
7900,2008-02-07 21:24:23,116.44571,39.89764
7900,2008-02-07 21:29:23,116.45183,39.8957
7900,2008-02-07 21:34:23,116.45453,39.89204
7900,2008-02-07 21:39:23,116.46346,39.89883
7900,2008-02-07 21:42:23,116.46247,39.89942
7900,2008-02-07 21:45:15,116.46476,39.89911
7900,2008-02-07 21:50:15,116.45547,39.92354
7900,2008-02-07 21:50:15,116.45547,39.92354
7900,2008-02-07 21:55:15,116.4544,39.93256
7900,2008-02-07 21:55:21,116.4544,39.93256
7900,2008-02-07 22:00:21,116.45384,39.93182
7900,2008-02-07 22:05:20,116.45522,39.91912
7900,2008-02-07 22:06:21,116.45473,39.91794
7900,2008-02-07 22:11:21,116.45483,39.88405
7900,2008-02-07 22:16:15,116.44824,39.88034
7900,2008-02-07 22:21:14,116.45553,39.88731
7900,2008-02-07 22:26:14,116.46904,39.89182
7900,2008-02-07 22:31:14,116.46917,39.89242
7900,2008-02-07 22:36:14,116.46929,39.89256
7900,2008-02-07 22:41:14,116.47165,39.89941
7900,2008-02-07 22:46:14,116.49012,39.9064
7900,2008-02-07 22:59:39,116.49133,39.89763
7900,2008-02-07 23:06:03,116.48639,39.8994
7900,2008-02-08 01:42:39,116.56551,39.89724
7900,2008-02-08 01:47:39,116.56554,39.89725
7900,2008-02-08 01:52:38,116.56554,39.89726
7900,2008-02-08 01:57:38,116.56555,39.89727
7900,2008-02-08 02:22:38,116.56552,39.89728
7900,2008-02-08 02:47:38,116.56556,39.89733
7900,2008-02-08 02:52:38,116.56556,39.89733
7900,2008-02-08 02:57:38,116.56557,39.89734
7900,2008-02-08 03:02:38,116.56558,39.89734
7900,2008-02-08 03:07:38,116.56557,39.89735
7900,2008-02-08 03:12:38,116.56556,39.89737
7900,2008-02-08 03:17:38,116.56555,39.89737
7900,2008-02-08 03:22:38,116.56555,39.89738
7900,2008-02-08 03:27:38,116.56555,39.89738
7900,2008-02-08 03:32:38,116.56555,39.89738
7900,2008-02-08 03:37:38,116.56555,39.89738
7900,2008-02-08 03:42:38,116.56555,39.89737
7900,2008-02-08 03:47:38,116.56556,39.89736
7900,2008-02-08 03:52:38,116.56556,39.89735
7900,2008-02-08 03:57:38,116.56556,39.89735
7900,2008-02-08 03:57:38,116.56556,39.89735
7900,2008-02-08 04:02:38,116.56557,39.89734
7900,2008-02-08 04:07:38,116.56557,39.89734
7900,2008-02-08 04:12:38,116.56557,39.89733
7900,2008-02-08 04:22:38,116.56558,39.89732
7900,2008-02-08 04:27:38,116.56558,39.89732
7900,2008-02-08 04:32:38,116.56558,39.89732
7900,2008-02-08 04:37:37,116.56558,39.89732
7900,2008-02-08 04:37:37,116.56558,39.89732
7900,2008-02-08 04:42:37,116.56558,39.89732
7900,2008-02-08 04:42:37,116.56558,39.89732
7900,2008-02-08 04:47:37,116.56558,39.89732
7900,2008-02-08 04:52:37,116.56558,39.89732
7900,2008-02-08 04:57:37,116.56558,39.89732
7900,2008-02-08 05:02:37,116.56558,39.89732
7900,2008-02-08 05:07:37,116.56558,39.89732
7900,2008-02-08 05:12:37,116.56557,39.89731
7900,2008-02-08 05:17:37,116.56557,39.89731
7900,2008-02-08 05:22:37,116.56557,39.89731
7900,2008-02-08 05:27:37,116.56557,39.89731
7900,2008-02-08 05:32:37,116.56557,39.89731
7900,2008-02-08 05:37:37,116.56557,39.89731
7900,2008-02-08 05:42:37,116.56557,39.89731
7900,2008-02-08 05:47:37,116.56557,39.89731
7900,2008-02-08 05:52:37,116.56557,39.89731
7900,2008-02-08 05:57:37,116.56557,39.89731
7900,2008-02-08 06:02:37,116.56557,39.89731
7900,2008-02-08 06:07:37,116.56557,39.89731
7900,2008-02-08 06:12:37,116.56557,39.8973
7900,2008-02-08 06:17:37,116.56557,39.8973
7900,2008-02-08 06:22:37,116.56557,39.8973
7900,2008-02-08 06:22:37,116.56557,39.8973
7900,2008-02-08 06:32:37,116.56557,39.8973
7900,2008-02-08 06:37:37,116.56557,39.8973
7900,2008-02-08 06:42:37,116.56557,39.8973
7900,2008-02-08 06:47:37,116.56557,39.8973
7900,2008-02-08 06:52:37,116.56557,39.8973
7900,2008-02-08 06:57:37,116.56557,39.8973
7900,2008-02-08 07:02:37,116.56557,39.89729
7900,2008-02-08 07:07:37,116.56557,39.89729
7900,2008-02-08 07:12:37,116.56557,39.89729
7900,2008-02-08 07:17:37,116.56557,39.89729
7900,2008-02-08 07:22:37,116.56557,39.8973
7900,2008-02-08 07:27:37,116.56557,39.8973
7900,2008-02-08 07:32:37,116.56557,39.8973
7900,2008-02-08 07:37:37,116.56557,39.8973
7900,2008-02-08 07:42:37,116.56557,39.8973
7900,2008-02-08 07:47:37,116.5656,39.89729
7900,2008-02-08 07:52:37,116.5656,39.89729
7900,2008-02-08 07:57:37,116.56559,39.89729
7900,2008-02-08 08:02:37,116.56559,39.89729
7900,2008-02-08 08:07:37,116.56559,39.89729
7900,2008-02-08 08:12:37,116.56559,39.89729
7900,2008-02-08 08:17:37,116.56559,39.89729
7900,2008-02-08 08:22:37,116.56559,39.89729
7900,2008-02-08 08:27:37,116.56559,39.89729
7900,2008-02-08 08:37:37,116.56559,39.89729
7900,2008-02-08 08:42:37,116.56559,39.89728
7900,2008-02-08 08:47:37,116.56559,39.89728
7900,2008-02-08 08:47:37,116.56559,39.89728
7900,2008-02-08 08:52:37,116.56559,39.89728
7900,2008-02-08 08:57:37,116.56559,39.89728
7900,2008-02-08 09:02:37,116.56559,39.89728
7900,2008-02-08 09:07:37,116.56559,39.89727
7900,2008-02-08 09:12:36,116.56559,39.89727
7900,2008-02-08 09:17:36,116.56559,39.89727
7900,2008-02-08 09:22:36,116.56559,39.89726
7900,2008-02-08 09:27:36,116.56559,39.89726
7900,2008-02-08 09:32:36,116.56559,39.89726
7900,2008-02-08 09:37:36,116.56559,39.89726
7900,2008-02-08 09:42:36,116.56559,39.89725
7900,2008-02-08 09:42:36,116.56559,39.89725
7900,2008-02-08 09:47:36,116.56559,39.89725
7900,2008-02-08 09:52:36,116.56559,39.89725
7900,2008-02-08 09:57:36,116.56559,39.89725
7900,2008-02-08 10:02:36,116.5656,39.89725
7900,2008-02-08 10:07:36,116.5656,39.89725
7900,2008-02-08 10:12:36,116.56559,39.89725
7900,2008-02-08 10:17:36,116.56559,39.89725
7900,2008-02-08 10:22:36,116.56559,39.89725
7900,2008-02-08 10:27:36,116.56559,39.89725
7900,2008-02-08 10:32:36,116.56559,39.89724
7900,2008-02-08 10:37:36,116.56559,39.89724
7900,2008-02-08 10:42:36,116.56559,39.89724
7900,2008-02-08 10:47:36,116.56559,39.89724
7900,2008-02-08 10:52:36,116.56559,39.89724
7900,2008-02-08 10:57:36,116.5656,39.89724
7900,2008-02-08 11:02:36,116.5656,39.89725
7900,2008-02-08 11:07:36,116.57131,39.90487
7900,2008-02-08 11:12:36,116.59462,39.90899
7900,2008-02-08 11:12:36,116.59462,39.90899
7900,2008-02-08 11:17:36,116.62935,39.91641
7900,2008-02-08 11:22:25,116.63639,39.92157
7900,2008-02-08 11:27:36,116.65186,39.94096
7900,2008-02-08 11:32:36,116.66985,39.97517
7900,2008-02-08 11:37:36,116.67083,40.02072
7900,2008-02-08 11:42:36,116.66119,40.04677
7900,2008-02-08 11:47:36,116.65496,40.0877
7900,2008-02-08 11:52:36,116.65299,40.1109
7900,2008-02-08 11:57:36,116.66421,40.11491
7900,2008-02-08 12:02:36,116.69527,40.12443
7900,2008-02-08 12:07:36,116.69399,40.13651
7900,2008-02-08 12:12:36,116.71614,40.16941
7900,2008-02-08 12:17:36,116.72139,40.19844
7900,2008-02-08 12:22:36,116.75208,40.21755
7900,2008-02-08 12:27:36,116.77012,40.24351
7900,2008-02-08 12:32:36,116.77307,40.24407
7900,2008-02-08 12:37:36,116.80631,40.24006
7900,2008-02-08 12:42:36,116.81976,40.23539
7900,2008-02-08 12:47:36,116.85688,40.231
7900,2008-02-08 12:52:36,116.88261,40.23514
7900,2008-02-08 12:57:36,116.90928,40.25307
7900,2008-02-08 13:02:36,116.92684,40.27778
7900,2008-02-08 13:07:36,116.94418,40.2686
7900,2008-02-08 13:12:36,116.94422,40.26858
7900,2008-02-08 13:17:36,116.93987,40.28116
7900,2008-02-08 13:22:36,116.95158,40.28772
7900,2008-02-08 13:27:36,116.95162,40.28764
7900,2008-02-08 13:32:36,116.95163,40.28762
7900,2008-02-08 13:37:36,116.93576,40.28017
7900,2008-02-08 13:37:36,116.93576,40.28017
7900,2008-02-08 13:42:36,116.88985,40.27789
7900,2008-02-08 13:47:35,116.87032,40.31166
7900,2008-02-08 13:52:35,116.86437,40.33697
7900,2008-02-08 13:57:35,116.83872,40.35763
7900,2008-02-08 14:02:35,116.84499,40.37088
7900,2008-02-08 14:07:35,116.85329,40.37978
7900,2008-02-08 14:12:35,116.85326,40.37973
7900,2008-02-08 14:17:35,116.84686,40.38301
7900,2008-02-08 14:22:35,116.84687,40.383
7900,2008-02-08 14:27:35,116.8469,40.38301
7900,2008-02-08 14:32:35,116.8469,40.38299
7900,2008-02-08 14:37:35,116.84688,40.38299
7900,2008-02-08 14:42:35,116.84688,40.38297
7900,2008-02-08 14:47:33,116.84698,40.38315
7900,2008-02-08 14:52:30,116.84692,40.3832
7900,2008-02-08 14:57:35,116.84689,40.3832
7900,2008-02-08 15:02:35,116.84687,40.38324
7900,2008-02-08 15:07:35,116.84687,40.38323
7900,2008-02-08 15:12:35,116.84684,40.38287
7900,2008-02-08 15:17:35,116.84684,40.38292
7900,2008-02-08 15:22:35,116.84684,40.38293
7900,2008-02-08 15:27:35,116.84684,40.38295
7900,2008-02-08 15:32:35,116.84685,40.38296
7900,2008-02-08 15:37:35,116.84685,40.38297
7900,2008-02-08 15:42:35,116.84685,40.38297
7900,2008-02-08 15:47:35,116.84685,40.38296
7900,2008-02-08 15:52:35,116.84685,40.38295
7900,2008-02-08 15:57:35,116.84685,40.38295
7900,2008-02-08 16:02:35,116.84685,40.38295
7900,2008-02-08 16:02:35,116.84685,40.38295
7900,2008-02-08 16:07:35,116.84685,40.38295
7900,2008-02-08 16:12:35,116.84685,40.38295
7900,2008-02-08 16:17:35,116.84685,40.38296
7900,2008-02-08 16:22:35,116.84692,40.38323
7900,2008-02-08 16:27:35,116.84693,40.38315
7900,2008-02-08 16:32:35,116.84692,40.38311
7900,2008-02-08 16:37:35,116.84691,40.3831
7900,2008-02-08 16:42:35,116.84691,40.38288
7900,2008-02-08 16:47:35,116.84687,40.38291
7900,2008-02-08 16:52:35,116.84705,40.3831
7900,2008-02-08 16:57:35,116.84696,40.38284
7900,2008-02-08 17:02:35,116.84703,40.38258
7900,2008-02-08 17:07:35,116.84676,40.38321
7900,2008-02-08 17:12:33,116.84691,40.38305
7900,2008-02-08 17:17:35,116.84692,40.38311
7900,2008-02-08 17:22:35,116.8469,40.38308
7900,2008-02-08 17:27:35,116.84673,40.38294
7900,2008-02-08 17:32:35,116.84677,40.38298
7900,2008-02-08 17:37:35,116.8468,40.38301
